{"type": "FeatureCollection", "features": [{"type": "Feature", "properties": {"name": "India"}, "geometry": {"type": "MultiPolygon", "coordinates": [[[[77.51873419405028, 35.48565732389375], [77.535005, 35.488498], [77.551535, 35.484139001000074], [77.572583, 35.483289], [77.594732, 35.469021001000044], [77.61701, 35.469148], [77.633563, 35.464061], [77.639052, 35.48389], [77.65184, 35.486822], [77.672215, 35.46682000100003], [77.68652001847039, 35.45400532245306], [77.702936, 35.46403200100008], [77.725611, 35.47113100100006], [77.736847, 35.48745400100006], [77.755355, 35.499783], [77.773058, 35.49903500100004], [77.790156, 35.505674], [77.8026, 35.51900800100003], [77.817206, 35.519333001000064], [77.82303826400005, 35.512944478000065], [77.82440856600005, 35.51042508300003], [77.82645622000007, 35.50782460900007], [77.82863636700006, 35.50378931900008], [77.83843331300005, 35.50365743200007], [77.84127117100007, 35.50132965100005], [77.84358581000004, 35.498343945000045], [77.84760402500007, 35.49436998300007], [77.872379, 35.494246], [77.91099100100007, 35.46209900100007], [77.928826, 35.505704001000026], [77.933064, 35.53796300100004], [77.951213, 35.552350001000036], [77.978234, 35.57087900100004], [78.004396, 35.568515], [78.032281, 35.57370600100006], [78.048269, 35.578246], [78.076169, 35.552894], [78.095018, 35.538523001000044], [78.127933, 35.546317], [78.160056, 35.58533300100004], [78.176712, 35.620948], [78.194399, 35.658135], [78.223726, 35.689125], [78.288587, 35.726935], [78.346806, 35.722833001000026], [78.410419, 35.732208], [78.448362, 35.77876700100006], [78.526214, 35.76244100100007], [78.594616, 35.805983], [78.681588, 35.851107], [78.778479, 35.865868], [78.842009, 35.946545], [78.911475, 35.95182100100004], [78.97959, 35.935215], [79.028424, 35.91423], [79.089317, 35.946545], [79.14999, 35.944127], [79.2399, 35.930497], [79.338603, 35.97929900100007], [79.438871, 35.970276], [79.454269, 35.925395], [79.45450500100003, 35.876924], [79.496985, 35.847651], [79.543648, 35.876172], [79.582133, 35.884773], [79.572811, 35.84558100100003], [79.587518, 35.809112001000074], [79.626401, 35.77945000100004], [79.639695, 35.747705], [79.661256, 35.719319], [79.676923, 35.682944], [79.704278, 35.639045], [79.754394, 35.63227200100005], [79.812361, 35.626568], [79.844681, 35.577562], [79.87655, 35.597706], [79.924588, 35.618994], [79.957585, 35.632809], [79.991135, 35.603048], [79.964374, 35.567841], [79.995429, 35.520258], [80.028027, 35.45506100100005], [80.08799, 35.43245600100005], [80.136611, 35.485], [80.166197, 35.552757], [80.212955, 35.57027700100008], [80.273094, 35.559537], [80.314672, 35.52420900100003], [80.362846, 35.52649300100006], [80.414678, 35.469845], [80.334534, 35.382656], [80.274777, 35.311437], [80.271208, 35.203886], [80.21124600100006, 35.128219], [80.22963700100007, 34.982446], [80.192489, 34.957516001000045], [80.202225, 34.898584], [80.120462, 34.837705], [80.098992, 34.774536], [80.07605, 34.708281001000046], [80.015284, 34.693680001000075], [79.958781, 34.683642], [79.898478, 34.69619000100005], [79.825913, 34.645495], [79.794363, 34.59731], [79.809075, 34.522418], [79.714491, 34.47839800100007], [79.638824, 34.453889], [79.54429, 34.477951001000065], [79.529233, 34.42317100100007], [79.567583, 34.333075001000054], [79.608333, 34.263518], [79.544859, 34.20291800100006], [79.497984, 34.168416], [79.424934, 34.11202300100007], [79.430407, 34.061341], [79.410182, 34.01018200100003], [79.33166, 34.00447100100007], [79.245999, 34.021366], [79.161528, 34.012324], [79.018998, 34.016131001000076], [78.905498, 34.005185], [78.949994, 33.863369], [79.021849, 33.67807300100003], [79.003527, 33.607403], [78.930954, 33.480578001000026], [78.939899, 33.38164], [78.950499, 33.36524700100006], [78.956637, 33.350926], [78.969018, 33.336818], [78.977919, 33.329964001000064], [78.997101, 33.325314], [79.01298900100005, 33.323375001000045], [79.026725, 33.320346], [79.03358, 33.30708800100007], [79.03219800100004, 33.294441], [79.034404, 33.279563], [79.042055, 33.264684], [79.060069, 33.255412001000025], [79.077365, 33.242526], [79.070032, 33.227594], [79.08366200100005, 33.22052700100005], [79.099444, 33.207641], [79.114375, 33.20182300100004], [79.136826, 33.19273600100007], [79.151971, 33.18186900100005], [79.166881, 33.197302], [79.178219, 33.210882], [79.19559, 33.216157001000056], [79.209612, 33.219189], [79.220129, 33.23678], [79.2447, 33.225347], [79.265217, 33.218784], [79.281905, 33.206335], [79.301739, 33.192565], [79.325299, 33.195849], [79.346301, 33.20213400100005], [79.36875700100006, 33.198249], [79.392286, 33.199797001000036], [79.411425, 33.18239500100003], [79.397971, 33.169888], [79.399044, 33.151223], [79.38195900100004, 33.12630900100004], [79.366545, 33.099174], [79.359082, 33.063018], [79.338809, 33.02658300100006], [79.337804, 32.992897], [79.357954, 32.967536], [79.353722, 32.950734], [79.36916600100005, 32.94047], [79.389284, 32.94366000100007], [79.396453, 32.928247], [79.399264, 32.912077], [79.417108, 32.90026500100004], [79.434195, 32.891549001000044], [79.45207, 32.888832], [79.471841, 32.87758900100005], [79.472346, 32.86050300100004], [79.466409, 32.830341], [79.47744, 32.81414900100003], [79.486366, 32.79632600100007], [79.510248, 32.782226001000026], [79.530049, 32.777672], [79.546274, 32.764685], [79.543609, 32.731088001000046], [79.554099, 32.72069900100007], [79.552008, 32.706937], [79.53986400100007, 32.692466], [79.540876, 32.671957], [79.51192, 32.646269], [79.488261, 32.62874400100003], [79.461784, 32.6053], [79.448748, 32.59005], [79.436741, 32.571832], [79.427879, 32.556176], [79.430182, 32.541133], [79.418054, 32.532358], [79.403342, 32.521941], [79.380747, 32.52753500100005], [79.363202, 32.53201], [79.345258, 32.533232], [79.33485, 32.549908], [79.332809, 32.56285200100007], [79.312577, 32.55938300100007], [79.294437, 32.540633], [79.281791, 32.55177400100007], [79.264698, 32.536765], [79.253636, 32.52846], [79.248154, 32.5167], [79.220715, 32.522447001000046], [79.210517, 32.511086], [79.183401, 32.512046001000044], [79.178352, 32.49699600100007], [79.15320500100006, 32.489787], [79.135034, 32.480153], [79.128556, 32.466799], [79.118789, 32.452515], [79.121314, 32.43530700100007], [79.125134, 32.419096], [79.113009, 32.411688], [79.102877, 32.39853300100003], [79.104571, 32.37680700100003], [79.087264, 32.372289], [79.063512, 32.38624100100003], [79.028182, 32.37969000100003], [78.99101000100006, 32.371351], [78.97778800100008, 32.346636001000036], [78.960879, 32.340590001000066], [78.943871, 32.353147001000025], [78.919986, 32.36623600100006], [78.902811, 32.38696500100008], [78.89444, 32.39849200100008], [78.874309, 32.405269], [78.85637, 32.414637001000074], [78.841255, 32.411348], [78.833715, 32.423739], [78.815975, 32.43244200100003], [78.805345, 32.450879], [78.79621, 32.47230600100005], [78.780962, 32.48094300100007], [78.778935, 32.499945], [78.779367, 32.516854], [78.768139, 32.53492500100003], [78.762292, 32.552332], [78.757874, 32.56645], [78.774085, 32.585054], [78.778039, 32.600833], [78.775613, 32.618672], [78.770431, 32.63013300100005], [78.76093000100008, 32.635913], [78.751776, 32.64615], [78.740896, 32.66048], [78.74484, 32.67556700100005], [78.747305, 32.691146], [78.73946969700006, 32.695725261000064], [78.728571, 32.68122], [78.7124, 32.66948600100005], [78.695255, 32.66427800100007], [78.662441, 32.65639800100007], [78.632621, 32.641393], [78.640974, 32.609871001000045], [78.61735106600008, 32.60364629500003], [78.601793, 32.60076200100008], [78.580334, 32.60555700100008], [78.56117500100004, 32.620859], [78.546396, 32.617791], [78.531991, 32.614203], [78.515016, 32.612809], [78.507041, 32.589991], [78.491053, 32.584157], [78.474693, 32.576495], [78.45802, 32.58022], [78.446536, 32.573646], [78.429018, 32.569866], [78.41274800100007, 32.559743], [78.402263, 32.545051], [78.394817, 32.534753], [78.403711, 32.526412], [78.416542, 32.515801], [78.426739, 32.49862900100004], [78.439655, 32.482727], [78.452099, 32.473506], [78.452187, 32.459289], [78.462857, 32.448442], [78.471665, 32.438866], [78.469862, 32.418649], [78.470335, 32.400679], [78.456147, 32.389359], [78.465931, 32.372689001000026], [78.483546, 32.36249200100008], [78.481258, 32.34560000100004], [78.477699, 32.33039300100006], [78.486647, 32.323934001000055], [78.499116, 32.32173600100003], [78.510376, 32.303065], [78.49807, 32.288992001000054], [78.49439, 32.27573200100005], [78.511342, 32.266576], [78.52257, 32.254419], [78.531788, 32.243809], [78.542226, 32.22884400100003], [78.554979, 32.21155100100003], [78.567467, 32.202663], [78.583821, 32.202392], [78.598625, 32.189974], [78.598773, 32.17379200100004], [78.596117, 32.15911100100004], [78.60860843500006, 32.150598598000045], [78.61244545400007, 32.148829497000065], [78.618527, 32.143782001000034], [78.63107446200007, 32.12639569600003], [78.65558204600006, 32.11710093900007], [78.67580717100003, 32.11539241600008], [78.68686958100005, 32.10498832300004], [78.69385227500004, 32.09367274600004], [78.69002664200008, 32.08761076700006], [78.68654, 32.074594], [78.709443, 32.05506500100006], [78.718566, 32.04209], [78.72519, 32.021454], [78.733741, 32.00623900100004], [78.765553, 32.003881], [78.773951, 31.984431001000075], [78.766548, 31.96114700100003], [78.763739, 31.926575], [78.74385752700005, 31.902412033000076], [78.74165329100003, 31.883631132000062], [78.74894200300008, 31.87378847000008], [78.74689608100005, 31.871106696000027], [78.74609074500006, 31.86965810600003], [78.74443051900005, 31.867518089000043], [78.74147630600004, 31.860972925000056], [78.74366147200004, 31.85644025000005], [78.74402404300008, 31.853480279000053], [78.74244241800005, 31.85055787400006], [78.73615506000004, 31.837636816000042], [78.72078200500005, 31.82550276300003], [78.70878168900003, 31.814488105000066], [78.70310806300006, 31.808065829000043], [78.70657044600006, 31.785953232000054], [78.707809, 31.772407], [78.718902, 31.76470900100003], [78.725838, 31.749122], [78.730725, 31.73389700100006], [78.735217, 31.723495], [78.743374, 31.714743001000045], [78.753347, 31.696051], [78.752191, 31.679869], [78.767779, 31.67465100100003], [78.780526, 31.677624], [78.799317, 31.680332], [78.79925100100007, 31.663588], [78.801596, 31.649024001000043], [78.814542, 31.637829001000057], [78.826166, 31.629837001000055], [78.836338, 31.622935], [78.843471, 31.616561], [78.843108, 31.601304001000074], [78.830559, 31.593741], [78.822401, 31.578649], [78.806715, 31.574323], [78.781187, 31.556093], [78.768935, 31.544171], [78.752026, 31.540836], [78.734721, 31.53568400100005], [78.728414, 31.521781], [78.720323, 31.507745], [78.727027, 31.48928500100004], [78.73482, 31.483307], [78.749252, 31.485024], [78.762528, 31.47614100100003], [78.773921, 31.460223], [78.79367, 31.445032], [78.789707, 31.43499200100007], [78.77904, 31.422443], [78.77227, 31.413791], [78.763023, 31.40147200100006], [78.755692, 31.388626], [78.757541, 31.374921], [78.750441, 31.364452], [78.759952, 31.356394], [78.769529, 31.349029001000076], [78.769265, 31.337306], [78.768836, 31.328984001000038], [78.778049, 31.319902], [78.785348, 31.308046], [78.80077, 31.305965], [78.814707, 31.303753], [78.833828, 31.29417600100004], [78.853973, 31.294737001000044], [78.85143, 31.308706], [78.867177, 31.308766], [78.880818, 31.293858001000046], [78.901325, 31.2967], [78.904561, 31.308556], [78.91760600100008, 31.315689], [78.922395, 31.325762001000044], [78.931939, 31.341581001000065], [78.941879, 31.352347001000055], [78.943861, 31.365656], [78.969686, 31.356904], [78.989203, 31.356211], [78.99234, 31.345279], [79.013278, 31.347162001000072], [79.015425, 31.364335], [79.011528, 31.384149], [79.016548, 31.40102500100005], [79.017505, 31.42226000100004], [79.025894, 31.430086], [79.053667, 31.428898], [79.07051, 31.452972001000035], [79.09165, 31.451837], [79.107832, 31.445661001000076], [79.137092, 31.434433], [79.154661, 31.40907], [79.17725, 31.385491], [79.174509, 31.360953], [79.198881, 31.35491], [79.222031, 31.346489], [79.231774, 31.331694001000074], [79.222262, 31.31930900100008], [79.230387, 31.303292], [79.249574, 31.29114], [79.243233, 31.274099], [79.227348, 31.263168001000054], [79.248649, 31.249066001000074], [79.265128, 31.23849800100004], [79.288708, 31.23011000100007], [79.300266, 31.215084], [79.30479100100007, 31.199794], [79.306442, 31.185989], [79.305551, 31.167264], [79.312353, 31.148275], [79.335405, 31.132655], [79.358588, 31.122979], [79.378087, 31.1136], [79.393674, 31.117365], [79.406223, 31.113897001000055], [79.417254, 31.087775], [79.420892, 31.053045], [79.424343, 31.030731], [79.439729, 31.024095001000035], [79.461717, 31.031414], [79.481982, 31.033723], [79.506865, 31.03239], [79.51880200100004, 31.006628], [79.519193, 30.994788], [79.540921, 30.973776], [79.551557, 30.959887], [79.57876904700004, 30.948935697000024], [79.61305400100008, 30.943201001000034], [79.647908, 30.959938], [79.664469, 30.98078200100008], [79.703531, 30.974101], [79.737016, 30.980759001000024], [79.747874, 30.99982], [79.762968, 30.9975], [79.775642, 30.986541], [79.799914, 30.977666], [79.821361, 30.971548], [79.845297, 30.973968], [79.863686, 30.97245500100007], [79.879839, 30.956516], [79.884696, 30.939638], [79.891419, 30.916905], [79.91292, 30.907797], [79.92697100100008, 30.887891], [79.950196, 30.883142], [79.979339, 30.878257], [80.000514, 30.866287001000046], [80.018275, 30.853389], [80.04125100100003, 30.837187], [80.061385, 30.830096001000072], [80.080577, 30.809767], [80.097881, 30.79200700100006], [80.116584, 30.780947001000072], [80.128684, 30.784786], [80.142769, 30.79210400100004], [80.153373, 30.793796], [80.159878, 30.807913], [80.172531, 30.808693], [80.18333, 30.798057], [80.188632, 30.789242], [80.198227, 30.773531], [80.206002, 30.759610001000055], [80.214036, 30.752811001000055], [80.228955, 30.758147], [80.248098, 30.743572], [80.247708, 30.726788], [80.243707, 30.715696001000026], [80.233363, 30.706198001000075], [80.23170400100008, 30.690455], [80.218921, 30.687365], [80.205878, 30.687462], [80.197844, 30.68102200100003], [80.193875, 30.66908500100004], [80.195925, 30.661701], [80.206723, 30.650251001000072], [80.219409, 30.64277], [80.215148, 30.629466], [80.214009, 30.619773], [80.214497, 30.603867], [80.213596, 30.583663], [80.241179, 30.575076], [80.266469, 30.568147001000057], [80.296069, 30.567887], [80.318448, 30.552795], [80.336142, 30.529212], [80.363943, 30.527234001000068], [80.383882, 30.518094], [80.40987100100006, 30.523688], [80.420442, 30.514938], [80.438202, 30.505018001000053], [80.454141, 30.49565], [80.470176, 30.491454], [80.491612, 30.485957], [80.507225, 30.475678], [80.524952, 30.46644], [80.544275, 30.44862000100005], [80.564052, 30.458899001000077], [80.583633, 30.468267], [80.600352, 30.471324001000028], [80.613005, 30.459777001000077], [80.628325, 30.45698], [80.644914, 30.44891300100005], [80.659194, 30.440814], [80.677571, 30.429201001000024], [80.686321, 30.420256], [80.700926, 30.415085], [80.717775, 30.410726001000057], [80.737747, 30.396512001000076], [80.750237, 30.38493200100004], [80.76198, 30.372734], [80.775218, 30.361935001000063], [80.786635, 30.342159001000027], [80.803549, 30.32339], [80.82814, 30.315063], [80.857024, 30.314836], [80.881095, 30.300751], [80.899667, 30.302313], [80.911902, 30.290843], [80.923054, 30.284305], [80.925618, 30.272042], [80.937369, 30.263881001000073], [80.952751, 30.270162001000074], [80.98698206600005, 30.26757222200007], [81.013768, 30.253455], [81.029364, 30.236022], [81.02740826200005, 30.229981358000032], [81.02604107600007, 30.228217227000073], [81.02597331500004, 30.22642146700008], [81.02825490600003, 30.225713719000055], [81.02936385100008, 30.222513105000075], [81.02925291000008, 30.21911360400003], [81.03254116000005, 30.21835949900003], [81.03438283600008, 30.217402383000035], [81.03780094100006, 30.21534316800006], [81.04051555900008, 30.21455433500006], [81.04255592800007, 30.211535989000026], [81.04515212600006, 30.20969593500007], [81.04463201100003, 30.20696595900006], [81.04295446400005, 30.204343600000072], [81.04012530100005, 30.203413983000075], [81.03794981800007, 30.202403380000078], [81.03487165900003, 30.201750348000076], [81.03447811000007, 30.199577693000037], [81.03520786100006, 30.197965949000036], [81.03376723100007, 30.196975502000043], [81.03269852100004, 30.196685124000055], [81.03218557700006, 30.196774351000045], [81.03160834900007, 30.196719995000024], [81.03088574700007, 30.19667644900005], [81.03026739900008, 30.195852270000046], [81.02911564800007, 30.19504432800005], [81.02781421700007, 30.194709557000067], [81.02570095100003, 30.195177176000072], [81.02406299300003, 30.195942682000066], [81.02257172000003, 30.195766280000043], [81.02149739200007, 30.19556043600005], [81.02070947000004, 30.19533536000006], [81.01961023400008, 30.19503383800003], [81.01894099500004, 30.19479274400004], [81.01802181400006, 30.19471653200003], [81.01734571000003, 30.19447701400003], [81.01642304700005, 30.194436705000044], [81.01510579900008, 30.194516494000027], [81.01335025000003, 30.194030763000058], [81.01014789800007, 30.193508235000024], [81.00814333200003, 30.19162272500006], [81.00400981600006, 30.19065436900007], [80.99973291400005, 30.189442540000073], [80.99818980300006, 30.18723618200005], [80.99591822700006, 30.185955879000062], [80.99468061600004, 30.186190683000063], [80.99331649500004, 30.186320684000066], [80.99239070500005, 30.18671615200003], [80.99093440500008, 30.18693108800005], [80.98948121900008, 30.186431261000052], [80.98734743600005, 30.18601430500007], [80.98523098700008, 30.186925469000073], [80.98371107900005, 30.187795899000037], [80.98268185700005, 30.188267479000046], [80.98100059700005, 30.190132749000043], [80.97728671200008, 30.190408157000036], [80.97354821700003, 30.190867466000043], [80.96991566800006, 30.18877849200004], [80.97029972600006, 30.18614756900007], [80.96900905400008, 30.186128203000067], [80.96723135100007, 30.18591467500005], [80.96337314700008, 30.185699013000033], [80.95787722000006, 30.18479439400005], [80.95363400100007, 30.184425624000028], [80.95233905700007, 30.18434996600007], [80.95016422400005, 30.182460977000062], [80.94656118100005, 30.181665578000036], [80.94461384500005, 30.18015405700004], [80.94239411800004, 30.179685419000066], [80.94139363800008, 30.178519221000045], [80.94061492500003, 30.177272360000075], [80.93941453100007, 30.17728591300005], [80.93772791500004, 30.177587046000042], [80.93509993900005, 30.17714124300005], [80.93309371600003, 30.177491753000027], [80.93272528700004, 30.180034238000076], [80.92821947600004, 30.187679100000025], [80.92372640400004, 30.193486607000068], [80.92432032100004, 30.205290966000064], [80.92718571900008, 30.20693528700008], [80.92959401000007, 30.20963191000004], [80.93033391400007, 30.213330840000026], [80.92880422300004, 30.215230701000053], [80.92717257300006, 30.216625816000033], [80.92529883900005, 30.217538400000024], [80.92417156400006, 30.218514823000078], [80.92340709500007, 30.219696972000065], [80.92292432700003, 30.22083737400004], [80.92216632900005, 30.22167065000008], [80.92167084300007, 30.222967681000057], [80.92087304600005, 30.22428587400003], [80.91998596000008, 30.22601324200008], [80.91728879300007, 30.225751987000024], [80.91480070400007, 30.22424810600006], [80.91005037800005, 30.223380427000052], [80.90763492300005, 30.221143426000026], [80.90587100900007, 30.21921496300007], [80.90399859700005, 30.21773015100007], [80.90285747800004, 30.215901398000028], [80.90129547600003, 30.213861442000052], [80.89776840000007, 30.21300578100005], [80.89556756300004, 30.20991805600005], [80.89414165300008, 30.206431311000074], [80.89234230800008, 30.204762216000063], [80.89025634400008, 30.201899618000027], [80.88830077800003, 30.199178370000027], [80.88506253500003, 30.195324148000054], [80.88439298100008, 30.190567351000027], [80.88441689500007, 30.18645189500006], [80.88199503400006, 30.18391859700006], [80.87991087100005, 30.181078269000068], [80.87775218000007, 30.179860810000037], [80.87514852300006, 30.178523951000045], [80.87225087400003, 30.177033408000057], [80.86884982800007, 30.175933370000052], [80.86619070000006, 30.17398971600005], [80.86389863400007, 30.170862989000057], [80.86773669200005, 30.163955243000032], [80.87115376500003, 30.159650293000027], [80.87118579500003, 30.156699394000043], [80.87110156700004, 30.153261514000064], [80.87175286900003, 30.150966510000046], [80.87392489600006, 30.143923511000025], [80.87593504100005, 30.14024076100003], [80.87609149900004, 30.136620467000057], [80.87750393100004, 30.13008693100005], [80.87419051400008, 30.126329466000072], [80.86651131100007, 30.12368110600005], [80.86017375200004, 30.120992698000066], [80.85480695400008, 30.12001775500005], [80.84793926600008, 30.117195731000038], [80.84237264400008, 30.112420523000026], [80.84581210600004, 30.10479896700008], [80.83828192200008, 30.098447615000055], [80.82719164500008, 30.09875376900004], [80.81882901400007, 30.096969728000033], [80.81221119600008, 30.092851022000048], [80.80231234700005, 30.086295719000077], [80.79665020000004, 30.07937865400004], [80.78893517100005, 30.071634821000032], [80.78538243700007, 30.065072480000026], [80.77967246900005, 30.05711482600003], [80.77040578200007, 30.05321734000006], [80.76091157200005, 30.049228570000025], [80.75845120100007, 30.04242387900007], [80.75583405600008, 30.035203841000055], [80.75772964300006, 30.02852893100004], [80.75495393500006, 30.02166267800004], [80.75245710900003, 30.015881764000028], [80.74903365000006, 30.008601405000036], [80.74277027800008, 30.00332731000003], [80.73751078300006, 29.999622472000055], [80.72805697300004, 30.000514494000072], [80.72018501400004, 30.00071001200007], [80.71568031500004, 29.995835318000047], [80.71225815200006, 29.990283943000065], [80.70525209300007, 29.986301076000075], [80.70075557200005, 29.980562040000052], [80.69396283700007, 29.977190290000067], [80.68691272900008, 29.96981185800007], [80.68138340600007, 29.962166077000063], [80.67585825900005, 29.958083721000037], [80.66563457600006, 29.956975545000034], [80.65723025600005, 29.955523980000066], [80.64825242300003, 29.956111553000028], [80.64144838800007, 29.95946514600007], [80.63213270200004, 29.964985666000075], [80.62353887700004, 29.96419904100003], [80.61367595700005, 29.96055948700007], [80.60594728700005, 29.959165275000032], [80.59600370200008, 29.95349874900006], [80.58981871000003, 29.947719178000057], [80.58592825200003, 29.941720996000072], [80.58290205800006, 29.938165854000033], [80.57921930700007, 29.93260794400004], [80.57621638000006, 29.925897314000053], [80.57188324500004, 29.917165905000047], [80.57024997500008, 29.910876831000053], [80.57098104700003, 29.90249108000006], [80.57127522500008, 29.893034795000062], [80.56858456100008, 29.887080566000066], [80.56584716800006, 29.879290155000035], [80.55872204400004, 29.87289025700005], [80.56101892100008, 29.867263699000034], [80.55564673800006, 29.862703164000038], [80.55131144100005, 29.856030283000052], [80.55220888300005, 29.850112654000043], [80.54639688600008, 29.848270378000052], [80.54069030800008, 29.84711388200003], [80.53760632500007, 29.844006324000077], [80.53488675100004, 29.838299389000042], [80.52937390600005, 29.835907078000048], [80.52399918500004, 29.83233315500007], [80.51987146600004, 29.82637272200003], [80.51357163500006, 29.825321170000052], [80.50764528700006, 29.82343392000007], [80.50294097600005, 29.818616606000035], [80.49993854400003, 29.81492881300005], [80.49865430800008, 29.80981974900004], [80.49645741400008, 29.80577856000008], [80.49420250100007, 29.799425221000035], [80.48590273700006, 29.79621970900007], [80.47451765500006, 29.79874846900003], [80.46469633500004, 29.802299815000026], [80.45251588400004, 29.80177852500003], [80.44235929000007, 29.799958737000054], [80.43246852900006, 29.80270894000006], [80.42280631100004, 29.796358492000024], [80.41308154900008, 29.79196257700005], [80.40681126200008, 29.790685051000025], [80.40587722100008, 29.783391108000046], [80.40298650100004, 29.776577776000067], [80.39848411300005, 29.768324820000032], [80.39595605600005, 29.758413921000056], [80.38509722400005, 29.758454116000053], [80.38324364600004, 29.75066627600006], [80.37380877100009, 29.74937692700007], [80.36753546400007, 29.750113958000043], [80.36413315700008, 29.739889276000042], [80.36765259100008, 29.732219393000037], [80.36781879900008, 29.722144854000078], [80.37492173500004, 29.720892942000035], [80.37210631100004, 29.71499725600006], [80.37514307200007, 29.707372209000027], [80.37940896100008, 29.701609131000055], [80.37978775800008, 29.696091660000036], [80.38104986000008, 29.68785364400003], [80.38479801400007, 29.683301416000063], [80.38399030400006, 29.67596947000004], [80.38949775500004, 29.671729758000026], [80.39009862500006, 29.66513961700008], [80.39891188100006, 29.662513838000052], [80.40011725900007, 29.65849091800004], [80.40781868600004, 29.657837605000054], [80.41101073100003, 29.653595628000062], [80.41615004200008, 29.650320762000035], [80.41438361200005, 29.64360499600008], [80.42018491700009, 29.639256990000035], [80.41973913500004, 29.633020714000054], [80.41967240000008, 29.62839204000005], [80.41422997000006, 29.626317825000058], [80.40821653400008, 29.615638184000034], [80.40861212000004, 29.605909499000063], [80.40646938300006, 29.593970305000028], [80.39672679400007, 29.585147762000076], [80.38894815500004, 29.573340435000034], [80.37859569500006, 29.568567001000076], [80.37057167800003, 29.563018889000034], [80.36224908900004, 29.562480712000024], [80.36327201600005, 29.556418165000025], [80.35222947900007, 29.555343012000037], [80.34264201700006, 29.55304712900005], [80.34346287500006, 29.545086814000058], [80.34615112500006, 29.54097014000007], [80.35464886300008, 29.535467504000053], [80.35269018600007, 29.526510148000057], [80.34982733200007, 29.520020442000032], [80.34320040800003, 29.511852032000036], [80.33359275100008, 29.513245536000056], [80.32829212000007, 29.50529731100005], [80.31541855000006, 29.50026490700003], [80.31430368600007, 29.492901501000063], [80.30919938900007, 29.48560088000005], [80.29820954100006, 29.490383810000026], [80.29320209500008, 29.479388476000054], [80.28703811500003, 29.47381817200005], [80.29455307700005, 29.463816414000064], [80.29988104800003, 29.45165991400006], [80.29198065300005, 29.452838402000054], [80.28283654500007, 29.451456413000074], [80.27833468600005, 29.45872661100003], [80.27139939000006, 29.453861910000057], [80.26712701200006, 29.44875440000004], [80.25558587400008, 29.448187381000025], [80.24292031000004, 29.442587572000036], [80.24714864100008, 29.431942694000043], [80.24408920500008, 29.42006781500004], [80.24231828500007, 29.41103996000004], [80.25236255800007, 29.404835200000036], [80.26288395300008, 29.398289453000075], [80.27552000300005, 29.391364145000068], [80.27647988100006, 29.381744733000062], [80.27248631300006, 29.37515244800005], [80.27464330600003, 29.361948633000054], [80.28008816600004, 29.34639414000003], [80.29084354200006, 29.330806790000054], [80.30663120800006, 29.323337913000046], [80.31641652700006, 29.306798224000033], [80.31210185300006, 29.293005427000026], [80.30402466700008, 29.281953832000056], [80.29952792000006, 29.262944617000073], [80.29861531900008, 29.24914205300007], [80.29819782900006, 29.23955561400004], [80.29070138600008, 29.23203407500006], [80.29528114000004, 29.222880029000066], [80.29399734700007, 29.213085970000066], [80.29712125300006, 29.20499331900004], [80.29212248100004, 29.196600725000053], [80.28262786200008, 29.199446444000046], [80.26989513300003, 29.207082912000033], [80.25778646100008, 29.210859932000062], [80.25265214100006, 29.221599807000075], [80.24441830100005, 29.212580609000042], [80.24670279600008, 29.197895688000074], [80.25416879400007, 29.190990086000056], [80.26022441600009, 29.177609286000063], [80.25813418600006, 29.166793102000042], [80.26482969600005, 29.154838893000033], [80.27193119900005, 29.14261132100006], [80.26006982100006, 29.14015759800003], [80.25091524500004, 29.133432209000034], [80.23965225000006, 29.123322032000033], [80.22481442400004, 29.119873856000027], [80.20967270000006, 29.121996007000064], [80.19657292800008, 29.13090018200006], [80.17920428200006, 29.130378310000026], [80.16483077000004, 29.11701497300004], [80.13130949900005, 29.03047613700005], [80.22852043300009, 28.75780210000005], [80.23307939800003, 28.75870558200006], [80.23449374400008, 28.758659089000048], [80.23631306200008, 28.757314568000027], [80.23991903500007, 28.75648480600006], [80.24474029200007, 28.755476273000056], [80.25119044900003, 28.757035915000074], [80.25468437000006, 28.75515611700007], [80.25883504700005, 28.751587289000042], [80.26149577300004, 28.748974616000055], [80.26440176800008, 28.745367627000064], [80.26526545900003, 28.74266749700007], [80.26484005100008, 28.73942906800005], [80.26352995200006, 28.73511549400007], [80.25797392900006, 28.730329148000067], [80.27357430300003, 28.713679555000056], [80.27993977000006, 28.709049579000066], [80.28683536200003, 28.71060768800004], [80.32300247900008, 28.676691104000042], [80.35561709000007, 28.64731267800005], [80.36058524100008, 28.645671598000035], [80.35863149700003, 28.643968184000073], [80.35703750700003, 28.640483433000043], [80.36014444500006, 28.637114220000058], [80.36170900800005, 28.634450652000055], [80.36554881900008, 28.635815172000036], [80.36979875300005, 28.63436697800006], [80.37053147400007, 28.631022382000026], [80.37239828400004, 28.629530550000027], [80.37501561500005, 28.629164264000053], [80.37718770000004, 28.628998597000077], [80.38412117300004, 28.63060906900006], [80.38535310500004, 28.62959765900007], [80.38790295600006, 28.630895861000056], [80.40115331500004, 28.63410490800004], [80.42050002400003, 28.637798806000035], [80.44293422000004, 28.628404664000072], [80.46154677600003, 28.619071562000045], [80.46300251700006, 28.61461640600004], [80.46798925100006, 28.598052977000066], [80.47180016900006, 28.59179158200004], [80.47095656800008, 28.587782898000057], [80.46971886600005, 28.584223267000027], [80.46954660800003, 28.582603883000047], [80.47222015400007, 28.58363169200004], [80.47359891100007, 28.583791615000052], [80.47469663600003, 28.58426595900005], [80.47569163600008, 28.58447177000005], [80.47637682300007, 28.584831131000044], [80.47702689500005, 28.58529934300003], [80.47824477500006, 28.586374701000068], [80.47921461100003, 28.587457329000074], [80.48004459300006, 28.587630527000044], [80.48066802700004, 28.586758228000065], [80.48138854600006, 28.585764340000026], [80.48311489600007, 28.58416009800004], [80.48383140200008, 28.58239251300006], [80.48445159100004, 28.581713898000032], [80.48561017600008, 28.581750430000056], [80.48750159700006, 28.581009074000065], [80.48873175600005, 28.580942793000077], [80.48976944200007, 28.58076068300005], [80.49043256100003, 28.580091458000027], [80.49133575800005, 28.579423589000044], [80.49227438400004, 28.578561875000048], [80.49305564200006, 28.577235462000033], [80.49507527200007, 28.576270943000054], [80.49644151400008, 28.57529740900003], [80.49689277700008, 28.574108784000032], [80.49793259200004, 28.572709417000056], [80.49853595000008, 28.570407300000056], [80.49994754900007, 28.569433321000076], [80.50223641100007, 28.570053749000067], [80.50359628700005, 28.568901185000072], [80.50480844000003, 28.569147090000058], [80.50661333900007, 28.568749801000024], [80.50706439300006, 28.567630989000065], [80.50848737200005, 28.565943813000047], [80.50976157800005, 28.56422740000005], [80.51058935600008, 28.56258941200008], [80.51250501900006, 28.55893233100005], [80.51459782200004, 28.55657308600007], [80.51615364100007, 28.553444238000054], [80.51842080200004, 28.551625941000054], [80.52043622000008, 28.553579684000056], [80.52267318200006, 28.55281039500005], [80.60621912100004, 28.652459168000064], [80.78289869800005, 28.546648014000027], [80.90297444700008, 28.47766843000005], [80.96495981300006, 28.437747753000053], [81.11667420000003, 28.377048166000066], [81.24967089700004, 28.26889377400005], [81.31437516300008, 28.167577075000054], [81.30159141600006, 28.165427769000075], [81.30924416900007, 28.16078145800003], [81.34232373100008, 28.13959071000005], [81.37002700100004, 28.142082278000032], [81.37153805000008, 28.14345918400005], [81.37482903800003, 28.148033844000054], [81.37670403700008, 28.150514396000062], [81.37754934800006, 28.15439286900005], [81.37813520400005, 28.156206344000054], [81.37510576400007, 28.15920382300004], [81.36855693400008, 28.160920447000024], [81.36734118400005, 28.164061145000062], [81.36758409400005, 28.166941914000063], [81.37162289200006, 28.171698654000068], [81.37233820200004, 28.17297432600003], [81.37339478200005, 28.17512264000004], [81.38957191100008, 28.17400870800003], [81.42871935200003, 28.169221273000062], [81.45024508400007, 28.150878629000033], [81.55180279200005, 28.04654253600006], [81.58631130800006, 28.025072804000047], [81.60979694500008, 28.013607283000056], [81.62226412700005, 28.003818249000062], [81.63293634800004, 27.999193922000075], [81.68230828700007, 27.990547826000068], [81.81854298400003, 27.90353232600006], [81.84548198600004, 27.888642145000063], [81.87236325800006, 27.870009117000052], [81.89783924200003, 27.85479274100004], [81.92024005300004, 27.858281328000032], [81.97873197500007, 27.928597902000035], [82.27546657800008, 27.793339462000063], [82.52470382200005, 27.68875190600005], [82.61896989500008, 27.702205323000044], [82.70866680600005, 27.722000127000058], [82.70569191800007, 27.70992257300003], [82.70441316500006, 27.70438290800007], [82.70703102200008, 27.700402501000042], [82.70810574800004, 27.69587891100008], [82.71198973800006, 27.693864457000075], [82.71477060500007, 27.692169338000042], [82.71786199500008, 27.689681972000074], [82.71584804000008, 27.68756176000005], [82.71857717900008, 27.685479585000053], [82.71753891600008, 27.68055257000003], [82.71728132900006, 27.67721221800008], [82.71303919900004, 27.675144484000043], [82.71329051500004, 27.671373716000062], [82.71488927200005, 27.669147920000057], [82.71788148600007, 27.668547706000027], [82.71838667600008, 27.667630202000055], [82.71801739700004, 27.66694113400007], [82.71602386700005, 27.664978246000032], [82.71432926000006, 27.664137725000046], [82.71245238600005, 27.663436929000056], [82.71302133100005, 27.662584069000047], [82.71551401000005, 27.662276768000027], [82.71995219000007, 27.661606009000025], [82.72240122600004, 27.660994263000077], [82.72168154100007, 27.659237977000032], [82.71933079600007, 27.657723401000055], [82.71909897100005, 27.655413775000056], [82.72147147200008, 27.655735708000066], [82.72460633100007, 27.65906979700003], [82.72770357800005, 27.655235039000047], [82.72761609400004, 27.65148101500006], [82.73054592100004, 27.652564016000042], [82.73185305700008, 27.653280606000067], [82.73204787700007, 27.651690642000062], [82.73151820600003, 27.649937842000043], [82.73183980500005, 27.64776315900008], [82.73080825400007, 27.645204774000035], [82.73057587900007, 27.642699488000062], [82.73245347600005, 27.64515174400003], [82.73543024000008, 27.646433072000036], [82.73595014100005, 27.64437171000003], [82.73537259500006, 27.642345658000067], [82.73687078100005, 27.640123336000045], [82.73657687900004, 27.635364783000057], [82.73224781100004, 27.63069703000008], [82.73384840700004, 27.632274970000026], [82.73762734200005, 27.63234882300003], [82.73999418700004, 27.631894295000052], [82.73822130400004, 27.63005780000003], [82.73429990800008, 27.630235466000045], [82.73413651100003, 27.627663892000044], [82.73672812400008, 27.62528067100004], [82.73945120400003, 27.625640688000033], [82.74017115200007, 27.62453791300004], [82.73794460200008, 27.622783192000043], [82.73661067100005, 27.620403348000025], [82.73436480900006, 27.619144714000072], [82.73308560700008, 27.61736236200005], [82.73593927300004, 27.61677676800008], [82.73807305000008, 27.61541614400005], [82.73752692500005, 27.613890929000036], [82.73605768700008, 27.612298336000038], [82.73542122700007, 27.610332243000073], [82.73676098100003, 27.608001509000076], [82.73834092500005, 27.60556138100003], [82.74144701700004, 27.603049079000073], [82.74480088000007, 27.602682712000046], [82.74830566600008, 27.599578956000073], [82.74411750800004, 27.598205243000052], [82.74448774200005, 27.595428515000037], [82.74871125400006, 27.59358321600007], [82.75169020900006, 27.59383769300007], [82.75493033700008, 27.593974416000037], [82.75577471300005, 27.588716417000057], [82.75769307300004, 27.584550311000044], [82.75186993900007, 27.580953975000057], [82.74768204000003, 27.57425089900005], [82.74238450200005, 27.56044133100005], [82.74831027500005, 27.555657654000072], [82.74306761900004, 27.55306279900003], [82.74112704800007, 27.55220281000004], [82.73988341000006, 27.55132232300008], [82.73829522800008, 27.551324820000048], [82.73856612000003, 27.550140388000045], [82.74079106900007, 27.549118582000062], [82.73821227300004, 27.547432711000056], [82.73898528000007, 27.545165944000075], [82.74187274100007, 27.54548102800004], [82.74114222800006, 27.54403086900004], [82.74248670200006, 27.542838305000032], [82.74136690100005, 27.54226259400008], [82.74208094700003, 27.540905188000067], [82.74299073800006, 27.54084849700007], [82.74216233500005, 27.538920138000037], [82.74166711100008, 27.536809297000048], [82.74104414900006, 27.536151476000043], [82.74254697600009, 27.536087919000067], [82.74399875300008, 27.533575662000032], [82.74212277900006, 27.532476173000077], [82.74308548400006, 27.532061335000037], [82.74385028200004, 27.531375635000074], [82.74529360900004, 27.531759648000047], [82.74403141400006, 27.529787396000074], [82.74643255600006, 27.53099183200004], [82.74639190300007, 27.529459317000033], [82.74632032200003, 27.527822193000077], [82.74640738700003, 27.526491486000054], [82.74729427200003, 27.52649127600006], [82.74848629600007, 27.525308636000034], [82.74773336200008, 27.52394709600003], [82.74802348500003, 27.522774706000064], [82.74942558100008, 27.522310799000024], [82.74804970300005, 27.52058140400004], [82.74673404700007, 27.51940331800006], [82.74635898800005, 27.520735150000064], [82.74501978200004, 27.51978923300004], [82.74427343900004, 27.520343180000054], [82.74317344000008, 27.52084502100007], [82.74183602200003, 27.520613773000036], [82.74234811000008, 27.51911571000005], [82.74248168200006, 27.517453896000063], [82.74318778000008, 27.516767826000034], [82.74179493900004, 27.51697927300006], [82.74085618800007, 27.517974781000078], [82.73869339100008, 27.518588204000025], [82.73664739300006, 27.517775959000062], [82.73656095500007, 27.51581019200006], [82.73732682400004, 27.513855600000056], [82.73660721000005, 27.512748505000047], [82.73706675500006, 27.511260347000075], [82.73654246800004, 27.509336825000048], [82.73671055900007, 27.508115849000035], [82.73532338300004, 27.507737255000052], [82.73514686300007, 27.505673595000076], [82.73518472800004, 27.503653894000024], [82.73590604100008, 27.502282835000074], [82.92930520500005, 27.501211478000073], [83.19587851200004, 27.44645980300004], [83.29300430700005, 27.334839928000065], [83.29445149500003, 27.334242321000033], [83.29598559500005, 27.33340770600006], [83.30196467500008, 27.333506947000046], [83.30479355800009, 27.33136094100007], [83.30764386400006, 27.33352917800005], [83.31188881400004, 27.332208860000037], [83.31629661900007, 27.331106625000075], [83.31775838500005, 27.33100554200007], [83.31558883000008, 27.333050013000047], [83.31801830700005, 27.33569456500004], [83.31783452100007, 27.33647206200004], [83.31907618100007, 27.337229094000065], [83.32172654600004, 27.33660350300005], [83.32507064100008, 27.336016811000036], [83.32666770300006, 27.334922238000047], [83.32777921900004, 27.333931758000062], [83.32933420300003, 27.334250030000078], [83.33073368300006, 27.333064642000068], [83.33297302400007, 27.33294746100006], [83.33612499900005, 27.33299584100007], [83.33883185900004, 27.33353198800006], [83.34232581000003, 27.334465599000055], [83.34385447100004, 27.336540464000052], [83.34487468400005, 27.33836191100005], [83.34809073500008, 27.339192318000073], [83.35166459200008, 27.339565840000034], [83.35075689500007, 27.341521207000028], [83.35277700900008, 27.34311507800004], [83.35754057200006, 27.344026615000075], [83.35890174600007, 27.342858566000075], [83.35903929400007, 27.34610549000007], [83.35864270900004, 27.348809552000034], [83.35843664000004, 27.351018965000037], [83.36211767700007, 27.35318989600006], [83.36376815100004, 27.35532739300004], [83.36667791400004, 27.355126247000044], [83.36920436200006, 27.35760911600005], [83.37228954600005, 27.357001409000077], [83.37383130900008, 27.359177629000044], [83.37236382300006, 27.365472616000034], [83.37355901100005, 27.368604212000037], [83.37779254300006, 27.36982002800005], [83.38249951000006, 27.37078443400003], [83.38668187400003, 27.374885720000066], [83.38787862500004, 27.376724211000067], [83.38615528100007, 27.380531441000073], [83.38781664800007, 27.383476339000026], [83.38514204200004, 27.385469218000026], [83.38474301700006, 27.387558692000027], [83.38445774400003, 27.39014557300004], [83.38764148800004, 27.391385248000063], [83.39904237100006, 27.39829452300006], [83.40627818500008, 27.40884378900006], [83.40624982700007, 27.416316557000073], [83.39527114700007, 27.42266734900005], [83.39183, 27.429457057000036], [83.38424414200006, 27.436973441000077], [83.38361549600006, 27.44260587100007], [83.39550311500005, 27.446568658000047], [83.40041130800006, 27.458409344000074], [83.40053086600005, 27.467101968000065], [83.39466245400007, 27.46946988800005], [83.38868116600008, 27.473375745000055], [83.39194827100005, 27.474830096000062], [83.39271079000008, 27.47787210000007], [83.39036649100007, 27.478468950000035], [83.62955313900005, 27.46300743200004], [83.86975446600007, 27.35473812600003], [83.88452766400007, 27.376703599000052], [83.86544513300004, 27.39195688800004], [83.83948426900008, 27.418091137000033], [83.84358522800005, 27.44182259300004], [83.85670609100004, 27.445372430000077], [83.88521793600006, 27.433282878000057], [83.91453390100008, 27.44230226600007], [83.94058392200003, 27.449286159000053], [83.94769524600008, 27.442171752000036], [83.95912336400005, 27.443535893000046], [83.97084470800007, 27.442937933000053], [83.98338436500006, 27.443687083000043], [83.99645185800006, 27.44630354900005], [83.99872820700006, 27.442476338000063], [84.00334555500007, 27.44239097700006], [84.00685437000004, 27.44036120000004], [84.01229258300003, 27.43762780000003], [84.01836945500008, 27.436378657000034], [84.02332678000005, 27.43270766100005], [84.02708595000007, 27.433552709000026], [84.02553520800006, 27.438087918000065], [84.03092946100008, 27.438848413000073], [84.03452856500007, 27.441108882000037], [84.03796353900003, 27.44239286000004], [84.04235349100009, 27.442697805000023], [84.04571911000005, 27.443081316000075], [84.04950268500005, 27.443023570000037], [84.05187826100007, 27.442839741000057], [84.05254328800004, 27.445465072000047], [84.05394055700003, 27.448668342000076], [84.05680168900005, 27.450841998000044], [84.05997737900003, 27.454521311000065], [84.05875446200008, 27.461308264000024], [84.06536878000009, 27.467862086000025], [84.06818350700007, 27.476823740000043], [84.07473091600008, 27.482657261000043], [84.08375808500006, 27.483346398000037], [84.09090437300006, 27.488414120000073], [84.09633045900006, 27.49430189900005], [84.09888912500008, 27.500798874000054], [84.09924870400005, 27.50724827700003], [84.09748658100006, 27.51639343900007], [84.10465654300003, 27.520632527000032], [84.11189549700003, 27.519809851000048], [84.11703333500003, 27.51882181800005], [84.11908068400004, 27.512661442000024], [84.12777114800008, 27.511711459000026], [84.13446242100008, 27.51474594700005], [84.14050902400004, 27.51770287100004], [84.14651488200008, 27.51776200200004], [84.15079948200008, 27.515943028000038], [84.15053353400003, 27.510852467000063], [84.14868627900006, 27.50477251500007], [84.14861796700006, 27.50038364900007], [84.14581078600008, 27.494226593000064], [84.14849693700006, 27.486879815000066], [84.15337694000004, 27.484433161000027], [84.16065229100008, 27.484618630000057], [84.16738531300007, 27.479812244000072], [84.17213141500008, 27.475932834000048], [84.17825338200004, 27.474411754000073], [84.18288226100003, 27.473368124000046], [84.19123810000008, 27.469694987000025], [84.19750936900004, 27.472888288000036], [84.20690198600005, 27.468357258000026], [84.20616781800004, 27.462829205000048], [84.20580207400008, 27.45671685700006], [84.20747427500004, 27.45270806700006], [84.20676523600008, 27.446143935000066], [84.20974792500004, 27.44209696000007], [84.21837150900006, 27.441698674000065], [84.22052837900003, 27.44812934500004], [84.22848480500005, 27.45349857000008], [84.23625214300006, 27.453756330000033], [84.24419282800005, 27.454745013000036], [84.25262626900007, 27.454396048000035], [84.25652170400008, 27.448014408000063], [84.25821011100004, 27.441443277000076], [84.26118725000003, 27.435840203000055], [84.26619945100003, 27.434189007000043], [84.27258232700007, 27.42874875700005], [84.27336490700003, 27.421628175000023], [84.27749213100003, 27.410548448000043], [84.27604174500004, 27.40175460000006], [84.27908144200006, 27.39639363200007], [84.28635521500007, 27.390930062000052], [84.29213613800005, 27.38496486200006], [84.29702955100004, 27.38909340400005], [84.30260611400007, 27.389413640000043], [84.31201196700005, 27.38610180300003], [84.31806583600007, 27.38212290200005], [84.32775926600004, 27.380513094000037], [84.33343029200006, 27.377480537000054], [84.34235906100008, 27.376189640000064], [84.35232301100007, 27.37448519700007], [84.36315784700008, 27.374459514000023], [84.37124238600006, 27.37545818500007], [84.37799994600005, 27.375438435000035], [84.38633535900004, 27.372981717000073], [84.39192540200008, 27.36829631200004], [84.39795138200003, 27.370094855000048], [84.40093406200003, 27.37033851600006], [84.40562027100003, 27.370463286000074], [84.41124044600008, 27.369231155000023], [84.41504493400004, 27.370786748000057], [84.41927285100007, 27.37007234200007], [84.42451041100009, 27.372046822000073], [84.42895422100008, 27.371098283000038], [84.43380276200008, 27.369878700000072], [84.44017230400004, 27.37044846200007], [84.44420852700006, 27.368150644000025], [84.44701863800003, 27.363737314000048], [84.45551251900008, 27.362492200000077], [84.46030400700005, 27.360546336000027], [84.46543290100004, 27.35846369400008], [84.47145488900009, 27.355504781000036], [84.47733655500008, 27.362297698000077], [84.48549665500008, 27.358849639000027], [84.49385186600006, 27.357211068000026], [84.50207667300003, 27.355920746000038], [84.50981345800005, 27.354426292000028], [84.51822483200004, 27.352793011000074], [84.52549505700006, 27.35196344700006], [84.53056996900006, 27.351278395000065], [84.53836239300006, 27.35048205800007], [84.54540642100005, 27.349265913000067], [84.55228633900003, 27.34903141600006], [84.55946590500008, 27.34821300400006], [84.56636999400007, 27.347113395000065], [84.57801356600004, 27.344120280000027], [84.58585243000005, 27.34166246500007], [84.59365096900007, 27.340456651000068], [84.60059540000003, 27.33864963900004], [84.60430528100005, 27.336960973000032], [84.60845587500006, 27.336454650000064], [84.66888783100006, 27.26043538500005], [84.68511250900008, 27.22019689600006], [84.68519368900007, 27.21916064900006], [84.68531224300006, 27.217464301000064], [84.68505349600008, 27.216250040000034], [84.68503140100006, 27.214118254000027], [84.685891, 27.212795851000067], [84.68503297000007, 27.211882435000064], [84.68677999200008, 27.21035080300004], [84.68688208700007, 27.208554443000025], [84.68640249200007, 27.208028868000042], [84.68575491100006, 27.20745275300004], [84.68571226900008, 27.206431732000055], [84.68423560300005, 27.20551066200005], [84.68285029800006, 27.20243327600008], [84.68185713000008, 27.199823260000073], [84.68294764600006, 27.198035808000043], [84.68345438200004, 27.197202899000047], [84.68355984700008, 27.19618468300007], [84.68307681300007, 27.19548980600007], [84.68273045600006, 27.19433419300003], [84.68228892400003, 27.193713168000045], [84.68266265100004, 27.19325877500006], [84.68271435500003, 27.19258512500005], [84.68264148500003, 27.191531957000052], [84.68295055500005, 27.190287627000032], [84.68043558000005, 27.18856622900006], [84.68090033600004, 27.186971190000065], [84.68093064300007, 27.185262986000055], [84.68471895700003, 27.18414715700004], [84.68240678900008, 27.180047712000032], [84.68098753100008, 27.17481908900004], [84.67525823900007, 27.170331016000034], [84.67795475000008, 27.16810455500007], [84.67775622300007, 27.163703129000055], [84.67917507800007, 27.160285746000056], [84.68344748100003, 27.155328500000053], [84.68059409200004, 27.153389969000045], [84.68330583200003, 27.14866554400004], [84.68123511900006, 27.140326670000036], [84.67724480100009, 27.133026649000044], [84.67920319100006, 27.133035155000073], [84.67801088200008, 27.129919204000032], [84.67878807200003, 27.127140195000038], [84.67825603000006, 27.126522671000032], [84.67738473000009, 27.12556425200006], [84.67810092100007, 27.12478997900007], [84.67549141500007, 27.123776389000056], [84.67559515500005, 27.122229657000048], [84.67628955400005, 27.12025758200008], [84.67671636000006, 27.118461096000033], [84.67686124000005, 27.11563013600005], [84.67433149000004, 27.113941735000026], [84.67168903900006, 27.114549683000064], [84.67090940800006, 27.11142131300005], [84.67044065100004, 27.107178899000075], [84.67417560200005, 27.106946550000032], [84.67507029300003, 27.101858296000046], [84.67486237100007, 27.09725653600003], [84.67301981000008, 27.095733575000054], [84.66999468300008, 27.098258602000044], [84.66874513400006, 27.09511342600007], [84.66709886900009, 27.093691939000053], [84.66362716000003, 27.092613675000052], [84.66713172200008, 27.09251831000006], [84.66918697200003, 27.09177462100007], [84.66950669800008, 27.09080946100005], [84.66871439200008, 27.08973053300008], [84.66638759400007, 27.08988946200003], [84.66589987600008, 27.08765994600003], [84.66276572300006, 27.088809309000055], [84.66426135300009, 27.08635005900004], [84.66210801700004, 27.086476187000073], [84.65946840500004, 27.08497929400005], [84.65796044100006, 27.08364403300004], [84.65691850800005, 27.083101708000072], [84.65456617100006, 27.083820565000053], [84.65515877900003, 27.082268872000043], [84.65842275400007, 27.081021957000075], [84.65778513300006, 27.079582407000032], [84.65562207000005, 27.079240096000035], [84.65215793400006, 27.08004009800004], [84.65306270700006, 27.077764064000064], [84.65175953900007, 27.078361831000052], [84.64985890900005, 27.077378861000057], [84.64873418800005, 27.075226932000078], [84.64729794200008, 27.076383315000044], [84.64631360700008, 27.07580104500005], [84.64643126100003, 27.074107068000046], [84.64724784300006, 27.071045936000075], [84.64563370400003, 27.069883465000032], [84.64482403300008, 27.067129081000076], [84.64330944200003, 27.065365254000028], [84.64525739400005, 27.06384683400006], [84.64437193700007, 27.062004458000047], [84.64275841300008, 27.059695703000045], [84.64468624900007, 27.05859442600007], [84.64457910600004, 27.05714543000005], [84.64550424100008, 27.054832068000053], [84.64596227200008, 27.052776704000053], [84.64509762900008, 27.051325863000045], [84.64303538800004, 27.05080236200007], [84.64450056200008, 27.048895213000037], [84.64283531400008, 27.048110294000026], [84.64330299000005, 27.046176426000045], [84.71059194500003, 27.021588739000038], [84.71253988200004, 27.021832242000073], [84.71382685900005, 27.02146020600003], [84.71447439800005, 27.019943498000032], [84.71621161400003, 27.019852557000036], [84.71692978100003, 27.01906006200005], [84.71691012400004, 27.017983233000052], [84.71774149700008, 27.01775173900006], [84.71865740000004, 27.01754948400003], [84.71895318300005, 27.016599261000067], [84.71925759700008, 27.01540542200007], [84.72038395800007, 27.014936919000036], [84.72149644600006, 27.014058875000046], [84.72384812000007, 27.01367664600008], [84.72788488700007, 27.013415855000062], [84.72957900700004, 27.01519234400007], [84.73172269900004, 27.01421266400007], [84.73311140600003, 27.013775576000057], [84.75716387200004, 27.003067463000036], [84.75802879000008, 27.003135231000044], [84.75979076800007, 27.004875809000055], [84.76097742700006, 27.005672039000046], [84.76178080100004, 27.007638674000077], [84.76269247700003, 27.00944609800007], [84.76389665800008, 27.010692568000024], [84.76436417200006, 27.01289601700006], [84.76578693000005, 27.01405001200004], [84.76714663100006, 27.01455052700004], [84.76817855700006, 27.014887870000052], [84.76968800800006, 27.016320147000044], [84.77093728100004, 27.01722320300007], [84.77215946800004, 27.017691632000037], [84.78240461300004, 27.014022390000036], [84.78265314500004, 27.01110520800006], [84.78459386500003, 27.00743422900007], [84.78548553500008, 27.010936556000047], [84.78765856500007, 27.008847471000024], [84.78884939900007, 27.008521795000036], [84.78829081200007, 27.006803391000062], [84.78679218200006, 27.005433464000077], [84.78738266400006, 27.00407615900008], [84.78730676400005, 27.002660938000076], [84.78812645400006, 26.998707771000056], [84.78824087700008, 26.997180409000066], [84.78950039300008, 26.997853487000043], [84.79042534700005, 26.99938899400007], [84.79114988600008, 26.999216213000068], [84.79173442000007, 26.99830742900008], [84.79144718500004, 26.998049568000056], [84.79045165700006, 26.997765523000055], [84.79206788800008, 26.99677446800007], [84.79300583700007, 26.99611038000006], [84.79375728100007, 26.996198099000026], [84.79417578400006, 26.99688807800004], [84.79442432000008, 26.998688494000078], [84.79522389100003, 26.999147966000066], [84.79622485600004, 27.000741265000045], [84.79615710200005, 27.00238406300008], [84.79666173300006, 27.00310603500003], [84.79707807500006, 27.00399741600006], [84.79819388700008, 27.003997695000066], [84.79921931000007, 27.00319798000004], [84.79948605000004, 27.001134378000074], [84.80055434900004, 27.001283641000043], [84.80111860100004, 27.00302154700006], [84.80153830600005, 27.00515850100004], [84.80306178300003, 27.005585369000073], [84.80490283200004, 27.006229114000064], [84.80640928400004, 27.006972305000033], [84.80771786800005, 27.008293598000023], [84.80664976600008, 27.01080991400005], [84.80903541500004, 27.010897082000042], [84.81043038600006, 27.01499013700004], [84.80676575500007, 27.01360965600003], [84.80780997900007, 27.017254682000043], [84.81059546700004, 27.018197775000033], [84.81252576500003, 27.016908238000042], [84.81155331300005, 27.02045773900005], [84.81300590300003, 27.019336424000073], [84.81893676100003, 27.021005113000058], [84.82278280300005, 27.02119491800005], [84.82507404600005, 27.020892142000037], [84.85422662900004, 27.007271084000024], [84.85358170800004, 27.006170170000075], [84.85201260600007, 27.004284720000044], [84.85126614100005, 27.002491718000044], [84.85242619400003, 27.001136084000052], [84.85044494500005, 26.998764863000076], [84.85139547200004, 26.998520330000076], [84.85306020900003, 26.997823501000028], [84.85412314500007, 26.999084625000023], [84.85713962900007, 26.998728951000032], [84.85678039600003, 26.997180411000045], [84.85590202100008, 26.996101861000056], [84.85740122500005, 26.995066318000056], [84.85754328100006, 26.993535907000023], [84.85659655100005, 26.992008105000025], [84.85473529000006, 26.99392430000006], [84.85531510800007, 26.991500221000024], [84.85766877100008, 26.990397183000027], [84.85544650700007, 26.988763833000064], [84.85567696200008, 26.986517968000044], [84.85713026100007, 26.987734997000075], [84.85863677700007, 26.989397508000025], [84.86023014400007, 26.987656696000045], [84.86429943600007, 26.98486645400004], [84.86652914900003, 26.983576638000045], [84.86884719800008, 26.984002501000077], [84.88860603400008, 26.977190732000054], [84.88886671500006, 26.975578504000055], [84.89051778300006, 26.97454966500004], [84.89024598400005, 26.971082249000062], [84.89257513600006, 26.969552836000048], [84.89191336500005, 26.972589777000053], [84.89701648200008, 26.972798518000047], [84.89862926000006, 26.970344414000067], [84.91219352000007, 26.968316754000057], [84.91486033400008, 26.968864449000023], [84.92039147500003, 26.968215497000074], [84.92470513200004, 26.968282379000073], [84.92856856000003, 26.96862715000003], [84.93256837600006, 26.967974861000073], [84.95324315000005, 26.960192582000047], [84.95647314100006, 26.960856937000074], [84.96095170400008, 26.960825795000062], [84.96303356200008, 26.95925557700008], [84.96510848200006, 26.957973199000037], [84.96534698000005, 26.956678577000048], [84.97811065400003, 26.940428776000033], [84.97621907900003, 26.940100404000077], [84.97501067300004, 26.938422304000028], [84.97773478100004, 26.937470442000063], [84.97664761900006, 26.93477610800005], [84.97626626900006, 26.93213817700007], [84.97265811000005, 26.930571042000054], [84.97017171300007, 26.92944041100003], [84.97127009900004, 26.92723981000006], [84.97010928700007, 26.925634685000034], [84.97040902700007, 26.92359159500006], [84.97127163600004, 26.921283978000076], [84.97015714800006, 26.918927696000026], [84.99991391600008, 26.91192406600004], [85.00086978200005, 26.91021624700005], [85.00091034100006, 26.909070120000024], [85.00091422400004, 26.90742631200004], [85.00092890900004, 26.905791686000043], [85.00179360100003, 26.90470326600007], [85.00240346400005, 26.90361464800003], [85.00127680600008, 26.904034471000045], [84.99892405200006, 26.904638696000063], [84.99710028000004, 26.905438866000054], [84.99463612700004, 26.90628956300003], [84.99288025400006, 26.90471999700003], [85.02725925500005, 26.891905696000038], [85.05209323000008, 26.886801054000045], [85.04953595600006, 26.882148837000045], [85.04795164800004, 26.87806542800007], [85.04236248600006, 26.879480709000063], [85.03774502000005, 26.87722102200007], [85.03589282600007, 26.875235262000047], [85.02945891800005, 26.874179192000042], [85.02455391800004, 26.872166382000046], [85.02796228200003, 26.87205302900003], [85.03244023100007, 26.867589252000073], [85.02958008200005, 26.865151875000038], [85.02652249900007, 26.862234450000074], [85.03231774000005, 26.860514884000054], [85.03066842000004, 26.856990691000078], [85.02628455300004, 26.857715572000075], [85.02280509000008, 26.85568386800003], [85.05798153900008, 26.849545162000027], [85.05823776600005, 26.85058042600008], [85.05679584900008, 26.85177221500004], [85.05644491800007, 26.852902723000057], [85.05716483700007, 26.854415325000048], [85.05817463100004, 26.856263805000026], [85.05883228500005, 26.854267811000057], [85.06060522600006, 26.854359129000045], [85.06234198300007, 26.855628657000068], [85.06136050800006, 26.857029521000072], [85.06320649000008, 26.85789398000003], [85.06233276600005, 26.85659991500006], [85.06433237200008, 26.856679862000078], [85.06400555800008, 26.85562383300004], [85.06223894000004, 26.85465486000004], [85.06160898100006, 26.853380773000026], [85.06220196100008, 26.852781364000066], [85.06305111800003, 26.850781304000066], [85.06387849000004, 26.849546296000028], [85.06602537700007, 26.850716316000046], [85.06675761300005, 26.85375809100003], [85.06889924800004, 26.854423551000025], [85.07059629100007, 26.854345186000046], [85.07136562300008, 26.855182756000033], [85.07296996900004, 26.855108744000063], [85.07438286700005, 26.85538777000005], [85.07630723700004, 26.856007429000044], [85.07669455400008, 26.856183083000076], [85.07808290200006, 26.85592530200006], [85.07666692900006, 26.85773232500003], [85.07727048800007, 26.858417291000023], [85.07881444800006, 26.857111320000058], [85.08031826600006, 26.856697326000074], [85.08145084300008, 26.85635398900007], [85.08051875100006, 26.85525405900006], [85.08207403400007, 26.855827826000052], [85.08369968400007, 26.856091726000045], [85.08313015100003, 26.855812366000066], [85.08311869900007, 26.85433974700004], [85.08421070900005, 26.853312493000033], [85.08734224000005, 26.853309935000027], [85.08530230000008, 26.85412520500006], [85.08504323700004, 26.855296830000043], [85.08599169500008, 26.855953783000075], [85.08779763900003, 26.856964955000024], [85.08691201100004, 26.858741331000033], [85.08805365000006, 26.859159856000076], [85.08914324500006, 26.859078882000063], [85.08919017600005, 26.859882841000058], [85.08924973300003, 26.860412134000057], [85.08905423100003, 26.86138592100008], [85.08756590100006, 26.86179871400003], [85.08753111900006, 26.862453327000026], [85.08646897000006, 26.86259562400005], [85.08568052000004, 26.86453536700003], [85.08595000600008, 26.866287715000055], [85.08750543600007, 26.86691389500004], [85.08849423700008, 26.86799215800005], [85.08948986500008, 26.86872756200006], [85.09085636800006, 26.868095436000033], [85.11034506700008, 26.871180679000076], [85.11280741100006, 26.87232440400004], [85.11437511700007, 26.871973223000055], [85.11580076500007, 26.871978928000033], [85.11736868900005, 26.87192667900007], [85.11863545700004, 26.871907046000047], [85.12012269100006, 26.871782175000078], [85.12142998400003, 26.871615102000078], [85.12301582800006, 26.871541040000068], [85.12498204400003, 26.870365211000035], [85.12796889900005, 26.869540998000048], [85.13111050500004, 26.868672632000028], [85.17894725700006, 26.86947262800004], [85.18066854100005, 26.818704895000053], [85.17926159100006, 26.798542406000024], [85.18044459200007, 26.79568894600004], [85.18532830600003, 26.795563273000027], [85.18579205000003, 26.792909773000076], [85.18727994700004, 26.790959189000034], [85.19197361300007, 26.791173826000033], [85.19297705500009, 26.789444058000072], [85.19386748400007, 26.787298070000077], [85.19426974900006, 26.783871357000066], [85.19158985700005, 26.782236768000075], [85.21248216400005, 26.758089294000058], [85.29433199200008, 26.75311117600006], [85.32382498500004, 26.745499383000038], [85.38090038000007, 26.76885867200008], [85.42628573000007, 26.786122357000067], [85.45296319300007, 26.782605443000023], [85.45358033400004, 26.782418318000055], [85.45352550900003, 26.782051359000036], [85.45510380200005, 26.782769020000046], [85.45752354300004, 26.783799833000046], [85.45864387700004, 26.784094418000052], [85.45863259300006, 26.78477306700006], [85.46032114500008, 26.78621971800004], [85.46221648900007, 26.787307294000072], [85.46391131400009, 26.78870438100006], [85.46456301600006, 26.788212300000055], [85.46639312500008, 26.78922560500007], [85.46851996000004, 26.789333460000023], [85.47226789000007, 26.790057469000033], [85.47590097100004, 26.791664774000026], [85.47871106100007, 26.79685031300005], [85.47910733400005, 26.802178493000042], [85.49608900600003, 26.798976221000032], [85.49550643200007, 26.801659635000078], [85.49551175700003, 26.802864794000072], [85.49690441900003, 26.803276692000054], [85.49788806800007, 26.807403701000055], [85.49664752300004, 26.809983627000065], [85.49866312300009, 26.81115297100007], [85.49854266700004, 26.812541920000058], [85.50786075400003, 26.81678987600003], [85.57669844200007, 26.859785341000077], [85.57819583300005, 26.85878525800007], [85.57811314900005, 26.85675300200006], [85.58054193300006, 26.858084228000052], [85.58338696100003, 26.85803310600005], [85.58592567000005, 26.853884519000076], [85.58513140900004, 26.850109818000078], [85.59097278500008, 26.850331753000034], [85.73379657100008, 26.73748854200005], [85.73246681200004, 26.736615615000062], [85.73034846800005, 26.735858715000063], [85.73057901100003, 26.732856679000065], [85.73048547300004, 26.731298654000057], [85.73128543100006, 26.73057997500007], [85.72883864900007, 26.729667541000026], [85.72901253500004, 26.727561254000022], [85.72791282100007, 26.724811514000066], [85.72604818900004, 26.722191086000066], [85.72622146100008, 26.71882269300005], [85.72772076500007, 26.717135235000057], [85.72644667100008, 26.71408292800004], [85.72591807500004, 26.71103159300003], [85.72495076600006, 26.708779638000067], [85.72623647900008, 26.70679754300005], [85.72519393000005, 26.704763181000033], [85.72461966600008, 26.701037306000046], [85.72325086800004, 26.699697170000036], [85.72510392800007, 26.69712683000006], [85.72494399300007, 26.69470706900006], [85.72512671800007, 26.692912939000053], [85.72372908000006, 26.688990411000077], [85.72395606800006, 26.686152082000035], [85.72534772600005, 26.68483045000005], [85.72397797400004, 26.68242744400004], [85.72441944900004, 26.679948823000075], [85.72476814200007, 26.67698410500003], [85.72381280000008, 26.67410770200007], [85.72647729500005, 26.674078549000058], [85.72544707200007, 26.67091553800003], [85.72837060700004, 26.668539016000068], [85.72967574000006, 26.668030637000072], [85.72982110900006, 26.66632517900007], [85.73091295800003, 26.665664613000047], [85.73214767900004, 26.665333490000023], [85.73583714100005, 26.66450827400007], [85.73571252200009, 26.66258963100006], [85.73528796000005, 26.660261916000024], [85.73450296900006, 26.657612044000075], [85.73256590300008, 26.65581184800004], [85.73234141800003, 26.653783436000026], [85.73427299700006, 26.653668442000026], [85.73510624700003, 26.652886367000065], [85.73403879100005, 26.650985125000034], [85.73530580900007, 26.651609929000074], [85.73638397200006, 26.650999548000073], [85.73747064100007, 26.64928727700004], [85.74634121200006, 26.64076526100007], [85.74715239100004, 26.639943380000034], [85.74829355500003, 26.63917866500003], [85.83519430000007, 26.61080066100004], [85.85131762600008, 26.568216275000054], [85.85194257900008, 26.569933563000063], [85.85533069200005, 26.571510191000073], [85.85617392600005, 26.57279376200006], [85.85831728000005, 26.570567005000044], [85.85852671100008, 26.56900178400008], [85.86134383100006, 26.570454880000057], [85.86323076100007, 26.572139841000023], [85.86466553400004, 26.573387437000065], [85.86874941800005, 26.57555907300008], [85.86904546800008, 26.577667320000046], [85.87095331500007, 26.57982501300006], [85.87223914500004, 26.578398119000042], [85.87456510800007, 26.580039412000076], [85.87879980400004, 26.581791820000035], [85.87849887800007, 26.583331886000053], [85.88159473500008, 26.58422999000004], [85.88522885100008, 26.582324064000034], [85.88830457000006, 26.583735601000058], [85.88871404100007, 26.586896782000053], [85.88907524600006, 26.58922145400004], [85.89071004300007, 26.591446937000057], [85.89130702800009, 26.59456330100005], [85.89556151700003, 26.59426296500004], [85.89956879300007, 26.594213899000067], [85.90114700500004, 26.598373811000044], [85.90217713200008, 26.60005712000003], [85.90248132500005, 26.601468375000024], [85.90566498100009, 26.602511470000024], [85.90937970600004, 26.604681950000042], [85.91283542800005, 26.60444829900007], [85.91344587700007, 26.60728424100006], [85.91481146100006, 26.608577256000046], [85.91946245300005, 26.609608554000033], [85.92184781800006, 26.609256367000057], [85.92493654500004, 26.60997145400006], [85.92698707800008, 26.611542814000074], [85.92849438300004, 26.613001508000025], [85.92836868900008, 26.61541348800006], [85.92953453500007, 26.616069130000028], [85.93178482700006, 26.61511277900007], [85.93359865700006, 26.614288814000076], [85.93716572800008, 26.61667282600007], [85.93949260900007, 26.614352263000058], [85.94619522300007, 26.612993505000077], [85.94878126900005, 26.614927372000068], [85.94609311900007, 26.614525539000056], [85.94753837600007, 26.616165254000066], [85.94584712600005, 26.618209429000046], [85.94611700500008, 26.621285002000036], [85.94866926000003, 26.622709392000047], [85.94972447000004, 26.625119621000067], [85.95103715000005, 26.62373864500006], [85.95230716900005, 26.626091995000024], [85.95387442700007, 26.628266445000065], [85.95528942400006, 26.630989639000063], [85.95325398000006, 26.63418751000006], [85.95281457600004, 26.637582683000062], [85.95381526100005, 26.641225494000025], [85.95468213000004, 26.644014181000045], [85.95566447200008, 26.648724248000065], [85.95882380300003, 26.64799180800003], [85.95928911800007, 26.650446728000077], [85.96107250000006, 26.650704489000077], [85.96371451700008, 26.651503104000028], [85.96497105400005, 26.652824433000035], [85.96669886700005, 26.652174651000053], [85.96758597900003, 26.65218552600004], [85.96910604200008, 26.653580119000026], [85.96956788500006, 26.655312970000068], [85.97245416700008, 26.65469183700003], [85.97410809700006, 26.656398030000048], [85.97519545400007, 26.657759920000046], [85.97682336700007, 26.65776671800006], [85.97989027700004, 26.657959986000037], [85.98189706100004, 26.65709614600007], [85.98355445300007, 26.657207570000025], [85.98673857400007, 26.656828353000037], [85.99064784800004, 26.656612720000055], [85.99362782900005, 26.655621793000023], [85.99486868200006, 26.65584626800006], [85.99843138500006, 26.655331425000043], [86.00173274500008, 26.655264677000048], [86.00425908900007, 26.65536284600006], [86.00638971300003, 26.656115111000076], [86.00937532400008, 26.65426285700005], [86.01152777300007, 26.65575291600004], [86.01285046100008, 26.65844131700004], [86.01231596200006, 26.65970847600005], [86.01403845500005, 26.660501486000044], [86.01746827500006, 26.661245688000065], [86.02061948700003, 26.66223751600006], [86.02248238700008, 26.66400340100006], [86.02436925500007, 26.664599227000053], [86.02676758200005, 26.665206341000044], [86.02718543900005, 26.666816549000032], [86.13955249900005, 26.616790907000052], [86.15553193600005, 26.610000435000075], [86.17246415500006, 26.616354556000033], [86.17481148200005, 26.61472905200003], [86.17983160300008, 26.614397300000064], [86.18642121400006, 26.61497455700004], [86.19368866500008, 26.613844783000047], [86.19278843100005, 26.61145742900004], [86.19063529700009, 26.611503391000042], [86.19514255000007, 26.608598049000022], [86.19530646400005, 26.604092586000036], [86.19632509600007, 26.59996731800004], [86.19683804800007, 26.597146440000074], [86.19560836500006, 26.595120880000024], [86.19952141800007, 26.595271421000064], [86.20182307300007, 26.596407417000023], [86.20327841500006, 26.595014374000073], [86.20527789700003, 26.596655162000047], [86.20611115600008, 26.595960039000033], [86.20730388500004, 26.594084011000064], [86.20797396200004, 26.59296536900007], [86.20875782600007, 26.59275378800004], [86.21029204700005, 26.59261969000005], [86.21298190800007, 26.592575605000036], [86.21451405600004, 26.591372311000043], [86.21530906000004, 26.58981061700007], [86.21823246700006, 26.588858019000043], [86.22206862200005, 26.590492046000065], [86.22382093300007, 26.59150403800004], [86.22465324200004, 26.59093303900005], [86.22668159000006, 26.591062805000035], [86.22834716600005, 26.592011170000035], [86.23073508600004, 26.591637138000067], [86.23272257000008, 26.592697617000056], [86.23409690600005, 26.59085671100007], [86.23435616100005, 26.592841692000036], [86.23515879800004, 26.59708764800007], [86.23529929400007, 26.598658], [86.23725133300007, 26.600837071000058], [86.23793357300008, 26.601513974000056], [86.23988071800005, 26.602104879000024], [86.24174269800005, 26.60348692200006], [86.24248334900005, 26.604173374000027], [86.24327191900005, 26.606234719000042], [86.24378209100007, 26.606951138000056], [86.24509938700004, 26.609363381000037], [86.24631446400008, 26.60741802600006], [86.24734280600006, 26.60861373800003], [86.24830029100008, 26.60855644700007], [86.24867336700004, 26.610289778000038], [86.24798579700007, 26.612466047000055], [86.24948889300003, 26.613053614000023], [86.24987918100004, 26.614261284000065], [86.25110754500008, 26.614963936000038], [86.25192730500004, 26.61682134700004], [86.25381731200008, 26.616125108000062], [86.25295615100003, 26.614983425000048], [86.34441140000007, 26.617051029000038], [86.34373460800003, 26.616368011000077], [86.34241962500005, 26.613604387000066], [86.34150304300005, 26.61136829900005], [86.33974855200006, 26.611962465000033], [86.34050356700004, 26.610134680000044], [86.33799601400005, 26.608342468000046], [86.34132905400008, 26.607876530000055], [86.39699026700004, 26.591102696000064], [86.39489337300006, 26.58731844600004], [86.49755187700003, 26.542392610000036], [86.52466926600005, 26.543204038000056], [86.52906620000005, 26.54238207000003], [86.53243917400005, 26.540619391000064], [86.53705913500005, 26.53971107900003], [86.54178464300008, 26.538618437000025], [86.54343057500006, 26.536674307000055], [86.54409456500008, 26.53591030800004], [86.54457608200005, 26.534864500000026], [86.54668261100005, 26.53396173300007], [86.54923222800005, 26.530309229000068], [86.55044527800004, 26.529119096000045], [86.55111273100005, 26.526467670000045], [86.55414358400003, 26.524189276000072], [86.55408356000004, 26.52212085900004], [86.55546187300007, 26.520054780000066], [86.55548911000005, 26.517298263000043], [86.55372852500005, 26.51874650900004], [86.56033148100005, 26.510767696000073], [86.56064519400007, 26.509821938000073], [86.56155841400005, 26.508707377000064], [86.56205489400008, 26.508023630000025], [86.56265265500008, 26.50671847500007], [86.56403214300008, 26.505197295000073], [86.56331383500003, 26.503746704000037], [86.56456228300004, 26.502190279000047], [86.56493202200005, 26.499866523000037], [86.56590438300003, 26.500260366000077], [86.56686229800005, 26.499788882000075], [86.56789673700007, 26.499112706000062], [86.56928416200003, 26.498409381000045], [86.56948741300005, 26.49741580500006], [86.57038890200005, 26.496985491000032], [86.61113318200006, 26.486189737000075], [86.61382133900008, 26.487094892000073], [86.61586876500007, 26.484517400000072], [86.61823786200006, 26.483961478000026], [86.62084405000007, 26.481566545000078], [86.62340877400004, 26.48018930300003], [86.62525502000005, 26.478462990000025], [86.62602964800004, 26.476799758000027], [86.62818840700004, 26.477944811000043], [86.62863195000006, 26.478434010000058], [86.62932618700006, 26.477355784000054], [86.62817469000004, 26.475366058000077], [86.62664743100004, 26.473646977000044], [86.62610449100004, 26.470856130000072], [86.62566689600004, 26.468351014000064], [86.62746044100004, 26.468240636000075], [86.62709886400006, 26.46696367100003], [86.62958880900004, 26.46654722100004], [86.62913586200006, 26.468130719000044], [86.63169623900006, 26.467462897000075], [86.63290889500007, 26.464576890000046], [86.63527039100006, 26.464734591000024], [86.63681787600007, 26.46639218200005], [86.63886070800004, 26.46395682700006], [86.69121212600004, 26.45115820700005], [86.69318288400007, 26.45107097400006], [86.69373603800005, 26.450281310000037], [86.69423185100004, 26.44912766400006], [86.69608894100008, 26.448931410000057], [86.69623353100008, 26.44793878200005], [86.69597892900003, 26.446514086000036], [86.69556481700005, 26.444760269000028], [86.69745281100006, 26.44347145100005], [86.69915561700003, 26.44177809100006], [86.69971947200008, 26.43945977000004], [86.69933318700004, 26.43791069400004], [86.70071026300008, 26.437453317000063], [86.70217629100006, 26.436942200000033], [86.72559508500007, 26.426197668000043], [86.72734249700005, 26.425139757000068], [86.72853007200007, 26.426946564000048], [86.73047545400004, 26.42646336000007], [86.72957971400007, 26.424526619000062], [86.72956690800004, 26.423017773000026], [86.73067660000004, 26.42265051100003], [86.73209622000007, 26.42403365200005], [86.73461784400007, 26.424172602000056], [86.73623974300006, 26.423746703000063], [86.73755877600007, 26.425844728000072], [86.73983111100006, 26.425670570000023], [86.74141746000004, 26.42515469500006], [86.74267725600004, 26.426840871000024], [86.74608848400004, 26.428431543000045], [86.74662585300007, 26.431206872000075], [86.74776328700005, 26.43355656800003], [86.74459453600008, 26.433869997000045], [86.74512577600007, 26.436456511000074], [86.74653692200008, 26.43580354200003], [86.74848340200003, 26.439633884000045], [86.75087616900004, 26.442548720000048], [86.75362136400008, 26.442370621000066], [86.75294759900004, 26.446063864000052], [86.75593611500005, 26.447326944000054], [86.75967971300008, 26.448364643000048], [86.75983316500003, 26.44886348800003], [86.76007462400008, 26.451306609000028], [86.76195524100007, 26.45147945100007], [86.76364574500008, 26.450624622000078], [86.76479712200006, 26.45237933800007], [86.76343586200005, 26.453835497000057], [86.76327128700007, 26.454942324000058], [86.76388348400008, 26.45769529300003], [86.76637340000008, 26.459281264000026], [86.76908415100007, 26.458796885000027], [86.83346853200004, 26.439036506000036], [86.83524202400008, 26.441260338000063], [86.83655116700004, 26.44017916300004], [86.83828736400005, 26.442346040000075], [86.83983280000007, 26.441713669000023], [86.84018592300004, 26.440877942000043], [86.84275939000008, 26.44052887400005], [86.84430978100005, 26.441970153000057], [86.84563963400007, 26.442037364000043], [86.84536629700006, 26.444078637000075], [86.84520847200008, 26.447078297000076], [86.84888676800006, 26.448546005000026], [86.85271881300008, 26.44826253800005], [86.85690580400006, 26.451616586000057], [86.85838724900003, 26.453723081000078], [86.86145931100003, 26.45690545700006], [86.86517029400005, 26.457390131000068], [86.86672577000007, 26.45618141800003], [86.86890616000005, 26.454591223000023], [86.87120351000004, 26.454178660000025], [86.87361741700005, 26.455137001000026], [86.87552821700007, 26.456019799000046], [86.87563533000008, 26.45753628400007], [86.87796501600008, 26.458022947000075], [86.87933447900008, 26.45742368200007], [86.88251473900004, 26.459901712000033], [86.88356638500005, 26.460710066000047], [86.88608241900005, 26.461620783000058], [86.88853083100008, 26.461620254000024], [86.89055694200005, 26.46203891500005], [86.89247049000005, 26.461710521000043], [86.89400270200008, 26.462425804000077], [86.89431284700004, 26.46506436900006], [86.89504997000006, 26.46744037600007], [86.89409138000008, 26.468218578000062], [86.89399594300005, 26.469248535000077], [86.89234371700007, 26.469464823000067], [86.89323573400009, 26.471766285000058], [86.89242620700009, 26.472157481000067], [86.89327985600005, 26.473663183000042], [86.89228097900008, 26.475335555000072], [86.89332097800008, 26.476377709000076], [86.89172494200005, 26.476297275000036], [86.89251162100004, 26.478063847000044], [86.89174546200007, 26.47925815600007], [86.89061286000003, 26.48173690400006], [86.89077793400008, 26.483357780000063], [86.89111254300008, 26.485278452000045], [86.89254815600003, 26.485965947000068], [86.89291696900005, 26.487572545000035], [86.93269703700008, 26.517395615000055], [86.95267147900006, 26.521309718000055], [86.96358831300006, 26.523864486000036], [86.96585054200006, 26.523460382000053], [87.02004758600003, 26.540267130000075], [87.07163453200008, 26.58539984600003], [87.07840595300007, 26.529347827000038], [87.11386873300006, 26.433657999000047], [87.21170028600005, 26.412507512000047], [87.21204118800006, 26.410863921000043], [87.21139458300007, 26.409207528000024], [87.21304288200008, 26.408609118000072], [87.21500974100007, 26.407481714000028], [87.21693450800007, 26.40693903500005], [87.21789744500006, 26.405157486000064], [87.21855256300006, 26.40351778400003], [87.21974401700004, 26.403450690000057], [87.22089327400005, 26.404868285000077], [87.22166903100003, 26.40459382800003], [87.22217640200006, 26.405387637000047], [87.22294320800006, 26.40594678000008], [87.22352365900008, 26.40638218400005], [87.22420815900006, 26.407192783000028], [87.22371692200005, 26.408493342000043], [87.22430924400004, 26.408550675000072], [87.22539809700004, 26.408745776000046], [87.22599176100005, 26.409470316000068], [87.22646188400006, 26.410519796000074], [87.22674705700007, 26.410924972000032], [87.22688277300006, 26.411629052000023], [87.22774738300006, 26.41245031300008], [87.24773543600008, 26.413931382000044], [87.24760224800008, 26.41225242300004], [87.24834261800004, 26.411009702000058], [87.24925990000008, 26.410719579000045], [87.24983105200005, 26.40968149500003], [87.25113563400004, 26.410015127000065], [87.25294321700005, 26.41094399700006], [87.25441697700006, 26.410498610000047], [87.25538848100007, 26.410945679000065], [87.27261603900007, 26.372559798000054], [87.35332004700007, 26.372085424000034], [87.54750350300003, 26.418462868000063], [87.71176952500008, 26.427198059000034], [87.71325621300008, 26.42543398300006], [87.71386000900009, 26.424167957000066], [87.71326824000005, 26.423397326000043], [87.71492764200008, 26.423322788000064], [87.71483322400007, 26.42266951700003], [87.71583592800005, 26.422034534000034], [87.71661320500004, 26.422650866000026], [87.71788290500007, 26.422398429000054], [87.71878776900007, 26.42114446000005], [87.72050126900007, 26.420355002000065], [87.72130779600008, 26.419419531000074], [87.72238960800007, 26.41885138500004], [87.72271116000007, 26.41831647300006], [87.72347694600006, 26.41702479500003], [87.72385256100006, 26.41507672700004], [87.74698537200004, 26.417994711000063], [87.74996444600004, 26.41619980300004], [87.75034506000009, 26.412279816000023], [87.76571905600008, 26.410823917000073], [87.76717782700007, 26.411069817000055], [87.76546621400007, 26.411480023000024], [87.76722454000009, 26.414152623000064], [87.76658930500008, 26.417546919000074], [87.77081905300008, 26.421419395000044], [87.77210547800007, 26.420641681000063], [87.77474198500005, 26.423120227000027], [87.77510768400003, 26.425589522000053], [87.77243130900007, 26.425656837000076], [87.77060744900007, 26.428051269000036], [87.77354923600006, 26.42781285700005], [87.77410188800008, 26.431142532000024], [87.77623519400004, 26.43162517500008], [87.77844694000004, 26.43456476600005], [87.77572909800006, 26.441041471000062], [87.77763214100008, 26.442997208000065], [87.77644133500007, 26.445190781000065], [87.77646787100008, 26.44706247700003], [87.77626953700008, 26.448897421000026], [87.77384123700006, 26.44739060300003], [87.77250907000007, 26.449062301000026], [87.77414333200005, 26.450361048000048], [87.77669557400003, 26.450726023000072], [87.77925571900005, 26.450233756000046], [87.77860357200007, 26.452414889000067], [87.77676984800007, 26.45141363700003], [87.77607795000006, 26.45290907900005], [87.77707590000006, 26.453461960000027], [87.78032718600008, 26.453384483000036], [87.78209053200004, 26.45737968900005], [87.78552088500004, 26.458720536000044], [87.78910173900005, 26.462308120000046], [87.79109966000004, 26.46597971700004], [87.86147461000007, 26.44922987700005], [87.86085643100006, 26.451413308000042], [87.86224065600004, 26.452672084000028], [87.86125918000005, 26.453664853000078], [87.85945744300005, 26.454721848000077], [87.85813719400005, 26.457232803000068], [87.85909364900004, 26.459561957000062], [87.85898327500007, 26.460529420000057], [87.85815872800003, 26.46125794200003], [87.85802059700006, 26.463336060000074], [87.85883313000005, 26.46399523200006], [87.86237367900009, 26.464310589000036], [87.86323330400006, 26.467529589000037], [87.92566703100005, 26.44270628000004], [87.92079949600009, 26.436561020000056], [87.91599362900007, 26.431800586000065], [87.91935132700007, 26.42968847700007], [87.92563340800007, 26.427844222000033], [87.92609348600007, 26.419924537000043], [87.93020996200005, 26.41792457200006], [87.99202264500008, 26.371101750000037], [87.99206407400004, 26.369764849000035], [87.99385895100005, 26.369229974000064], [87.99299900600005, 26.368444682000074], [87.99438084400003, 26.36782026900005], [87.99501478500008, 26.367401408000035], [87.99562968000004, 26.366837022000027], [87.99643594300005, 26.36573979900004], [87.99912424500008, 26.365605982000034], [88.00010164500009, 26.36693228400003], [88.00148699900006, 26.365767563000077], [88.00273675700004, 26.36498824000006], [88.00427838200005, 26.36393847100004], [88.00536332400009, 26.362987547000046], [88.00551751600005, 26.362178365000034], [88.00586249700007, 26.361895915000048], [88.02945810400007, 26.367169397000055], [88.02845064600007, 26.371912811000072], [88.02940587200004, 26.376293289000046], [88.02879348400006, 26.37832927000005], [88.02681205500005, 26.38289910800006], [88.03173657900004, 26.385721368000077], [88.03416056000003, 26.388568873000054], [88.03570462900007, 26.391013887000042], [88.03643033900005, 26.390859513000066], [88.03815769400006, 26.39249921700008], [88.04042901200006, 26.394373809000058], [88.04258919400007, 26.396069467000075], [88.04561141900007, 26.397744199000044], [88.04581043300004, 26.39871955900003], [88.04665691400004, 26.400087969000026], [88.04714005600005, 26.40078677100007], [88.04749206600007, 26.40148316500006], [88.04795415600006, 26.400415716000055], [88.05021018200006, 26.40113024900006], [88.05164984600003, 26.399281940000037], [88.05236467200007, 26.40060920700006], [88.05460660500006, 26.400814033000074], [88.05506120500007, 26.401669640000023], [88.05430606800007, 26.402867592000064], [88.05601226100003, 26.403412982000077], [88.05686087300006, 26.405864380000025], [88.05927751600007, 26.40837153800004], [88.06347128500005, 26.410458086000062], [88.06593971700005, 26.408644434000053], [88.07008260300006, 26.415444930000035], [88.07698958100008, 26.41970996300006], [88.08362639900008, 26.421740210000053], [88.08944639900005, 26.42528403400007], [88.09063542300004, 26.42752464000006], [88.09077078200005, 26.431504440000026], [88.09160362800003, 26.434565434000035], [88.09200669600006, 26.439606325000057], [88.09447817700004, 26.444012539000028], [88.09725844200005, 26.45290632900003], [88.09245931800007, 26.456416493000063], [88.09139747100005, 26.45731528500005], [88.09013447600006, 26.45864840400003], [88.08852883900005, 26.460455426000067], [88.08997486000004, 26.464424761000032], [88.09385630000008, 26.462495213000068], [88.09781469800004, 26.462436281000066], [88.10353149400004, 26.464043719000074], [88.10545855700008, 26.469593049000025], [88.10114908700007, 26.476389296000036], [88.09874251000008, 26.481784264000055], [88.10441130200007, 26.483725209000056], [88.10590052100008, 26.484517204000042], [88.10632420200005, 26.486023851000027], [88.10551944100007, 26.487079747000053], [88.10600717500006, 26.488369172000034], [88.10504614600006, 26.489183225000033], [88.09990992400003, 26.493525340000076], [88.10050540800006, 26.49892725500007], [88.09630643000008, 26.505550820000053], [88.10190333700007, 26.519709557000056], [88.10403797700008, 26.529113262000067], [88.09854078600006, 26.538652740000032], [88.10925825900006, 26.54396981600007], [88.10701008300003, 26.56071472600007], [88.11243473600007, 26.557676056000048], [88.11216053500004, 26.56314915300004], [88.11235190700006, 26.56487074200004], [88.11192202000007, 26.571153890000062], [88.11782678700007, 26.568659687000036], [88.11945897900006, 26.575645140000063], [88.12480841700005, 26.574830649000035], [88.12821471100006, 26.573155451000048], [88.12953048400004, 26.58821583200006], [88.13907050300008, 26.608801390000053], [88.15503978200007, 26.630730292000067], [88.16025474400004, 26.636566386000027], [88.15921379700006, 26.642827410000052], [88.16287222800008, 26.650942203000056], [88.16467588000006, 26.66830645500005], [88.16762377500004, 26.68365368800005], [88.16725932100007, 26.698808859000053], [88.17497645500004, 26.709689385000047], [88.18208841400008, 26.720753801000058], [88.18448534900006, 26.73472189900008], [88.18569015500003, 26.756969855000023], [88.18189534200008, 26.785540439000044], [88.17999263400009, 26.798321178000037], [88.17857344600003, 26.812373481000066], [88.17658779000004, 26.81957371900006], [88.17269550500004, 26.82583696200004], [88.17214406300008, 26.82963464000005], [88.17360498000005, 26.83237574800006], [88.17173666400004, 26.83543239100004], [88.16952152200008, 26.836408134000067], [88.16851542200004, 26.84051716700003], [88.16949119400005, 26.843871729000057], [88.16836024300005, 26.84682177600007], [88.16781596100003, 26.849400993000074], [88.16986317200008, 26.851656089000073], [88.17360081700008, 26.852239999000062], [88.17334674100005, 26.854719446000047], [88.17383858700003, 26.85710772300007], [88.17439221700005, 26.859391256000038], [88.17186674600003, 26.861197180000033], [88.17273701500005, 26.863629068000023], [88.17331868300005, 26.86489265700004], [88.17239583200006, 26.865990589000035], [88.17202579500008, 26.86894141500005], [88.16922068900004, 26.86909230300006], [88.16686538900007, 26.870304556000065], [88.16543590800006, 26.87201941400008], [88.16413591200006, 26.87407167200007], [88.16406010800006, 26.87646458300003], [88.16214620200003, 26.879435539000042], [88.16072960500009, 26.881383047000043], [88.15741363900008, 26.883193580000068], [88.15661390800005, 26.885504697000044], [88.15392749300008, 26.88538676400003], [88.15213776800005, 26.885615748000077], [88.15045239200003, 26.886781536000058], [88.14823190200008, 26.888085115000024], [88.14611150000007, 26.889207888000044], [88.14474068800007, 26.891148589000068], [88.14212806300009, 26.892208261000064], [88.14104142800005, 26.894379569000023], [88.13939843500003, 26.895915597000055], [88.13862639500007, 26.897323735000043], [88.13648047600003, 26.89834977000004], [88.13720516900008, 26.90088419700004], [88.13899568300008, 26.902848061000043], [88.13876791300004, 26.905236702000025], [88.13988983200005, 26.90699344400008], [88.14129745400004, 26.909181043000046], [88.14254074200005, 26.91208969300004], [88.14434576600007, 26.91487376400005], [88.14371743100008, 26.91703489200006], [88.14468812600006, 26.919158064000044], [88.14586427600005, 26.920788507000054], [88.14254292000004, 26.92484766900003], [88.13916085600005, 26.929286409000042], [88.13583613100008, 26.934527229000025], [88.13076438100006, 26.93848078600007], [88.12796247100005, 26.941026738000062], [88.12555586900004, 26.943559667000045], [88.12293566500006, 26.94732235500004], [88.12076585000005, 26.952868436000074], [88.12281278700004, 26.960393362000048], [88.12205814100008, 26.965712173000043], [88.12396086200005, 26.971327802000076], [88.12724925600008, 26.97579375300006], [88.13031468000008, 26.980133943000055], [88.13180399600003, 26.981963362000045], [88.13516597400007, 26.984742582000024], [88.13401221800007, 26.986687884000048], [88.12400465600007, 26.98760384600007], [88.12015326900007, 26.987257165000074], [88.11683975300008, 26.98787833800003], [88.11171143500007, 26.99109435500003], [88.10927601100008, 26.993632621000074], [88.10731006000003, 26.99554333100008], [88.10565978200003, 26.996955611000033], [88.10346087200008, 26.998406431000035], [88.10117671100005, 27.001307489000055], [88.09861317000008, 27.004036760000076], [88.09449764900006, 27.00445290300007], [88.09098607400006, 27.00593192200006], [88.08831108400005, 27.00867080100005], [88.08795763400008, 27.01117372300007], [88.08855213200007, 27.01467470800003], [88.08624962300007, 27.018988313000023], [88.08364780000005, 27.022638415000074], [88.08302060700004, 27.02730301400004], [88.08181424000009, 27.030849614000033], [88.07627541900007, 27.03576720600006], [88.07295233000008, 27.034093535000068], [88.06909867400003, 27.031638816000054], [88.06431600900004, 27.03127888100005], [88.05952264100006, 27.029246641000043], [88.05673409200006, 27.032207939000045], [88.05277199200003, 27.033284258000037], [88.04788071100006, 27.035024753000073], [88.04229176500007, 27.03631001800005], [88.03877133200007, 27.036207554000043], [88.03627435700008, 27.03830098800006], [88.03616557700008, 27.04100810500006], [88.03446838200006, 27.043568363000077], [88.03244179100005, 27.045113547000028], [88.03035327100008, 27.04686834100005], [88.02866161100008, 27.04920281300008], [88.02666770000008, 27.052734429000054], [88.02576891500007, 27.056503348000035], [88.02408832900005, 27.05961284600005], [88.02258577600008, 27.062614217000032], [88.02248178500008, 27.064474011000073], [88.02146500700007, 27.067814517000045], [88.01984209400007, 27.069579738000073], [88.01759047400003, 27.071473104000063], [88.01560204800006, 27.074834804000034], [88.01618735100004, 27.077295142000025], [88.01778222800004, 27.07935573000003], [88.02032832700007, 27.082306197000037], [88.02029935400003, 27.08664812300003], [88.01769319900006, 27.08811392000007], [88.01517902500007, 27.089244758000063], [88.01345252000004, 27.091995586000053], [88.01215437200005, 27.095327156000053], [88.01010124400005, 27.098203109000053], [88.00761762200005, 27.099437565000073], [88.00726705200003, 27.10128244300006], [88.00392568000007, 27.10344318700004], [88.00144258200004, 27.10480054100003], [87.99788465000006, 27.10365204200008], [87.99302230000006, 27.104869244000042], [87.99110838900003, 27.109674677000044], [87.98958664800006, 27.112302760000034], [87.98918363500007, 27.11685596500007], [87.98731992700004, 27.11935853600005], [87.98901954500008, 27.12129701300006], [87.98873774100008, 27.12372013600003], [87.99047119200009, 27.125520781000034], [87.99115609100005, 27.12940928100005], [87.99184788600007, 27.130937132000042], [87.99549017700008, 27.132512821000034], [87.99852386600008, 27.133703470000057], [87.99906108100004, 27.136467637000067], [88.00054515500005, 27.13845236700007], [88.00163980600007, 27.141047857000046], [88.00423689600007, 27.14205170500003], [88.00679363900008, 27.14332895600006], [88.00777427900005, 27.14485939900004], [88.00843327200005, 27.148115061000055], [88.00879353800008, 27.150834545000066], [88.00947952100006, 27.153584168000066], [88.00944411900008, 27.15705993800003], [88.01095505900008, 27.15944316100007], [88.01117370900005, 27.161481706000075], [88.01123113400007, 27.165339266000046], [88.01206240500005, 27.16697796300008], [88.01488851000005, 27.168093853000073], [88.01687869900007, 27.16991579300003], [88.01881588300006, 27.171122381000032], [88.01807016100008, 27.17307309100005], [88.01615088800008, 27.17469899400004], [88.01345110700004, 27.17667508900007], [88.01316171200006, 27.179313111000056], [88.01302197900009, 27.18099554500003], [88.01312923500006, 27.18354824100004], [88.01358706300005, 27.18600447800003], [88.01393320800008, 27.188549144000035], [88.01544417200006, 27.192500684000038], [88.01575481200007, 27.194833604000053], [88.01560291700008, 27.19786034400005], [88.01430182400009, 27.201259942000036], [88.01159218300006, 27.20351908200007], [88.01365319500007, 27.206488061000073], [88.01535534100003, 27.209674893000056], [88.01393323900004, 27.212381350000044], [88.01241525200004, 27.215485797000042], [88.01454669000003, 27.221141815000067], [88.01757438800007, 27.222906761000047], [88.01854719300007, 27.22541397200007], [88.01898555900004, 27.23010621700007], [88.01896603300008, 27.234765034000077], [88.02100491400006, 27.23754901500007], [88.02198335100007, 27.237706021000065], [88.02315077800006, 27.23788963800007], [88.02473618800008, 27.23829168800006], [88.02430129500004, 27.241690877000053], [88.02539342000006, 27.243856686000072], [88.02674026000005, 27.24613469800005], [88.02778259800004, 27.249264827000047], [88.03000652600008, 27.250050954000073], [88.03078659400006, 27.253907300000037], [88.03069844400005, 27.25942961900006], [88.03039207600006, 27.263651050000078], [88.03126066800007, 27.26806042100003], [88.03086601300004, 27.27362436100003], [88.03158753400004, 27.277522136000073], [88.03289040100003, 27.282188339000072], [88.03152537600005, 27.285905513000046], [88.03331282400006, 27.287297781000063], [88.03500041100006, 27.289334591000056], [88.03702965100007, 27.29017096800004], [88.03902909600004, 27.291957827000033], [88.04220379800006, 27.291543684000032], [88.04345545000007, 27.29224417200004], [88.04470038600005, 27.293737649000036], [88.04407019300004, 27.295083529000067], [88.04374947300005, 27.29639004200004], [88.04293882100006, 27.298025849000055], [88.04219940200005, 27.299534261000076], [88.04142273400004, 27.301192918000027], [88.04114051200008, 27.302309441000034], [88.04123335500003, 27.303686964000065], [88.04298854600006, 27.30686600200005], [88.04647278600004, 27.310631784000066], [88.04839697200003, 27.31274226200003], [88.04914886900008, 27.316041951000045], [88.04943005800004, 27.317863935000048], [88.04955948400004, 27.319626869000047], [88.05135808200004, 27.32199722400003], [88.05334152900008, 27.32506290300006], [88.05846697400005, 27.32799478100003], [88.06098375400006, 27.33142721400003], [88.06281735000005, 27.333318674000054], [88.06579913900003, 27.33592743400004], [88.06550848400008, 27.338273297000057], [88.06366965500007, 27.34270718500005], [88.06121047700003, 27.345527013000037], [88.05992245300007, 27.34969095300005], [88.05869723000006, 27.352516017000028], [88.05631644000005, 27.35654683000007], [88.05467787000003, 27.357705236000072], [88.05235629300006, 27.35818970500003], [88.04795670000004, 27.361504007000065], [88.04465282500007, 27.365965432000053], [88.04165943100008, 27.370356498000035], [88.04288816800005, 27.375325693000036], [88.04446380100006, 27.379191997000078], [88.04499772600008, 27.38196878100007], [88.04406523800003, 27.384837788000027], [88.04481117700004, 27.387208936000036], [88.04483883000006, 27.389643023000076], [88.04578128800006, 27.39434796300003], [88.04749148900004, 27.399139974000036], [88.04846112300004, 27.40059351700006], [88.04757851200009, 27.403454409000062], [88.04706041300005, 27.405316608000078], [88.04933644600004, 27.40692417400004], [88.05050581600005, 27.41074720100005], [88.05104807500004, 27.413137552000023], [88.05277708200003, 27.414499814000067], [88.05484600400007, 27.417697846000067], [88.05696752200004, 27.418769130000044], [88.05972199100006, 27.420475366000062], [88.06394181600007, 27.422745243000065], [88.06681456900003, 27.42496204400004], [88.06928181400008, 27.425891095000054], [88.07189607000004, 27.425917043000027], [88.07325850200004, 27.426320169000064], [88.07435868800007, 27.42935600100003], [88.07233626200008, 27.434518686000047], [88.06888507000008, 27.437374386000045], [88.06924035100008, 27.44136175600005], [88.07221783100005, 27.444764260000056], [88.07059631300007, 27.447472280000056], [88.06712828900004, 27.450040140000056], [88.06466820700007, 27.453803120000032], [88.06644513700007, 27.456067779000023], [88.06557975500004, 27.45898975800003], [88.06078718200007, 27.460886731000073], [88.05741089000009, 27.46558739200003], [88.05656256500004, 27.467397853000023], [88.05346510200008, 27.46922677200007], [88.05151826600007, 27.471322331000067], [88.04798076300006, 27.473617568000066], [88.04541153400004, 27.47622456000005], [88.04492842800005, 27.480475247000072], [88.04390645400008, 27.487862259000053], [88.04458982300008, 27.493511917000035], [88.04453079000007, 27.498156777000077], [88.04642252100007, 27.501439981000033], [88.04864622800005, 27.502145496000026], [88.04986979200004, 27.50414461500003], [88.05184271700006, 27.50463085800004], [88.05403275900005, 27.50470247000004], [88.05554715800008, 27.506693781000024], [88.05810858300003, 27.510182687000054], [88.06120461200004, 27.51303936900007], [88.05752949400005, 27.515993094000066], [88.05828916700005, 27.521018834000074], [88.06141407700005, 27.525489237000045], [88.06481584000005, 27.526729726000042], [88.06695639200007, 27.527178367000033], [88.06185181200004, 27.530097127000033], [88.05883459200004, 27.534934099000054], [88.06049928600004, 27.53830401600004], [88.06228582200004, 27.541105663000053], [88.06366165800006, 27.542826692000062], [88.06562094600008, 27.54509551600006], [88.06751846000003, 27.545375333000038], [88.06871944300008, 27.54712734000003], [88.06841761800007, 27.551542848000054], [88.06982836600008, 27.556170588000043], [88.07353720500004, 27.557312371000023], [88.07555000800005, 27.558219275000056], [88.07719274700008, 27.55933587900006], [88.07865362800004, 27.56104398000008], [88.07899115200007, 27.56193348900007], [88.07995051600005, 27.563297179000074], [88.08015502600006, 27.56423891700007], [88.08073780900008, 27.56579033400004], [88.07752607700007, 27.569003162000058], [88.07764047000006, 27.575494416000026], [88.07971620300003, 27.580192916000044], [88.08415292700005, 27.588806697000052], [88.08874631500004, 27.59443480400006], [88.09174829700004, 27.597037968000052], [88.09471894800004, 27.598281634000045], [88.09883524200006, 27.59976369900005], [88.10341551500005, 27.601939344000073], [88.10810787800006, 27.604768913000044], [88.11131729600004, 27.608266250000042], [88.11368567600005, 27.611651648000077], [88.11533848600004, 27.621240852000028], [88.11708414300006, 27.629517530000044], [88.11906348500008, 27.635814340000024], [88.12040190200008, 27.638293456000042], [88.11987421400005, 27.641191040000024], [88.11987172000005, 27.645157896000057], [88.12221747700005, 27.647313062000023], [88.12491117700006, 27.650022824000075], [88.12593753700008, 27.65084955100008], [88.12725905500008, 27.651242240000045], [88.12885527000003, 27.65209639300008], [88.13020367400009, 27.65325342700004], [88.13078474300005, 27.65449176100003], [88.13241996200009, 27.656140852000078], [88.13500195700004, 27.656289482000034], [88.13704252700006, 27.65739331000003], [88.13883444800007, 27.65907143100003], [88.14106094300007, 27.661978531000045], [88.14443727600008, 27.66444241800008], [88.14511879800006, 27.669367219000037], [88.14643503300005, 27.67206340100006], [88.14684674100005, 27.67438526500007], [88.14659075800006, 27.676101498000037], [88.14722901100004, 27.68003876100005], [88.14792839500006, 27.68068814000003], [88.14832848600008, 27.681955695000056], [88.14866224300005, 27.682820548000052], [88.14891039500003, 27.683250883000028], [88.14908935200003, 27.683745231000046], [88.14981754000007, 27.684035771000026], [88.15034340600005, 27.684389447000058], [88.15046488900003, 27.684963123000045], [88.15055124600008, 27.68562569100004], [88.15088221500008, 27.68612842600004], [88.15132990100005, 27.686932796000065], [88.15244644400008, 27.688530026000024], [88.15301607800006, 27.690485360000025], [88.15378237300007, 27.69138312800004], [88.15384066100006, 27.692149764000078], [88.15311204300008, 27.693387511000026], [88.15095163000007, 27.696138322000024], [88.15084640400005, 27.698278489000074], [88.14932309000005, 27.700484200000062], [88.14804607100007, 27.70216276700006], [88.14777565400004, 27.703010083000038], [88.14907733500007, 27.704877103000058], [88.14901736000007, 27.708100397000067], [88.15210182800007, 27.71131472600007], [88.15362028600003, 27.71410833500005], [88.15458826000008, 27.716744703000074], [88.15577235100005, 27.71969430200005], [88.15434660600005, 27.722799305000024], [88.15442380000007, 27.728069437000045], [88.15462002700008, 27.730845765000026], [88.15551128900006, 27.733841546000065], [88.15581271200006, 27.73543240400005], [88.15675981700008, 27.736799388000065], [88.15787997100006, 27.737896143000057], [88.15831450100006, 27.73972877700004], [88.16028006900007, 27.74031482600003], [88.16279314400003, 27.740119074000063], [88.16493931800005, 27.74085029300005], [88.16837929600007, 27.74121142000007], [88.17253112100008, 27.742809174000058], [88.17425124200008, 27.744104417000074], [88.17835964300008, 27.74771255400003], [88.17669184200008, 27.757887778000054], [88.18239583800005, 27.765024078000067], [88.18145955600005, 27.772246685000027], [88.18228711000006, 27.77653133900003], [88.18609664900004, 27.778227839000067], [88.18808867200005, 27.781056301000035], [88.19052775300008, 27.783304459000078], [88.19187311200005, 27.784339215000045], [88.19339175200008, 27.78561262000005], [88.19459536600004, 27.786406184000043], [88.19526830800004, 27.78698477900008], [88.19555217200008, 27.78859551800008], [88.19627525400006, 27.79009365400003], [88.19692084600007, 27.791692830000045], [88.19576809000006, 27.793787845000054], [88.19399765000009, 27.79602182700006], [88.19003225200004, 27.798246642000038], [88.18668838200006, 27.80207099000006], [88.18608476800006, 27.804434964000052], [88.18529996700005, 27.808393256000045], [88.18450077000006, 27.810978313000078], [88.17994878200005, 27.814441574000057], [88.17488297500006, 27.81757934600006], [88.17350498100006, 27.820746405000023], [88.17857187300007, 27.822354399000062], [88.18546421700006, 27.82466504000007], [88.18906400200007, 27.827489141000058], [88.19116489800007, 27.831655529000045], [88.19325755700004, 27.834139046000075], [88.19529877700006, 27.836151264000023], [88.19988960200004, 27.836920965000047], [88.20118927900006, 27.83792218700006], [88.20175919600007, 27.839462620000063], [88.20122314200006, 27.841062195000063], [88.20124452300007, 27.842929928000046], [88.19928099000003, 27.84498680100006], [88.19698742100007, 27.848457257000064], [88.19637577700007, 27.852276111000037], [88.19480111400009, 27.854650536000065], [88.18943519800007, 27.85390138200006], [88.18599082500003, 27.856026408000048], [88.18263511800006, 27.85690458600004], [88.17775598500003, 27.85738027000008], [88.17608850900007, 27.859744271000068], [88.17419629700004, 27.861517310000067], [88.17164687100006, 27.863661897000043], [88.16842210300007, 27.865036002000068], [88.16692859400007, 27.86602830000004], [88.16581308900004, 27.867200627000045], [88.16397263000005, 27.868520834000037], [88.16156128500006, 27.86950626500004], [88.15953507400008, 27.870134214000075], [88.15793960800005, 27.870572491000075], [88.15641511300004, 27.87087458800005], [88.15368219200008, 27.870956809000063], [88.15246354100003, 27.87325292400004], [88.15111182800007, 27.874219964000076], [88.15002505100006, 27.875596504000043], [88.14873385900006, 27.876408023000067], [88.14611581400004, 27.876582959000075], [88.14296557400007, 27.878452741000046], [88.13959950400005, 27.878292156000043], [88.13776187700006, 27.88003509200007], [88.13629700100006, 27.893583], [88.121425, 27.909692], [88.130086, 27.928347001000077], [88.13199, 27.950857], [88.153548, 27.958614001000058], [88.175058, 27.949382], [88.18743100100005, 27.942672], [88.205991, 27.945955001000073], [88.212844, 27.963801001000036], [88.226074, 27.964182], [88.243158, 27.956139001000054], [88.251327, 27.941664], [88.268078, 27.957048], [88.283162, 27.963361], [88.296404, 27.966697], [88.305549, 27.967325], [88.31425000100006, 27.972655001000078], [88.326308, 27.978091], [88.342329, 27.985583001000066], [88.364995, 27.989051], [88.376877, 27.989319], [88.387372, 27.980407], [88.400134, 27.977304], [88.411879, 27.98127], [88.419548, 28.000626], [88.439142, 28.008532], [88.45987, 28.015568], [88.472088, 28.024154], [88.487378, 28.045689001000028], [88.507249, 28.045326], [88.525198, 28.035559], [88.549588, 28.037274], [88.550887, 28.050521], [88.557303, 28.075509001000057], [88.56745900100003, 28.09067800100007], [88.595711, 28.08966500100007], [88.61727, 28.112858], [88.64043973600008, 28.115307378000068], [88.655709, 28.09491200100007], [88.66638626700006, 28.084574700000076], [88.691399, 28.078613], [88.712474, 28.078084001000036], [88.728536, 28.072692], [88.742706, 28.07517], [88.761008, 28.072903], [88.769722, 28.063136], [88.784016, 28.053220001000057], [88.79502, 28.043098001000033], [88.804865, 28.02985300100005], [88.819293, 28.02197200100005], [88.834314, 28.016426], [88.84409777300004, 27.988571685000068], [88.84185185200005, 27.97680642000006], [88.84065354200004, 27.966954240000064], [88.84099708500008, 27.96382817600005], [88.84188177100003, 27.96208109300005], [88.84153653700008, 27.96058301900007], [88.84155063000009, 27.959006054000042], [88.84233082400004, 27.956847268000047], [88.84234402400006, 27.953281141000048], [88.83981467100006, 27.948008581000067], [88.83880674700004, 27.94253202300007], [88.83672081100008, 27.929088183000033], [88.85497233300003, 27.926358379000078], [88.868615, 27.916176001000053], [88.870555, 27.905009], [88.88086900100006, 27.88756900100003], [88.879238, 27.872468], [88.887813, 27.857241], [88.881722, 27.839076], [88.86566, 27.821709], [88.856487, 27.785], [88.854819, 27.770007], [88.858264, 27.754218001000027], [88.864699, 27.741528], [88.858753, 27.727352], [88.85678, 27.717637], [88.849618, 27.714758], [88.839839, 27.709523001000036], [88.844883, 27.700243], [88.848286, 27.693486], [88.844366, 27.680427001000055], [88.84823, 27.668192], [88.838281, 27.655538001000025], [88.830553, 27.647199], [88.821484, 27.645129001000043], [88.813537, 27.641441001000032], [88.807208, 27.63071], [88.80873, 27.62143000100008], [88.807398, 27.61077], [88.803686, 27.594233], [88.794192, 27.589807], [88.790099, 27.581764001000067], [88.790139, 27.574369], [88.778035, 27.57021], [88.767991, 27.570171], [88.768108, 27.560637], [88.773641, 27.550024], [88.773778, 27.542158001000075], [88.779879, 27.530799], [88.787196, 27.530603], [88.792924, 27.525895001000038], [88.789158, 27.51836200100007], [88.785843, 27.506788], [88.78247969500006, 27.495881869000073], [88.784469, 27.487739], [88.781958, 27.478304], [88.778005, 27.471502001000033], [88.782632, 27.454541], [88.793479, 27.447159], [88.794138, 27.432791001000055], [88.799505, 27.425428], [88.805375, 27.414343001000077], [88.819998, 27.404690001000063], [88.829823, 27.390556], [88.840769, 27.381162], [88.861884, 27.381822], [88.869066, 27.364873], [88.882311, 27.357489], [88.88313880200008, 27.351342099000078], [88.88462751200007, 27.349447960000077], [88.88420363300008, 27.34407112400004], [88.89174151000003, 27.340217808000034], [88.89414159800003, 27.337112313000034], [88.898316, 27.33320929200005], [88.90787901400006, 27.329142485000034], [88.91401148000006, 27.33001366800005], [88.91757377900007, 27.330000663000078], [88.92097318100008, 27.327587769000047], [88.92012492000003, 27.32216697000007], [88.91771904000007, 27.31697199100006], [88.913844, 27.309076021000067], [88.90921908000007, 27.30349296000003], [88.91472384000008, 27.291392011000028], [88.90862796000005, 27.28075104100003], [88.90448904000004, 27.27297297100006], [88.89881754300006, 27.270058477000077], [88.89201476000005, 27.268674204000035], [88.88140305300004, 27.264193481000063], [88.80254901200004, 27.247393584000065], [88.80243696000008, 27.231849990000057], [88.80303204000006, 27.219096001000025], [88.79679288000005, 27.205679970000062], [88.78881708000006, 27.192816], [88.783947, 27.182845980000025], [88.76876292000009, 27.18055404000006], [88.75982412000008, 27.16938], [88.75907892000004, 27.156430981000028], [88.74982512000008, 27.148266001000025], [88.75583902500006, 27.141161342000032], [88.76972482000008, 27.13722208200005], [88.78821225500008, 27.135057867000057], [88.80500160700007, 27.135913044000063], [88.81698471900006, 27.124114854000027], [88.82228067100004, 27.12133821900005], [88.82750456400004, 27.118114121000076], [88.83562332300005, 27.11499290300003], [88.84253379700004, 27.11385443900008], [88.84941880500008, 27.11009788800004], [88.86100964700006, 27.10929030500006], [88.87007502300008, 27.109876014000065], [88.87312080900006, 27.094374902000027], [88.87377020700006, 27.080188905000057], [88.88074106700003, 27.06272052500003], [88.87618174800008, 27.046121336000056], [88.87736979200008, 27.031940879000047], [88.87404791400007, 27.01709890500007], [88.86904243000004, 26.993501105000064], [88.87252860400008, 26.97082501700004], [88.87464546900009, 26.958595569000067], [88.87507863400003, 26.944546476000028], [88.88566961900005, 26.957998720000035], [88.89637219700006, 26.96781597100005], [88.90699711500008, 26.981229016000043], [88.91350177200007, 26.989237504000073], [88.93770095000008, 26.980402893000075], [88.95241663100006, 26.964922842000078], [88.95445882300004, 26.95721198900003], [88.95336235100007, 26.952175270000055], [88.95338645300006, 26.946273632000043], [88.94735520700004, 26.941213538000056], [88.95719810300005, 26.927903981000043], [89.01018127300006, 26.933715971000026], [89.04851626300007, 26.899327304000053], [89.10651914200008, 26.859727645000078], [89.18119074100008, 26.816700274000027], [89.26406300400004, 26.818037668000045], [89.26607501900008, 26.819584556000052], [89.26878788500005, 26.821840740000027], [89.27162142100008, 26.825517755000078], [89.27452113200007, 26.828276191000043], [89.29927816500003, 26.841311838000024], [89.31205689700005, 26.845998939000026], [89.31599051600006, 26.848576613000034], [89.32040109200005, 26.85187579600006], [89.32498800800005, 26.846193670000048], [89.35741138300006, 26.854449824000028], [89.38781727900005, 26.847738787000026], [89.42866029500004, 26.83736474600005], [89.49437408400007, 26.803040554000063], [89.50434827000004, 26.808903933000067], [89.51048144000004, 26.81316435100007], [89.51472368300006, 26.813957756000036], [89.51847944400004, 26.811710520000076], [89.52049593200007, 26.813204564000046], [89.52258143000006, 26.81341483600005], [89.52554192100007, 26.81285174100003], [89.52810407200008, 26.812932028000034], [89.52961599200006, 26.813908138000045], [89.53220718800009, 26.81450909600005], [89.53418079000005, 26.814512055000023], [89.53623786300005, 26.81338547000007], [89.53916737700007, 26.812918928000045], [89.54212110100008, 26.81184475500004], [89.54498034000005, 26.811033284000075], [89.54691974700006, 26.809659983000074], [89.55325054700006, 26.812223095000036], [89.55727206800003, 26.81340879100003], [89.56159602500009, 26.808336617000066], [89.56670942900007, 26.799128159000077], [89.58049988100004, 26.795337010000026], [89.59023413900007, 26.79206561600006], [89.60625855600006, 26.787432162000073], [89.62057905300009, 26.779537210000058], [89.63056220700008, 26.782265731000052], [89.64200069600008, 26.77969181000003], [89.64975208900006, 26.776981613000032], [89.64862685900005, 26.763861775000066], [89.64259663600006, 26.747929015000068], [89.63615405400003, 26.74645269900003], [89.62933910700008, 26.74319620700004], [89.62311400100003, 26.738923345000046], [89.62122196600006, 26.734180089000063], [89.62139154500005, 26.72679525600006], [89.62961809200004, 26.72503889500007], [89.64298170400008, 26.722595134000073], [89.65230762800007, 26.71780805700007], [89.66315597100004, 26.724539005000054], [89.66964048100004, 26.73608629000006], [89.68248635200007, 26.736683596000034], [89.69200453900004, 26.734752961000027], [89.70438781000007, 26.73476466900007], [89.71150906100007, 26.730665212000076], [89.71835142800006, 26.728252458000043], [89.73036850200003, 26.725836182000023], [89.74635235600005, 26.72881529500006], [89.75734482000007, 26.730768777000037], [89.76044848800007, 26.727036647000034], [89.76054610700004, 26.72379791000003], [89.76012503000004, 26.719209871000032], [89.76371359700005, 26.715983383000037], [89.76830154600003, 26.714157422000028], [89.76944887000008, 26.712456417000055], [89.77079086500004, 26.710238366000056], [89.77217935300007, 26.70908829600006], [89.77151718100004, 26.706328945000052], [89.77238665300007, 26.702887712000063], [89.86094973300004, 26.702020985000047], [89.85999305100006, 26.71389995000004], [89.86311597100007, 26.72150921900004], [89.86493237300004, 26.733887914000036], [89.90473062000007, 26.72430573300005], [90.07809554100004, 26.737142302000052], [90.19443111700008, 26.821622887000046], [90.34601558400004, 26.874301397000067], [90.34729264900005, 26.880682895000064], [90.34802111300007, 26.88411278700005], [90.35147574800004, 26.89137599700007], [90.35345256000005, 26.896031426000036], [90.35581273000008, 26.898974390000035], [90.41733490200005, 26.90481919100006], [90.57530059800007, 26.806895608000048], [90.74222594100007, 26.776407324000047], [90.93232296500008, 26.784513048000065], [91.08935639900005, 26.815355898000064], [91.26220224300005, 26.804716636000023], [91.40756251600004, 26.840185776000055], [91.51635213800006, 26.794824680000033], [91.68058955900005, 26.808733561000054], [91.84212524700007, 26.88943222200004], [91.97027433100004, 26.871680151000078], [92.11479970800008, 26.89432003400003], [92.11644320900007, 26.911754431000077], [92.11679892000006, 26.92840203000003], [92.11792896000009, 26.939295990000062], [92.11440888000004, 26.94836502000004], [92.11798008000005, 26.957331990000057], [92.11759488000007, 26.973647011000025], [92.10467196000008, 26.98716096000004], [92.10379788000006, 27.00082899100005], [92.09539692000004, 27.01149102000005], [92.08136916000007, 27.016604010000037], [92.07782316000004, 27.025364970000055], [92.08198512000007, 27.03834], [92.07116892000005, 27.04268196000004], [92.05693488100007, 27.050364001000048], [92.04193116000005, 27.057531961000052], [92.03717808000005, 27.070404031000066], [92.03116608000005, 27.082248030000073], [92.02939308000003, 27.095068980000065], [92.02631004000006, 27.104214960000036], [92.02584708000006, 27.11626497000003], [92.03368392000004, 27.12898197000004], [92.03578992000007, 27.14021001100008], [92.03157684000007, 27.153647011000032], [92.027286, 27.16695603100004], [92.03650992000007, 27.177926040000045], [92.04820812000008, 27.183141990000024], [92.058957, 27.193564980000076], [92.06092296000008, 27.20659599000004], [92.068947, 27.21557997000008], [92.07073188000004, 27.227070001000072], [92.06248716000005, 27.24495102000003], [92.046069, 27.25570098000003], [92.04256692000007, 27.26127702100007], [92.04868008000005, 27.26974503100007], [92.053584, 27.270521011000028], [92.05867296000008, 27.271962001000077], [92.06256996100007, 27.273097980000045], [92.06810208000007, 27.276966990000062], [92.07113112000008, 27.27694899100004], [92.07696816000004, 27.27722601000005], [92.08021896100007, 27.273356010000043], [92.08610208000005, 27.269865], [92.08981512000008, 27.269708041000058], [92.09308392000008, 27.26936703000007], [92.09605788000005, 27.26967096100003], [92.10424896000006, 27.268286041000067], [92.11170204000007, 27.269550990000027], [92.11938588000004, 27.2709], [92.12305212000007, 27.275434020000034], [92.12443812000004, 27.278971021000075], [92.12444712100006, 27.282804030000023], [92.12264604000006, 27.285158971000044], [92.12229504000004, 27.287633971000048], [92.11828716000008, 27.291078990000074], [92.11540608000007, 27.29310201100003], [92.11235796000005, 27.295372980000025], [92.10687192000006, 27.297894960000065], [92.10334392000004, 27.300969990000056], [92.09705508000008, 27.30377799000007], [92.09096892000008, 27.30418398000006], [92.08730304000005, 27.30592899100003], [92.08548288000009, 27.30717603000005], [92.08162296100005, 27.310204980000037], [92.07585684000009, 27.315534960000036], [92.07147312000006, 27.321435991000044], [92.06499888000008, 27.328023991000066], [92.05740216000004, 27.348023970000042], [92.04878016000004, 27.37015101000003], [92.05410996000006, 27.386648010000044], [92.05407612000005, 27.403836031000026], [92.04701275500008, 27.41138756600003], [92.04001847600006, 27.413819352000075], [92.03812733600006, 27.41772424900006], [92.03819429500004, 27.420136238000055], [92.03889907400008, 27.423166227000024], [92.04335182300008, 27.426360841000076], [92.04269896100004, 27.434890145000054], [92.03621430800007, 27.438655493000056], [92.03109012500005, 27.440345533000027], [92.02574079100003, 27.44251668000004], [92.02306574400006, 27.44605778400006], [92.02207495300007, 27.449793662000047], [92.02258465000006, 27.454735035000056], [92.02302367400006, 27.46022590800004], [92.02059608600007, 27.465651528000024], [92.01922259000008, 27.471527103000028], [92.01929720700008, 27.476770834000035], [92.01689309400007, 27.48044412200005], [92.01477523800008, 27.47900672700007], [92.01108841500007, 27.47924218000003], [92.00892198800005, 27.477342184000065], [92.00656288800008, 27.476166457000033], [92.00165796700009, 27.478214906000062], [91.99621490900006, 27.478600937000067], [91.99382196900007, 27.477631263000035], [91.99194197300005, 27.474307037000074], [91.99047843100004, 27.469253867000077], [91.98534522700004, 27.46664659100003], [91.97664493500008, 27.464641293000057], [91.97063401800006, 27.465262507000034], [91.96753487600006, 27.463330728000074], [91.96480107400004, 27.463124339000046], [91.96125993000004, 27.460477225000034], [91.95563112400004, 27.460550211000054], [91.95166751300007, 27.46006182700006], [91.94645743300003, 27.461629852000044], [91.94068173000005, 27.461657595000077], [91.93439206800008, 27.465672056000074], [91.92943137200007, 27.466826685000058], [91.92339890800008, 27.473985025000047], [91.91812576200005, 27.472410197000045], [91.91133824400004, 27.47147906300006], [91.90624259900005, 27.471782933000043], [91.90287105300007, 27.47112945500004], [91.89865698400007, 27.470767281000064], [91.89100570700003, 27.473232119000045], [91.88329070400005, 27.474881116000063], [91.87808685500005, 27.472502486000053], [91.87481046400006, 27.470325770000045], [91.87051552000008, 27.471840548000046], [91.86957822200009, 27.476721585000064], [91.86617438900004, 27.480881839000062], [91.86162274700007, 27.48458628700007], [91.85648898600004, 27.48182630100007], [91.85257395500008, 27.484524475000057], [91.84838669700008, 27.486186608000025], [91.84650195900008, 27.48359710300008], [91.84491154400007, 27.480831971000043], [91.84182515300006, 27.476331646000062], [91.83700146400008, 27.473413093000033], [91.83182157500005, 27.471316417000025], [91.82956153100008, 27.468958085000054], [91.82628677600007, 27.46842822600007], [91.82309523100008, 27.469533823000063], [91.81707552500006, 27.472637727000063], [91.80901577100008, 27.473975906000078], [91.80223950200008, 27.47267540100006], [91.79584319300005, 27.471361153000032], [91.78704547400008, 27.46937003200003], [91.781344, 27.466598791000024], [91.77245846800008, 27.465223455000057], [91.76741504900008, 27.466232536000064], [91.76627524500003, 27.471712031000038], [91.75411936800003, 27.47539338200005], [91.74454040000006, 27.47108169200004], [91.72166412600006, 27.472022824000078], [91.71568049200005, 27.49527971300006], [91.70787492000005, 27.498105001000056], [91.69755192000008, 27.50328], [91.68902604000004, 27.50311701100003], [91.67510808000009, 27.49290201100007], [91.65181321100005, 27.48363189400004], [91.64784152400006, 27.49613636400005], [91.64384350900008, 27.50322370600003], [91.63516429700007, 27.50614037200006], [91.63013723000006, 27.511964112000044], [91.62371366800005, 27.516162166000072], [91.62173265900003, 27.522464051000043], [91.61526922600007, 27.530977102000065], [91.61481979900003, 27.53721568900005], [91.61199959500004, 27.543644460000053], [91.59856726700008, 27.541515016000062], [91.59347916000007, 27.54345501000006], [91.58874408000008, 27.552448981000055], [91.58324796000005, 27.56044404000005], [91.57615704000006, 27.571151971000063], [91.56816241700005, 27.581371395000076], [91.56913704000004, 27.591425010000023], [91.57817916000005, 27.601275961000056], [91.58196204000006, 27.610865011000044], [91.57006512000004, 27.62173899100003], [91.56233196000005, 27.631447020000053], [91.56552012000003, 27.643248991000064], [91.57235004000006, 27.656193961000042], [91.58315573600004, 27.663594327000055], [91.58882304100007, 27.667840777000038], [91.59430710200007, 27.670198044000074], [91.59463170800007, 27.673521699000048], [91.59673457800005, 27.680250272000023], [91.60287542600008, 27.682799075000048], [91.60551859300006, 27.687452482000026], [91.60724670100007, 27.690247429000067], [91.61044848500006, 27.691290781000077], [91.61318556200007, 27.69250332100006], [91.61733631700008, 27.693002766000063], [91.61879485800006, 27.693646371000057], [91.62093657400004, 27.69427146000004], [91.62290625800006, 27.695297677000042], [91.62501705000005, 27.69677704700007], [91.62760448800003, 27.69816438500004], [91.62945387800005, 27.701676062000047], [91.62998724800008, 27.706940949000057], [91.62793858100008, 27.713276491000045], [91.62910254200006, 27.716321606000065], [91.63160296300003, 27.716764323000064], [91.63215801900003, 27.718769837000025], [91.63354833900007, 27.72146773600008], [91.63454357700004, 27.724172632000034], [91.63620720500006, 27.727968099000066], [91.63795778800005, 27.73246279400007], [91.63879145200008, 27.735800570000038], [91.63550533400007, 27.741875659000073], [91.63830290300007, 27.750203181000074], [91.64243737700008, 27.755469451000067], [91.68673946800004, 27.761105177000047], [91.84766436100006, 27.761110694000024], [91.84957991800007, 27.760007062000057], [91.85328043600003, 27.754502252000066], [91.85465442500004, 27.752031626000075], [91.85768132900006, 27.748174137000035], [91.85890306700009, 27.743097317000036], [91.86185538600006, 27.738243272000034], [91.86190295800009, 27.735510152000074], [91.86632373500004, 27.733175438000046], [91.87062634700004, 27.727115148000053], [91.87299865000006, 27.722311812000044], [91.87837470300008, 27.721193225000036], [91.88556433900004, 27.721401451000077], [91.89725413300005, 27.725503623000066], [91.90005306400008, 27.728815704000056], [91.90703496800006, 27.727497966000044], [91.91243819800007, 27.724782541000025], [91.91572362900007, 27.721408310000072], [91.92233859700008, 27.717599791000055], [91.92792974500009, 27.72035555000008], [91.93197600500008, 27.721800106000046], [91.93518929300006, 27.724000483000054], [91.93913083500007, 27.726053341000068], [91.94368116800007, 27.727525508000042], [91.94468684700007, 27.728632737000055], [91.94726495100008, 27.731422058000078], [91.95161234000005, 27.733156931000053], [91.95340046400008, 27.73650402000004], [91.96175717600005, 27.737750489000064], [91.96560632100005, 27.743495781000036], [91.96713983200004, 27.748843796000074], [91.96950763000007, 27.752450157000055], [91.97293821400007, 27.754545025000027], [91.97545526900007, 27.757276540000078], [91.97611919800005, 27.760830664000025], [91.97765822500008, 27.766277561000038], [91.98235549500004, 27.777150301000063], [91.99286235700004, 27.781082670000046], [91.99796856300009, 27.78082027100004], [92.00273966100008, 27.78335341500008], [92.00498838500005, 27.781015825000054], [92.01048121700006, 27.781015985000067], [92.01301766900008, 27.780217334000042], [92.01571398900006, 27.777852411000026], [92.01756345800004, 27.77661786500005], [92.01946659500004, 27.777369486000055], [92.02181570500005, 27.778218938000066], [92.02514940000003, 27.777692312000056], [92.02685361800008, 27.777021710000042], [92.02960452100007, 27.778271224000036], [92.03447992000008, 27.776351442000077], [92.03930559300005, 27.776375364000046], [92.04154294400007, 27.777913217000048], [92.04503685000003, 27.78000073000004], [92.05086993800006, 27.780033589000027], [92.05797050500007, 27.781074717000024], [92.06400989000008, 27.78809926400004], [92.07076440900005, 27.790492431000075], [92.07732967400005, 27.793022965000034], [92.10168489600005, 27.801048542000046], [92.11923459000008, 27.811053800000025], [92.12371344900004, 27.81423985200007], [92.12889941400005, 27.818917825000028], [92.13203487300007, 27.82556018300005], [92.13360078300008, 27.82731502200005], [92.13928481300007, 27.831196344000034], [92.14222931700004, 27.834352392000028], [92.14508348000004, 27.834547092000037], [92.14994610500008, 27.831159298000046], [92.15730820500005, 27.831008309000026], [92.16479371500003, 27.831538472000034], [92.17150894800005, 27.840883312000074], [92.17958327700006, 27.84664529300005], [92.18820943100008, 27.84842690100004], [92.21349535000007, 27.86331202100007], [92.22544241700007, 27.877546864000067], [92.23959125800008, 27.886553177000053], [92.24982212900005, 27.883736872000043], [92.25585820800006, 27.880108622000023], [92.26350995000007, 27.885322348000045], [92.26914343500005, 27.885150999000075], [92.27249592000004, 27.884381792000056], [92.27682986200006, 27.88234905400003], [92.28017335700008, 27.88007596700004], [92.28327739300005, 27.878014603000054], [92.28623282000007, 27.875610417000075], [92.28799641200004, 27.87471658800007], [92.28985046800005, 27.873736029000042], [92.29294839700003, 27.87271985500007], [92.316405, 27.81699300100007], [92.397518, 27.820372], [92.455818, 27.79333500100006], [92.532988, 27.860366001000045], [92.622691, 27.913737], [92.714084, 27.966545], [92.725924, 28.057880001000058], [92.671912, 28.138025], [92.72590114100007, 28.159832064000057], [92.74161957600006, 28.15666204200005], [92.75689594500005, 28.161064257000078], [92.76779650100008, 28.164185668000073], [92.77275152800007, 28.167812378000065], [92.77341951700004, 28.172367653000038], [92.77255685900008, 28.180165249000027], [92.849943, 28.184259], [92.935857, 28.21703300100006], [93.000532, 28.292371], [93.088455, 28.329953], [93.14849784600005, 28.370697136000047], [93.14786570100006, 28.380677537000054], [93.15268117600004, 28.386982301000046], [93.16536692200003, 28.40848463900005], [93.17076802600008, 28.437709147000078], [93.17631153100007, 28.469933567000055], [93.18955372600004, 28.483628476000035], [93.19104137600004, 28.488608722000038], [93.19102882600004, 28.491885110000055], [93.19354782900007, 28.494198453000024], [93.19694920700005, 28.493520543000045], [93.20184438600006, 28.49526048000007], [93.20470605700007, 28.499537949000057], [93.29436252900007, 28.568825118000063], [93.39896443400005, 28.630621748000067], [93.43797618200006, 28.66396721900003], [93.45372295900006, 28.669474094000066], [93.46988678300005, 28.671763499000065], [93.49905175800006, 28.669397866000054], [93.52693975900007, 28.673220461000028], [93.55367169400006, 28.674500458000068], [93.57783739700005, 28.676653560000034], [93.59742739700005, 28.68117747200006], [93.62149813200006, 28.685100392000038], [93.689956, 28.676555], [93.78613300100005, 28.71673], [93.885731, 28.752311001000066], [93.95675, 28.807754001000035], [94.025939, 28.850003], [94.131708, 28.888905], [94.224897, 28.929451], [94.314893, 28.99361], [94.32728, 29.043737], [94.284604, 29.086412001000042], [94.326409, 29.152603001000045], [94.390519, 29.18417400100003], [94.47089786900005, 29.21119615500004], [94.55891372800005, 29.23464384600004], [94.59491177500007, 29.273753532000057], [94.66283, 29.305015], [94.72649137600007, 29.290071520000026], [94.77340624000004, 29.217621440000073], [94.81993571400005, 29.17105453100004], [94.877514, 29.180037001000073], [94.933907, 29.159788], [95.018381, 29.126226], [94.997045, 29.166921], [95.023041, 29.157915], [95.116881, 29.11609], [95.16595619400005, 29.09814551000005], [95.235128, 29.089904001000036], [95.281218, 29.112535], [95.37885000100005, 29.136824001000036], [95.426836, 29.183863001000077], [95.480509, 29.14109], [95.506221, 29.194882001000053], [95.56350928100005, 29.18557222100003], [95.57747808700003, 29.180944362000048], [95.58472943300006, 29.18423155100004], [95.596269, 29.223792], [95.698284, 29.224740001000043], [95.742716, 29.261825], [95.802651, 29.340119], [95.875589, 29.314926], [95.965675, 29.375780001000066], [96.070794, 29.372517], [96.14509348100006, 29.333581567000067], [96.15075393100005, 29.303684774000033], [96.16668504200004, 29.294849931000044], [96.17417383200006, 29.287078008000037], [96.18354794800007, 29.276826205000077], [96.20332356500006, 29.26434296700006], [96.22282076900007, 29.261280357000032], [96.23635372700005, 29.25210512500007], [96.25464541700006, 29.248147148000044], [96.26261555300005, 29.23635821700003], [96.26322031400008, 29.22744635600003], [96.26324642700007, 29.219254299000056], [96.28219867700005, 29.209797999000045], [96.29374610500008, 29.19813977800004], [96.30242864400003, 29.190246461000072], [96.30188682900007, 29.172093365000023], [96.29539978900004, 29.146179664000044], [96.24925342700004, 29.111791508000067], [96.20861354000004, 29.10817668100003], [96.20626612200005, 29.09166455600007], [96.20640130400005, 29.059487193000052], [96.19998519800004, 29.03455570600005], [96.22305021100004, 29.053818340000078], [96.23812731000004, 29.06975748800005], [96.24207821900006, 29.081967450000036], [96.25524370600004, 29.08420535700003], [96.27036409800007, 29.09544902400006], [96.28074805400007, 29.09854018900006], [96.29413137400007, 29.096615797000027], [96.30478478800006, 29.106982017000064], [96.32416621500005, 29.116024862000074], [96.33254395500006, 29.107526579000023], [96.33436919600007, 29.103707523000026], [96.33862507300006, 29.10022910200007], [96.34475553800007, 29.093257734000076], [96.35189022600008, 29.081556300000045], [96.35752758500007, 29.08178349600007], [96.36624714000004, 29.080632480000077], [96.36695392700005, 29.074298302000045], [96.36554157900008, 29.068892025000025], [96.36544906000006, 29.065525653000066], [96.36390286600005, 29.062500038000053], [96.36362032400007, 29.055258277000064], [96.36179756700005, 29.04989021700004], [96.36201147200006, 29.046142363000058], [96.36614912400006, 29.041668380000033], [96.36973416500007, 29.039019216000042], [96.37528572900004, 29.035264265000023], [96.37824291700008, 29.03369397000006], [96.38116410300006, 29.032759315000078], [96.38476379800005, 29.033239808000076], [96.38947509400003, 29.03342113700006], [96.39239796900006, 29.03289858200003], [96.39776076900006, 29.03151559500003], [96.40401379000008, 29.027695143000074], [96.40873202700004, 29.025056241000073], [96.41575598500003, 29.022460169000055], [96.41874769600008, 29.019060258000025], [96.42040158200007, 29.016844986000024], [96.42162303400005, 29.01604048400003], [96.42515442200005, 29.013712423000072], [96.43070158900008, 29.01121045900004], [96.43367175300006, 29.009663528000033], [96.43506986300008, 29.005943245000026], [96.43868783300007, 29.00183872100007], [96.44152181500004, 28.998206908000043], [96.44411546400005, 28.994493070000033], [96.44338831300007, 28.989925156000027], [96.44041036200008, 28.98804990900004], [96.43963405400007, 28.984963349000054], [96.43774363200004, 28.980403306000028], [96.43747804300006, 28.977239690000033], [96.43593600200006, 28.971796079000057], [96.43744180500005, 28.967794937000065], [96.43905544400008, 28.96319230100005], [96.43981515400009, 28.959084715000074], [96.44314897600003, 28.954271001000052], [96.44478003700004, 28.951933644000064], [96.44487317800008, 28.949822823000034], [96.44699635100005, 28.94869723800008], [96.44756256100004, 28.947375278000038], [96.44704246500004, 28.94309209000005], [96.44832957700004, 28.940484257000037], [96.45164954100005, 28.93846061100004], [96.45322795700008, 28.93743844000005], [96.45694589500005, 28.937005054000053], [96.46056986900004, 28.935784324000053], [96.46251943300007, 28.934762393000028], [96.46361304500005, 28.933777548000023], [96.46603637600003, 28.933076130000074], [96.46856182200008, 28.935177759000055], [96.47253776500008, 28.93708922500008], [96.47729680700007, 28.939609241000028], [96.47974428700007, 28.940537869000025], [96.48089317700004, 28.94132705900006], [96.48425647100004, 28.940693545000045], [96.49231300500009, 28.941759578000074], [96.49642716700004, 28.94446865900005], [96.50093614000008, 28.947750949000067], [96.50548732500005, 28.948296240000047], [96.51172631200006, 28.946028054000067], [96.51520930700008, 28.943138066000074], [96.51827548000006, 28.93983594900004], [96.52254627900004, 28.937588946000062], [96.52434178300007, 28.933834517000037], [96.52565839200008, 28.928512428000033], [96.52677032300005, 28.920432524000034], [96.52702123100005, 28.916173651000065], [96.52454844100004, 28.913282311000046], [96.52020944500003, 28.911328404000074], [96.51765539300004, 28.90979492100007], [96.51664314800007, 28.905987582000023], [96.51815676100006, 28.90247777500008], [96.51841288400004, 28.89900613800006], [96.51895801800003, 28.893965141000024], [96.51970616300008, 28.890402234000078], [96.52080326000004, 28.887087708000024], [96.52263069800006, 28.885993300000052], [96.52496791000004, 28.882889120000073], [96.52532119500006, 28.878759737000053], [96.52397509400004, 28.875574869000047], [96.52252381900007, 28.872848546000057], [96.52134422800003, 28.869243099000073], [96.52265807200007, 28.864869673000044], [96.52314666200004, 28.862348488000066], [96.52652537900008, 28.862206540000045], [96.53087034000004, 28.85972116100004], [96.53345698600003, 28.85540910800006], [96.53502885000006, 28.85153486100006], [96.53849085900004, 28.84979612500007], [96.54451487800009, 28.848674026000026], [96.54735995800007, 28.849593881000033], [96.54966206900008, 28.84963304000007], [96.55121919000004, 28.847507046000032], [96.55240702100008, 28.843684336000024], [96.55471139200006, 28.839980828000023], [96.55659019200004, 28.835216298000034], [96.56168241300009, 28.831799277000073], [96.56379104900003, 28.82969987900003], [96.56612033600004, 28.826939322000044], [96.56903031100006, 28.824675090000028], [96.57154155200004, 28.822643292000066], [96.57646661900009, 28.82109155300003], [96.57928607000008, 28.81991104900004], [96.58197249900007, 28.81952627800007], [96.58434846000006, 28.81988423300004], [96.58609101800005, 28.819919476000052], [96.58783422800008, 28.819818868000027], [96.58890592600005, 28.819420799000056], [96.58954140900005, 28.81856854700004], [96.58802812200008, 28.816084597000042], [96.58195603800004, 28.811138791000076], [96.57700250200008, 28.80348569800003], [96.57813817600004, 28.79978735800006], [96.57668679700004, 28.797473017000073], [96.57545710300008, 28.794719436000037], [96.57254489000007, 28.790888864000067], [96.57318183000007, 28.785177416000067], [96.57413668000004, 28.782797664000043], [96.57912448700006, 28.77988741200005], [96.58452047800006, 28.78029847600004], [96.59088234100005, 28.78166890600005], [96.59629250500006, 28.78145120100004], [96.60092928500006, 28.781188100000065], [96.60341394500006, 28.779553613000076], [96.60358579700005, 28.771886102000053], [96.60421282100003, 28.757759175000047], [96.60899560300004, 28.752141940000058], [96.61155629900009, 28.748581974000047], [96.61387434500006, 28.744677619000072], [96.61535760600003, 28.740761598000063], [96.61816715900005, 28.73857395700003], [96.62181128000003, 28.737117412000032], [96.62413627000006, 28.735409410000045], [96.62599861700005, 28.734668104000036], [96.62696792000008, 28.735091341000043], [96.62860190100008, 28.73457118700003], [96.63092829000004, 28.73458301000005], [96.63113121500004, 28.72952325400007], [96.63129822600007, 28.718985032000035], [96.63052432100005, 28.712403976000076], [96.62895855500005, 28.71027764300004], [96.62854544100009, 28.70601752600004], [96.62984917700004, 28.700827239000034], [96.63232850100007, 28.700013557000034], [96.63691525900003, 28.698343643000044], [96.63992258100006, 28.696335499000043], [96.64280550700005, 28.693555815000025], [96.64628833500007, 28.69193676200007], [96.64560711500008, 28.689078221000045], [96.64441802300007, 28.68591350300005], [96.64353717700004, 28.682746930000064], [96.64132126600003, 28.680445921000057], [96.63934958300007, 28.679217206000033], [96.63656922100006, 28.678938472000027], [96.63369666200003, 28.679919682000047], [96.63144444800008, 28.67809727300005], [96.62785787000007, 28.675605835000056], [96.61915115200009, 28.675040205000073], [96.61500880000006, 28.675385886000072], [96.61330914200005, 28.674894591000054], [96.61029866400008, 28.67446648600003], [96.60809867200004, 28.67520318000004], [96.60267544800007, 28.673618759000078], [96.59928578900008, 28.676901754000028], [96.59754244300007, 28.67894790200006], [96.59438480100005, 28.68116453500005], [96.59132798000007, 28.682410829000048], [96.58571334300007, 28.68249682900006], [96.57908597200009, 28.68294581500004], [96.57668582700006, 28.683521205000034], [96.57459703900008, 28.690907889000073], [96.56915650300004, 28.69389258500007], [96.56500705000008, 28.69650187700006], [96.56258599500006, 28.697725689000038], [96.56086420700007, 28.69437991700005], [96.55834181100005, 28.689773390000028], [96.55686104700004, 28.68714841800005], [96.55518751900007, 28.685728262000055], [96.55416660100008, 28.686117288000048], [96.55248349100003, 28.68615337500006], [96.55066349000003, 28.68605035300004], [96.54797169200003, 28.686876598000026], [96.54620611300004, 28.687408412000025], [96.54417235300008, 28.686158614000078], [96.54032420500005, 28.68105503700008], [96.53748955100008, 28.677618190000032], [96.53885021500008, 28.67506504200003], [96.54095689800005, 28.672169944000075], [96.54249670000007, 28.670117826000023], [96.54380728000007, 28.669107559000054], [96.54456142800007, 28.667890858000078], [96.54545917800004, 28.664315], [96.54465659200008, 28.66168517500006], [96.54219580300008, 28.661049827000056], [96.54240861700004, 28.656816280000044], [96.54289040100008, 28.654254275000028], [96.54325259900008, 28.652285495000058], [96.54287427200006, 28.650738829000034], [96.54101193000008, 28.650437578000037], [96.53845744700004, 28.65042453600006], [96.53625002900009, 28.649736190000056], [96.53490248800006, 28.65009974900005], [96.53413212800007, 28.649776434000046], [96.53085159600005, 28.64778711400004], [96.52743903800007, 28.644800271000065], [96.52559992000005, 28.641893810000056], [96.52694493400008, 28.639645228000063], [96.52754481600005, 28.63825491600005], [96.52725582500005, 28.636533754000027], [96.52864132300004, 28.633037038000055], [96.52594624400007, 28.628977776000056], [96.52648527900004, 28.625051076000034], [96.52801095100006, 28.623005078000062], [96.52800453200007, 28.619708478000064], [96.52388855600003, 28.617264422000062], [96.52062287400008, 28.616592284000035], [96.51838787100007, 28.616369546000044], [96.51446470400003, 28.614379480000025], [96.51220823100005, 28.612793456000077], [96.51138266800007, 28.611274268000045], [96.51033467500008, 28.609453876000032], [96.51146362000009, 28.606824462000077], [96.51263094800004, 28.605603029000065], [96.51275878200005, 28.604558585000063], [96.51245232600007, 28.60307655200006], [96.51326529700003, 28.60161242500004], [96.51473286800007, 28.599882594000064], [96.51708135400008, 28.59570468000004], [96.51762075600004, 28.591653492000034], [96.51544143500007, 28.584959363000053], [96.51403104500008, 28.582337403000054], [96.51064762800007, 28.582060537000075], [96.50873417000008, 28.582021717000032], [96.50696436000004, 28.58103783100006], [96.50513005600004, 28.581329121000067], [96.50315375300005, 28.582254616000057], [96.50134368700009, 28.582964915000048], [96.49971178200008, 28.584115243000042], [96.49852980200006, 28.584443922000048], [96.49766880000004, 28.584427196000036], [96.49616385900003, 28.584784883000054], [96.49472001900006, 28.584874674000048], [96.49308424600008, 28.584387184000036], [96.49186439800008, 28.584148283000047], [96.49080320800005, 28.584306930000025], [96.48947430100009, 28.58361863300007], [96.48761200800004, 28.582101645000023], [96.48665157500005, 28.579560956000023], [96.48467573500005, 28.577412448000075], [96.47923653200007, 28.57459037500007], [96.47607677200006, 28.57337534000004], [96.47611846000007, 28.57093506800004], [96.47895730700009, 28.56623862300006], [96.47212030900005, 28.549826577000033], [96.46387239800003, 28.54359693600003], [96.46613270200004, 28.523273540000048], [96.44589543900008, 28.518103121000024], [96.41970497300008, 28.523106839000036], [96.40890092200004, 28.52378985000007], [96.40952924100009, 28.510129792000043], [96.42231575300008, 28.510752452000077], [96.45566557400008, 28.486041121000028], [96.47146618800008, 28.49486080500003], [96.47867378500007, 28.482973505000075], [96.48609995300006, 28.47138535600004], [96.49018831400008, 28.454183552000075], [96.49530977600006, 28.430830541000034], [96.50467715800005, 28.438538739000023], [96.50970615100005, 28.459184478000054], [96.50362019500005, 28.482162248000066], [96.49817659100006, 28.49616604600004], [96.50664708000005, 28.50606712000007], [96.50599379300007, 28.521803094000063], [96.49334025600007, 28.537090093000074], [96.50856738800007, 28.54877653500006], [96.51272392500005, 28.552515378000066], [96.51912947200003, 28.556646124000054], [96.52584528500006, 28.557785263000028], [96.53271701100005, 28.55942723800007], [96.53793531900004, 28.56081334600003], [96.54487612300005, 28.561034885000026], [96.55007430800003, 28.56157672100005], [96.55565143800004, 28.575106892000065], [96.57144844600003, 28.58502435200006], [96.57610953700004, 28.591182351000043], [96.59664403000005, 28.602485802000047], [96.60304078600007, 28.61219942500003], [96.62060963600004, 28.620761223000045], [96.63161146900006, 28.621961716000044], [96.63523585100006, 28.622379607000028], [96.63964374800008, 28.619385188000024], [96.64296331500003, 28.619011656000055], [96.64571269300006, 28.61936993100005], [96.64866050500007, 28.617581948000065], [96.65048677200008, 28.614252303000058], [96.65301183900004, 28.61277903000007], [96.65680467500005, 28.61066843900005], [96.65990711700005, 28.608150004000038], [96.66288336400004, 28.603762983000024], [96.66530805600007, 28.601092684000037], [96.66790979800004, 28.599950740000054], [96.67128151900005, 28.59806201500004], [96.67535809100008, 28.59611351700005], [96.67813612900005, 28.593879350000066], [96.68264568300003, 28.59268652700007], [96.68933035100008, 28.591135388000055], [96.69969544300005, 28.595806508000067], [96.70658246200009, 28.603309895000052], [96.71018110500006, 28.61004138100003], [96.71437562400007, 28.609190881000075], [96.71850210400004, 28.60357239800004], [96.71789645600006, 28.596961044000068], [96.71797937200006, 28.590132107000045], [96.72066290900005, 28.584399134000023], [96.72216377900008, 28.57993026500003], [96.72429363900005, 28.577955001000078], [96.72697821000008, 28.577561556000035], [96.73034774000007, 28.576121389000036], [96.73539824500006, 28.574761506000073], [96.74111639100005, 28.57245438700005], [96.74849279100005, 28.569162041000027], [96.75264584200005, 28.56137822900007], [96.75775481800008, 28.556316108000033], [96.76065077800007, 28.554210650000073], [96.76206837900008, 28.553017890000035], [96.76067994000005, 28.55014730000005], [96.75656014300006, 28.545676704000073], [96.75165020700007, 28.542407195000067], [96.75179727000005, 28.53792821600007], [96.75266457400005, 28.53054611500005], [96.75583903600005, 28.526796992000072], [96.75798296400006, 28.52419456900003], [96.75952029300004, 28.51998099700006], [96.76212922000008, 28.517780703000028], [96.76464314100008, 28.516828881000038], [96.76839922200008, 28.516036532000044], [96.77193136800008, 28.514344704000052], [96.77872552800005, 28.512769001000038], [96.78938904800003, 28.51063033400004], [96.80816600800006, 28.505413057000055], [96.82203957800004, 28.50319367000003], [96.83849845800006, 28.493449233000035], [96.86061133600003, 28.48304571700004], [96.86147452900008, 28.467804968000053], [96.86239391400005, 28.45384265000007], [96.86871653700007, 28.44561157800007], [96.88306551900007, 28.431981583000038], [96.89079694200007, 28.420472506000067], [96.89096504200006, 28.41100018800006], [96.88345576700004, 28.40193798100006], [96.88793509500005, 28.388195404000044], [96.89663147400006, 28.383304664000036], [96.90309939000008, 28.378701109000076], [96.91002526900007, 28.373208498000054], [96.91168688300007, 28.369273829000065], [96.91997009700003, 28.365432310000074], [96.92253805100006, 28.360447290000025], [96.92407404000005, 28.35504807700005], [96.93560767100007, 28.350404995000076], [96.94554549800006, 28.347936849000064], [96.94978049000008, 28.346642558000042], [96.95605722200008, 28.34554016800007], [96.97151124100009, 28.334032439000055], [96.98262734800005, 28.328058360000057], [96.99176018900005, 28.326554611000063], [97.02208011000005, 28.32925956200006], [97.03884561600006, 28.33974418100007], [97.05072405400006, 28.353333115000055], [97.06755980500009, 28.362324460000025], [97.07983829800008, 28.37026780900004], [97.09483178400006, 28.367349082000032], [97.10304591300007, 28.365971167000055], [97.11316573200008, 28.364217962000055], [97.12375868000004, 28.36176957300006], [97.12608195200005, 28.361780573000033], [97.13034425400008, 28.35839560000005], [97.14540292000004, 28.350662104000037], [97.14949126300007, 28.34349572600007], [97.15404013900007, 28.337325131000057], [97.16210760600006, 28.33254202200004], [97.17275489400004, 28.332794189000026], [97.17850309800008, 28.33329241000007], [97.18520343200004, 28.32517317500003], [97.19670639300006, 28.315785926000046], [97.19950744700009, 28.31115510500007], [97.20152239900005, 28.307607893000068], [97.20188544200005, 28.305811568000024], [97.20412933600005, 28.30413450700007], [97.20607362500004, 28.302798694000046], [97.20744721400007, 28.30232348100003], [97.20854861400005, 28.302581325000062], [97.21068126900008, 28.304162958000063], [97.21411658200003, 28.304832548000036], [97.21716470500007, 28.302853473000027], [97.22078225400008, 28.301110953000034], [97.22391369400003, 28.300637005000056], [97.22620608100004, 28.29977641200003], [97.22745122500004, 28.298735279000027], [97.22939344800005, 28.29848653700003], [97.23063369300007, 28.296568292000075], [97.23244989800008, 28.295120862000033], [97.23436121400005, 28.294956119000062], [97.23566005300006, 28.295108253000024], [97.23713898900007, 28.294257854000023], [97.23733997600004, 28.292056210000055], [97.23656442500004, 28.290829140000028], [97.23638229700003, 28.288809481000044], [97.23535127300005, 28.287365212000054], [97.23561987900007, 28.285286367000026], [97.23715888800007, 28.281239189000075], [97.23737778200007, 28.278052265000042], [97.23873680900005, 28.27568929100005], [97.24207540200007, 28.272482670000045], [97.24302607900006, 28.270445410000036], [97.24251408400005, 28.266500036000025], [97.24389858200004, 28.264541111000028], [97.24608920100007, 28.26465094100007], [97.24764868400007, 28.26470325500003], [97.24939676200006, 28.26376609600004], [97.25093960900006, 28.26321618600008], [97.25308310400004, 28.263325894000047], [97.25437214800007, 28.263476712000056], [97.25561198800006, 28.263636662000067], [97.25700847400003, 28.263991308000072], [97.25759681100004, 28.264192947000026], [97.25835150000006, 28.264500627000075], [97.25940156200005, 28.26463265800004], [97.26242854900005, 28.264418609000074], [97.26434721000004, 28.264555554000026], [97.26552391700005, 28.262493807000055], [97.26745136100004, 28.25908584000007], [97.26806971600007, 28.256603624000036], [97.26799416400007, 28.25472453200007], [97.26826145700005, 28.25186608300004], [97.26864936500004, 28.25060460800006], [97.26848981400008, 28.24988985300007], [97.26895125000004, 28.248709876000078], [97.26953692700005, 28.24736213700004], [97.26992600200003, 28.24521860400006], [97.27125082000003, 28.24467589300008], [97.27346688700004, 28.243608170000073], [97.27595588200006, 28.24360621200003], [97.27830631800003, 28.24429814800004], [97.28087543200007, 28.245570051000072], [97.28183834900005, 28.242343438000034], [97.28116763900005, 28.23798041300006], [97.28405851400004, 28.231901954000023], [97.28801485200006, 28.23203267400004], [97.29297971800008, 28.23296719800004], [97.29616671700006, 28.233477226000048], [97.29751744900005, 28.231183602000044], [97.30067429400003, 28.229052840000065], [97.30350181700004, 28.228239948000066], [97.30588992900005, 28.226884925000036], [97.30866383300008, 28.226150020000034], [97.31056350300008, 28.22371450000003], [97.31368117900007, 28.22356026800003], [97.31665204800004, 28.22138609500007], [97.32218786600004, 28.219738965000033], [97.32638236600008, 28.215748317000077], [97.33006613500004, 28.21438620300006], [97.33428014100008, 28.21454780600004], [97.33754300200007, 28.214843134000034], [97.33963252500007, 28.21455512800003], [97.34188143800009, 28.21422920200007], [97.34432828200005, 28.214476623000053], [97.35035729100008, 28.20812797800005], [97.35360260900006, 28.17669533700007], [97.33485123800006, 28.14282854100003], [97.32965288500009, 28.110049452000055], [97.31339343400003, 28.065771849000043], [97.36683706100007, 28.043915038000023], [97.37535713000005, 27.978111745000035], [97.33233310000008, 27.88523217000005], [97.30684520200003, 27.912133831000062], [97.23459779300003, 27.88427234100004], [97.20138130800007, 27.856233288000055], [97.18411913800009, 27.83246841700003], [97.16546609100004, 27.816584058000046], [97.14223002200004, 27.805933251000056], [97.12337722600006, 27.788198241000032], [97.10316410300004, 27.772179762000064], [97.09224379700004, 27.742635661000065], [97.07266566200008, 27.738621694000074], [97.05071913000006, 27.740329306000035], [97.03177618300003, 27.74829830300007], [97.01802556400008, 27.732562871000027], [97.00842303700006, 27.710270970000067], [96.99245699300008, 27.694192199000042], [96.97868631700004, 27.664131603000044], [96.94868457500007, 27.66353888100008], [96.92885440300006, 27.644208984000045], [96.91150474600005, 27.62575502100003], [96.89262665700005, 27.613269712000033], [96.89272845500005, 27.57908842100005], [96.90908100800004, 27.55971820700006], [96.91957413000006, 27.53668133700006], [96.93032104600007, 27.508008861000064], [96.91319251700008, 27.488643572000058], [96.90437821500007, 27.465599905000033], [96.91842072400004, 27.444750291000048], [96.93202569600004, 27.42024667900006], [96.95187739300007, 27.406947926000043], [96.96326357800007, 27.388455328000077], [96.97422885200007, 27.362029478000068], [96.99257220700008, 27.33700937900005], [97.00870822300004, 27.31050319900004], [97.02809067200008, 27.30848420500007], [97.03766640100008, 27.286181619000047], [97.05571043900005, 27.270011064000073], [97.07377665400008, 27.25102834200004], [97.09177782500007, 27.223190130000035], [97.11335835600005, 27.195225418000064], [97.13159989500008, 27.170799226000042], [97.15004579300006, 27.154158290000055], [97.16569664500008, 27.13511552800003], [97.14813676300008, 27.107447068000056], [97.12686461100009, 27.095750148000036], [97.10042551500004, 27.108965514000033], [97.07905267300004, 27.097464054000056], [97.06290337000007, 27.09454457700008], [97.04512168300005, 27.108057547000044], [97.03409919600006, 27.126699389000066], [97.01558452300009, 27.136195101000055], [96.98756501000008, 27.149346147000074], [96.96308938900006, 27.161153108000065], [96.94292995700005, 27.16396368100004], [96.91834657200008, 27.16563498100004], [96.88277583200005, 27.178318538000042], [96.85637820400007, 27.194845109000028], [96.86712586300007, 27.217766207000068], [96.88569794600005, 27.23083806900007], [96.88676657200006, 27.245593566000025], [96.87686028900004, 27.259002399000053], [96.85177787400005, 27.26840104100006], [96.84751930100003, 27.287826582000037], [96.82606441700005, 27.306929972000034], [96.80399390300005, 27.333529568000074], [96.78927487400006, 27.345801058000063], [96.76186084500006, 27.353819417000068], [96.74599783900004, 27.357673216000023], [96.72909518800009, 27.35981892500007], [96.71255855400005, 27.369007268000075], [96.70195386700004, 27.360486268000045], [96.67986284000006, 27.360940735000042], [96.66034639300005, 27.36440839100004], [96.64204957300007, 27.36109725600005], [96.61919173800004, 27.366480488000036], [96.60190203500008, 27.358126776000063], [96.59145500300008, 27.34872529200004], [96.59222819100006, 27.335173547000068], [96.57546051100007, 27.325493937000033], [96.56035270800004, 27.318506417000037], [96.55110582600008, 27.313596197000038], [96.54016792800007, 27.29989295000007], [96.52606331300007, 27.29067335600007], [96.51785750100004, 27.286039221000067], [96.50995969100006, 27.296394306000025], [96.49021535400004, 27.30252076000005], [96.47787300600004, 27.299464559000057], [96.45612534100007, 27.304237714000067], [96.43981150800005, 27.30525021400007], [96.41213939000005, 27.29169039100003], [96.40138434300007, 27.291103815000042], [96.38336822500008, 27.28530207600005], [96.36715835200005, 27.28719831500007], [96.34896744500008, 27.288634107000064], [96.33073688800005, 27.289362482000058], [96.31069495900005, 27.292200232000027], [96.28379616200004, 27.28487556600004], [96.26729824800003, 27.272109133000072], [96.24588069600009, 27.274987520000025], [96.21620818700006, 27.267529257000035], [96.19905515900007, 27.26144226200006], [96.18248186800008, 27.249725057000035], [96.15161383100008, 27.244944604000068], [96.12697552700007, 27.235931653000023], [96.08991019900009, 27.223237065000035], [96.06370748300009, 27.20540594000005], [96.04192848900004, 27.188897664000024], [96.02210061600005, 27.177416580000056], [96.01583101400007, 27.15499124200005], [96.00100973400004, 27.135422624000057], [95.98729391000006, 27.118972791000033], [95.96716901200006, 27.097890259000053], [95.95739328800005, 27.080301992000045], [95.94666411400004, 27.054861553000023], [95.92533416800006, 27.04425095000005], [95.90135947300007, 27.035407641000063], [95.88221775600005, 27.024112692000074], [95.86453108700005, 27.01309793100006], [95.83198503300008, 27.007923298000037], [95.81201908800006, 27.014511484000025], [95.79649079700005, 26.999480436000056], [95.78127905200006, 26.97850448500003], [95.76406446000004, 26.967437723000046], [95.75763263400006, 26.948348171000077], [95.75538382400003, 26.93046113200006], [95.74754157900009, 26.91984191100005], [95.74643618200008, 26.902454399000078], [95.73574611600009, 26.893656927000052], [95.71585576900009, 26.878963681000073], [95.69643733400005, 26.890061049000053], [95.670904, 26.90217425800006], [95.64606252800007, 26.884499135000056], [95.63359496900006, 26.867687798000077], [95.62577439300009, 26.841710574000047], [95.60964329600006, 26.81679246300007], [95.58686749800006, 26.816861395000046], [95.55708428000008, 26.82936540700007], [95.54270940900005, 26.83424154200003], [95.52299727400003, 26.814268982000044], [95.50397463400009, 26.79524362500007], [95.49195317000004, 26.772954941000023], [95.48169078500007, 26.74954152500004], [95.45509348000007, 26.737118080000073], [95.43200808400007, 26.709860338000055], [95.41361823700004, 26.693354103000047], [95.39445857000004, 26.684850405000077], [95.36660119300006, 26.675252623000063], [95.33637715100008, 26.67397746100005], [95.32352135200006, 26.664703805000045], [95.30339233400008, 26.650843802000054], [95.27776882400008, 26.65758935100007], [95.25717271600007, 26.659448044000044], [95.24001369900009, 26.682166669000026], [95.22463339600006, 26.668232232000037], [95.20683889900005, 26.647497610000073], [95.18643555800008, 26.64240661900004], [95.16655176900008, 26.633115755000063], [95.14880990700004, 26.615552223000066], [95.14785837300008, 26.597214534000045], [95.15094271700008, 26.580444056000033], [95.13999351600006, 26.563244906000023], [95.12313054800006, 26.554403877000027], [95.10892982700005, 26.538711104000072], [95.11478081500007, 26.52249583400004], [95.09978259900004, 26.504287685000065], [95.08565424700004, 26.487201318000075], [95.07283411300006, 26.472257785000068], [95.06573892100005, 26.456333036000046], [95.07223484000008, 26.445943226000054], [95.08685507900003, 26.44172296200003], [95.09860572200006, 26.426695179000035], [95.09805683300004, 26.403714109000077], [95.11397911800003, 26.391255106000074], [95.13013728500005, 26.381097383000053], [95.12638151800007, 26.362541828000076], [95.12301859600007, 26.346948155000064], [95.12283340900007, 26.324719818000062], [95.12341815800005, 26.309918051000068], [95.12422096800003, 26.285208578000038], [95.11957795600006, 26.263243647000024], [95.12469033400004, 26.24616130800007], [95.12775324200004, 26.221472463000055], [95.13226775500004, 26.201265997000064], [95.12523099400005, 26.175473658000044], [95.11940753100004, 26.152795895000054], [95.12157579700005, 26.13744738500003], [95.11989838300008, 26.116341229000057], [95.12426078000004, 26.09664021900005], [95.15056784900008, 26.08661601600005], [95.16704132200005, 26.089796199000034], [95.18229575000004, 26.07547855100006], [95.17095074200006, 26.057606516000078], [95.15912599600006, 26.029208362000077], [95.14459067000007, 26.01052332300003], [95.12668453700007, 25.989749327000027], [95.11071773200007, 25.97183368800006], [95.08766702800006, 25.950690247000068], [95.04840347600003, 25.935177405000047], [95.03098874900007, 25.931326010000078], [95.01925251200004, 25.905752074000077], [95.01892010500006, 25.882693595000035], [95.02014904500004, 25.85503612900004], [95.03288560300007, 25.82407906900005], [95.04969939800009, 25.794417231000068], [95.04719580000005, 25.762007012000026], [95.02834963300006, 25.73806930300003], [94.99529193200004, 25.72153565900004], [94.98954551400004, 25.70953934000005], [94.97904624200004, 25.697758194000073], [94.96389868700004, 25.68580374100003], [94.95039548600005, 25.675849910000068], [94.93903981500006, 25.668920112000023], [94.93354295000006, 25.659929873000067], [94.92441510700007, 25.649109881000072], [94.92178384600004, 25.635111876000053], [94.91646099200005, 25.62102623100003], [94.91446657100005, 25.60723826000003], [94.90289121800004, 25.599541308000028], [94.89349263100007, 25.597629921000078], [94.88185007500005, 25.590757275000044], [94.88587034100004, 25.58269963300006], [94.89752817800007, 25.567911421000076], [94.88703912900007, 25.56496547100005], [94.87704679400008, 25.562846233000073], [94.86126356200003, 25.56434008900004], [94.84908686800009, 25.562779335000073], [94.83629828800008, 25.553117757000052], [94.82515615500006, 25.541045590000067], [94.82484471400005, 25.523804356000028], [94.81148696200006, 25.50938272700006], [94.79231378600008, 25.49014555800005], [94.76752387900007, 25.481474821000063], [94.74712477600008, 25.48886458000004], [94.73491125300006, 25.47751247800005], [94.72121786300005, 25.472502555000062], [94.71482772800005, 25.470564936000073], [94.69776232500004, 25.46763196200004], [94.68268532900004, 25.464596623000034], [94.68109085000003, 25.45513777700006], [94.67137582300006, 25.441153065000037], [94.67332189500007, 25.425938202000054], [94.66927820600006, 25.417368168000053], [94.66082031600007, 25.407038579000073], [94.65535950600008, 25.404655400000024], [94.64513600100008, 25.401434712000025], [94.63356710800008, 25.390681192000045], [94.63260606400007, 25.380047326000067], [94.63362844900007, 25.36797384700003], [94.63461796500007, 25.357085785000038], [94.62938635400008, 25.348845165000057], [94.62136055600007, 25.338871108000035], [94.61452501100007, 25.324155993000034], [94.60738704800008, 25.316144173000055], [94.60618552800008, 25.306444407000072], [94.59996671000005, 25.296141791000025], [94.59166792400003, 25.278777314000024], [94.58680460700003, 25.261705560000053], [94.58781977600006, 25.245346878000078], [94.58099692300004, 25.220477737000067], [94.58901078000008, 25.20179491600004], [94.60807170600003, 25.181202390000067], [94.63679916400008, 25.170039691000056], [94.67146955400005, 25.15687243700006], [94.69121015600007, 25.156158898000058], [94.71535720200006, 25.138002292000067], [94.73843458600004, 25.12914902400007], [94.73993652500008, 25.10590449500006], [94.74442171700008, 25.078736896000066], [94.74255544100004, 25.044992595000053], [94.73747519500006, 25.026722867000046], [94.72697021300007, 25.00003900400003], [94.70250574400006, 24.981855989000053], [94.70201726400006, 24.952983886000027], [94.70822771300004, 24.92869603300005], [94.69005337900006, 24.899716676000025], [94.66546013300007, 24.874390023000046], [94.64832919000008, 24.860835430000066], [94.63224271200005, 24.839631067000028], [94.63229553800005, 24.824171359000047], [94.62559373700003, 24.79928377500005], [94.62270568100007, 24.77161284300007], [94.62911273100008, 24.757130029000052], [94.61927507800004, 24.746743405000075], [94.61299748300007, 24.736695096000062], [94.60677976400007, 24.723129108000023], [94.60277183600004, 24.710912690000043], [94.57835573300008, 24.714203311000063], [94.57970069400005, 24.718029288000025], [94.57996139000005, 24.72467293400007], [94.47568231500009, 24.58062172700005], [94.46807854800005, 24.57296410400005], [94.45973023000005, 24.57288837400006], [94.37845611000006, 24.37973377800006], [94.30097365300009, 24.237247052000043], [94.29399487400008, 24.235285442000077], [94.23843430700003, 24.051786193000055], [94.23523389600007, 24.052187550000042], [94.23348745100009, 24.054425555000023], [94.23302865000005, 24.057852757000035], [94.18944481600005, 23.933272344000045], [94.18631425800004, 23.930319058000066], [94.18497280000008, 23.928992368000024], [94.18157126200003, 23.928339089000076], [94.17701566900007, 23.92627073500006], [94.17091769800004, 23.92705830500006], [94.15470298200006, 23.847167503000037], [94.15295052400006, 23.847203354000044], [94.15029273600004, 23.849427321000064], [94.14185038300008, 23.842224128000055], [94.14050974100007, 23.835390603000064], [94.13225467900008, 23.83298859000007], [94.12699394000003, 23.833540268000036], [94.12528583200003, 23.836538673000064], [94.11833201900004, 23.836984092000023], [94.11773367800004, 23.84209635800005], [94.11337001900006, 23.843539897000028], [94.11089645800007, 23.84872220400007], [94.11600596000005, 23.85191009500005], [94.10944266300004, 23.854789460000063], [94.11216629900008, 23.859860197000046], [94.10827705400004, 23.86412179900003], [94.10711501400004, 23.86786225000003], [94.10295623900004, 23.87043059900003], [94.10472815700007, 23.875479787000074], [94.10175563400009, 23.878698118000045], [94.10026784900003, 23.881378320000067], [94.10028760800003, 23.88443361900005], [94.09870775600007, 23.885138632000064], [94.09473890800007, 23.888830760000076], [94.09020779000008, 23.88681168900007], [94.08685836400008, 23.887457829000027], [94.08286793900004, 23.88259312400004], [94.07815028100003, 23.88386941600004], [94.07341168900007, 23.884680486000036], [94.06922974400004, 23.88757773900005], [94.06702805900005, 23.88905238700005], [94.06244262200005, 23.890698960000066], [94.05628263400007, 23.88691747300004], [94.05183297900004, 23.88724527900007], [94.04904730500004, 23.890246715000046], [94.04466122200006, 23.894330740000044], [94.04428045200007, 23.898926236000023], [94.04171146800007, 23.90169555700004], [94.04073535700007, 23.90510875500007], [94.03806505800009, 23.912564659000054], [94.03023682200006, 23.915133191000052], [94.02482242000008, 23.91647407800008], [94.02129252300006, 23.921511166000073], [94.01707685400004, 23.926717568000072], [94.00737794500009, 23.924316584000053], [93.996469, 23.92227796700007], [93.98109677700006, 23.92869322000007], [93.96691886800005, 23.928615970000067], [93.95509248800005, 23.934039315000064], [93.94318294500005, 23.94621198400006], [93.92475465500007, 23.95056564600003], [93.90281095700004, 23.949900127000035], [93.88877396700008, 23.94667412600006], [93.86966142300008, 23.938481215000024], [93.84133160900006, 23.931755570000064], [93.82698131700005, 23.926353782000035], [93.81295604200005, 23.92578386200006], [93.80048675900008, 23.938366572000064], [93.79403632700007, 23.950879073000067], [93.78050865300008, 23.96221078800005], [93.77217842400006, 23.968752075000054], [93.77131442600006, 23.976014445000033], [93.76748838600008, 23.983881206000035], [93.76273950300003, 23.99235933700004], [93.76148194200005, 23.99961487300004], [93.75730000700008, 24.00333898200006], [93.75313048500004, 24.004964490000077], [93.74396007400009, 24.00192637400005], [93.74117289200007, 23.99834721800005], [93.73514877200006, 23.999680257000023], [93.72214339600004, 23.99770652500007], [93.69292577900006, 24.00691825000007], [93.67513517400005, 24.00610767300003], [93.65682927500006, 24.002008038000042], [93.64372484300009, 24.009346443000027], [93.61876305200008, 24.00836338700003], [93.61217351800008, 23.99665834500007], [93.61382081900007, 23.99269434400003], [93.61024648700004, 23.985488633000045], [93.60891002200003, 23.977193742000054], [93.60847109500008, 23.97217078600005], [93.60185503300005, 23.97264727700008], [93.59888745300003, 23.96955306700005], [93.59745352200008, 23.968028729000025], [93.59312812200005, 23.963330392000046], [93.59173211000007, 23.961890907000054], [93.58842948600005, 23.959875201000045], [93.58147969400005, 23.962397228000043], [93.57637256700008, 23.96694377700004], [93.57393280000008, 23.968019971000047], [93.57164052400003, 23.969452226000044], [93.57115572200007, 23.972570172000076], [93.57096743300008, 23.97753893500004], [93.56754459300004, 23.979149007000046], [93.56416743400007, 23.979669940000065], [93.56112648400006, 23.981250991000024], [93.55723050100005, 23.98111572700003], [93.55570138600007, 23.975151894000078], [93.55549522800004, 23.97031923700007], [93.55306648200008, 23.96612564700007], [93.55149797200005, 23.96387657500003], [93.55106149300008, 23.96189079000004], [93.54965774700008, 23.959206575000053], [93.54368837000004, 23.96055566900003], [93.53214973000007, 23.95709750700007], [93.52563747800008, 23.95588373700008], [93.51710766100007, 23.945908357000064], [93.50843389300007, 23.94313128700003], [93.50311287000005, 23.944277601000067], [93.50068068000007, 23.944677613000067], [93.49412194100006, 23.95383201800007], [93.48670814200005, 23.955670808000036], [93.48229010700004, 23.957256666000035], [93.47350613200007, 23.963253417000033], [93.46890706500005, 23.969400163000046], [93.46319277500004, 23.97394655900007], [93.46265748700006, 23.984624930000052], [93.46230775300006, 23.99561041900006], [93.45373716600005, 24.005525375000047], [93.44767886400007, 24.014637481000022], [93.44213460400005, 24.014578630000074], [93.43303781400004, 24.025822599000037], [93.43135988700004, 24.02868249200003], [93.43029446700007, 24.03124718400005], [93.42975988900008, 24.03480923400008], [93.42991844500006, 24.036742072000038], [93.42827743900006, 24.039850899000044], [93.42725118500005, 24.043371109000077], [93.42584980200007, 24.044614341000056], [93.42494044600005, 24.04709803800006], [93.42460547400003, 24.05320185200003], [93.42227386800005, 24.06027684700007], [93.42069224000005, 24.06463059400005], [93.41863945000006, 24.067469736000078], [93.41673976000004, 24.06996484800004], [93.41648483000006, 24.071916962000046], [93.41199874900008, 24.07292809200004], [93.40998581800005, 24.07371785500004], [93.40787413400005, 24.077090096000063], [93.40667053800007, 24.079694860000075], [93.40395477600003, 24.080987250000078], [93.40133161100005, 24.083669961000055], [93.39609505300007, 24.083537818000025], [93.38941698300005, 24.083062362000078], [93.38400545400003, 24.086991401000034], [93.38118311200003, 24.087307430000067], [93.37716396500008, 24.08934283700006], [93.37133389900004, 24.090727383000058], [93.36659747400006, 24.091219898000077], [93.36156576400003, 24.091930476000073], [93.35916515600007, 24.09392381200007], [93.35634393700008, 24.09579817900004], [93.35436423700008, 24.099002709000047], [93.35027765200005, 24.099850668000045], [93.34992217300004, 24.101930125000024], [93.34798827400004, 24.104828620000035], [93.34184056900006, 24.102381028000025], [93.34587013200007, 24.09538974900005], [93.34958226300006, 24.095033853000075], [93.35270866600007, 24.090451078000058], [93.34701758400007, 24.08918465800008], [93.33635170000008, 24.090648960000067], [93.33113034300004, 24.082381905000034], [93.32834698100004, 24.07944469000006], [93.33071479100005, 24.07317948900004], [93.33335958400005, 24.071503392000068], [93.33719870500005, 24.066186868000045], [93.33838218400007, 24.06205074500008], [93.33571802900008, 24.05794780900004], [93.32852801500007, 24.053854169000033], [93.32603510700005, 24.04693936900003], [93.32879654200008, 24.042127676000064], [93.33766864000006, 24.041071293000073], [93.33370145700007, 24.038762304000045], [93.33508243600005, 24.035874834000026], [93.32623231300005, 24.030442208000068], [93.33167929700005, 24.03010603100006], [93.33370410500004, 24.02753579700004], [93.33767275800005, 24.02396704800003], [93.33457339100005, 24.01922200100006], [93.32973668700004, 24.019201363000036], [93.33332766100006, 24.014711478000038], [93.33382018000003, 24.00548561200003], [93.33673285300006, 23.990382961000023], [93.33299233200006, 23.980699259000062], [93.33657253600006, 23.975785040000062], [93.34498208500008, 23.965050709000025], [93.35070071000007, 23.95359399700004], [93.35054769100003, 23.94618950800003], [93.35186074000006, 23.941285967000056], [93.36134295400007, 23.943189397000026], [93.36964524400008, 23.930853890000037], [93.38108574500006, 23.934626722000075], [93.39323016000009, 23.928336623000064], [93.39295005500009, 23.917096], [93.39169796000004, 23.912212140000065], [93.39025397700004, 23.899649366000062], [93.38697661200007, 23.884063644000037], [93.38764789200007, 23.86839165200007], [93.38658396000005, 23.857140102000074], [93.38877217400005, 23.840874644000053], [93.39017696800005, 23.830570806000026], [93.39027786800006, 23.817721950000077], [93.40246501500008, 23.812379399000065], [93.40245897500006, 23.795337649000032], [93.39678974900005, 23.779504605000056], [93.39411041200003, 23.763804922000077], [93.39445009900004, 23.754954570000052], [93.39826479500005, 23.747870426000077], [93.40569298900004, 23.736499880000054], [93.40930140500006, 23.721568786000034], [93.40830534600008, 23.717042423000066], [93.40741309800006, 23.709452661000057], [93.40957158800006, 23.705170985000052], [93.41701196400004, 23.702450630000044], [93.42560201200007, 23.69272350700004], [93.43710803300007, 23.687165868000022], [93.43340678100003, 23.67332138300003], [93.42286205700003, 23.660568597000065], [93.41970923900004, 23.650607425000032], [93.41808739100009, 23.64574917400006], [93.42139398100005, 23.634205208000026], [93.42114104000007, 23.626703906000046], [93.42132707500008, 23.617386687000078], [93.42155018700004, 23.60641528700006], [93.42534469900005, 23.600844335000033], [93.42693844900003, 23.593994602000066], [93.42236990600009, 23.57850637300004], [93.41452217900007, 23.571060930000044], [93.41168283600007, 23.561639883000055], [93.41244609400007, 23.55298165100004], [93.41117242400009, 23.525402831000065], [93.40448299500008, 23.513713121000023], [93.39566409900004, 23.504450465000048], [93.39369637900006, 23.486707257000035], [93.39564986100004, 23.475059311000052], [93.39696814400008, 23.465930119000063], [93.39196701300006, 23.457308113000067], [93.39412772300005, 23.44756628300007], [93.39047337200003, 23.441557370000055], [93.38835193500006, 23.422899595000047], [93.39405937900005, 23.39809489000004], [93.40161129000006, 23.387501404000034], [93.39479422800008, 23.37723034100003], [93.39112496100006, 23.369746890000044], [93.38651299000009, 23.359583156000042], [93.37787274200008, 23.360298303000036], [93.35734284300008, 23.353899916000046], [93.36739574400008, 23.333647764000034], [93.36723290100008, 23.319479209000065], [93.36330994700006, 23.313316893000035], [93.36551126900008, 23.307041455000046], [93.36964104100008, 23.28712716800004], [93.36864036200006, 23.274841183000035], [93.37227044800005, 23.261968989000025], [93.36888634300004, 23.250066713000024], [93.38004118600008, 23.22767069100007], [93.38136640700009, 23.216069938000032], [93.37877919100004, 23.201394608000044], [93.37749035100006, 23.182224795000025], [93.37085984000004, 23.16531841500006], [93.36768616500007, 23.14551137500007], [93.38292940600007, 23.144671016000075], [93.37752387100005, 23.133273964000068], [93.36751999900008, 23.122906705000048], [93.35533219400008, 23.112443443000075], [93.35090004900007, 23.09410695200006], [93.34563933400005, 23.088060992000067], [93.33877519900005, 23.07475582400008], [93.35157370000007, 23.072596958000076], [93.33964351900005, 23.066106766000075], [93.33367910100009, 23.05886827100005], [93.32646432100006, 23.046318755000073], [93.31966555100007, 23.035322284000074], [93.31371156100005, 23.02177546400003], [93.29657531800007, 23.011335448000068], [93.27992026900006, 23.00531965700003], [93.26176877300009, 23.008770554000023], [93.23124837400007, 23.011245377000023], [93.22448105200004, 23.023631564000027], [93.21639766900006, 23.03581666200006], [93.20229273300004, 23.050246607000076], [93.18665659200008, 23.053929680000067], [93.17109227500003, 23.049798295000073], [93.15241682300007, 23.045076350000045], [93.13954233000004, 23.055546311000057], [93.13370014800006, 23.04743518400005], [93.12511349100004, 23.025106488000063], [93.12331294300003, 23.002410054000052], [93.13696653900007, 22.991881827000043], [93.14331661000006, 22.97562591600007], [93.13666930400007, 22.964011325000058], [93.14399971600005, 22.947339387000056], [93.15195134100009, 22.922253], [93.16363392500006, 22.909936112000025], [93.13322066400008, 22.909080558000028], [93.13041447800003, 22.884354906000056], [93.11874471300007, 22.86538694500007], [93.11451607900005, 22.83591672400007], [93.10308954600004, 22.82405150200003], [93.10089561000007, 22.810782749000055], [93.09728334000005, 22.79336925100006], [93.10200508800006, 22.767319679000025], [93.10382412100006, 22.740325846000076], [93.09638098000005, 22.715899311000044], [93.09517470800006, 22.700111195000034], [93.09942538500007, 22.68701288500006], [93.09480064700006, 22.67666809600007], [93.10951551700003, 22.655079370000067], [93.10943424400006, 22.63513376000003], [93.12814344400005, 22.619814220000023], [93.13617724500006, 22.60618038700005], [93.13280511900007, 22.58072755300003], [93.11492651100008, 22.56286111600008], [93.11130854200007, 22.535537926000075], [93.11460000900007, 22.525384272000053], [93.12503991000005, 22.512948134000055], [93.13415637800006, 22.489322824000055], [93.13242233000005, 22.47168609600004], [93.15152219200007, 22.454232725000054], [93.17691421500007, 22.440130684000053], [93.18522542600004, 22.427690126000073], [93.18699537000003, 22.405747262000034], [93.18474250200006, 22.391432773000076], [93.18537699600006, 22.379726153000036], [93.18691265900009, 22.360391458000038], [93.18598091200005, 22.341521173000046], [93.18951255800005, 22.32400140200008], [93.19166343000006, 22.311118341000054], [93.19175344400008, 22.302310575000035], [93.19912711100005, 22.293468716000064], [93.19730827000006, 22.27761064300006], [93.19882073200006, 22.261140940000075], [93.18495754500003, 22.250543684000036], [93.16951046700007, 22.246640011000068], [93.15218624900007, 22.247527760000025], [93.14296568400005, 22.237685425000052], [93.14733554200006, 22.229363419000038], [93.14908308300005, 22.21110456300005], [93.15893869800004, 22.19069068500005], [93.15398075900004, 22.17919766600005], [93.14583387900007, 22.175304546000064], [93.12679293700006, 22.17343799100007], [93.11891363200004, 22.18686579100006], [93.11253704700005, 22.199499201000037], [93.09905524500005, 22.198877192000054], [93.08014799900008, 22.200462145000074], [93.06401649400004, 22.206968567000047], [93.05407039800008, 22.20286069900004], [93.04282475300005, 22.200119267000048], [93.03758002400008, 22.194542253000066], [93.04222575900008, 22.183701255000074], [93.04823569300004, 22.16665436100004], [93.04379601500005, 22.156916668000065], [93.03741955700008, 22.144095700000037], [93.04221818600007, 22.141937185000074], [93.04459977800008, 22.13785703800005], [93.05379192600003, 22.12502087300004], [93.05800225300004, 22.112793960000033], [93.05821763800003, 22.101053699000033], [93.04944293800008, 22.099547436000023], [93.03778328400006, 22.101134944000023], [93.02452172000005, 22.101762886000074], [93.00656527000007, 22.105123666000054], [93.00999377200009, 22.093541827000024], [93.00533803300004, 22.080548574000034], [93.00382268000004, 22.069376050000074], [93.00137105900006, 22.057637095000075], [92.99425253800007, 22.04149958000005], [92.99568965500004, 22.029412600000057], [93.00354161400008, 22.01123478200003], [92.99718997700006, 21.978781871000024], [92.97847936200009, 21.98768519300006], [92.97659127800006, 21.999483681000072], [92.97034095700008, 22.00704784000004], [92.96427621900006, 22.012163068000064], [92.96387497200004, 22.017014080000024], [92.96057199300003, 22.023310927000068], [92.95246264100007, 22.03004224400007], [92.94508622300003, 22.021693550000066], [92.94011043500007, 22.01676888800006], [92.93162135100005, 22.01675671000004], [92.92848362600006, 22.008870976000026], [92.93386180100003, 22.003938635000054], [92.92770917900003, 21.995927640000048], [92.92113449200008, 21.99089221400004], [92.92015415000009, 21.985391427000025], [92.91705199400008, 21.981244537000066], [92.91381440100008, 21.972881289000043], [92.91238076600007, 21.965585348000047], [92.91227838000003, 21.956623570000033], [92.90757028600007, 21.94457929300006], [92.90379826000003, 21.941196287000025], [92.90104534700004, 21.953764256000056], [92.90016400600007, 21.95974123600007], [92.90023550000006, 21.966108633000033], [92.89873309700005, 21.974558633000072], [92.89817125200005, 21.984025451000036], [92.89523649400007, 21.994035401000076], [92.89382312000004, 22.004309310000053], [92.88989577900008, 22.012362075000055], [92.87834210900007, 22.01636733400005], [92.87045009500008, 22.023163676000024], [92.86345389700006, 22.032295461000047], [92.86448339400005, 22.042476195000063], [92.86516225500009, 22.051770532000035], [92.86237421300007, 22.060282874000052], [92.85835531600009, 22.06691494000006], [92.85153122100007, 22.066291163000074], [92.84419328700005, 22.06056387600006], [92.83879005600005, 22.064151233000075], [92.83647961300005, 22.072173992000046], [92.82436916100005, 22.073985116000074], [92.81640423800008, 22.081441403000042], [92.81187433300005, 22.093050342000026], [92.80387742200008, 22.098308581000026], [92.79602258700004, 22.09895619200006], [92.79095535400006, 22.103318555000044], [92.78435493000006, 22.105789216000062], [92.77603687700008, 22.107525948000045], [92.77080528000005, 22.109900538000034], [92.76733083100004, 22.11723192200003], [92.76421267800004, 22.119226955000045], [92.76250354800004, 22.120433639000055], [92.75786033800006, 22.12584934800003], [92.74876475500008, 22.127125204000038], [92.74381972500004, 22.131105556000023], [92.73607629300005, 22.134285428000055], [92.73135181700007, 22.139876817000072], [92.72805930100009, 22.14719655500005], [92.72340383000005, 22.148042049000026], [92.71183019900008, 22.148060606000058], [92.70028628300008, 22.152232901000048], [92.69657587900008, 22.140535788000022], [92.69198949600008, 22.111117828000033], [92.69183084400004, 22.07706380700006], [92.68838076500003, 22.082944217000033], [92.68679289800008, 22.104252797000072], [92.68230475900003, 22.074357491000058], [92.68410623400007, 22.03340330900005], [92.68109633700004, 22.016240632000063], [92.66892757200009, 22.010716235000075], [92.65257863000005, 22.01650607600004], [92.64259327900004, 22.000788817000057], [92.63187475100005, 21.98344515200006], [92.60392464400007, 21.976013972000032], [92.60371908400003, 21.981503015000044], [92.61117314800003, 21.98382145200003], [92.61227733200008, 21.98959719000004], [92.61023877500008, 21.995215896000047], [92.60331972800003, 22.00165965900004], [92.59797534000006, 22.008832012000028], [92.59890484300007, 22.015221793000023], [92.60072425500005, 22.019930131000024], [92.60000824800005, 22.025453970000058], [92.59553202400008, 22.03114040400004], [92.59265568100005, 22.038766702000032], [92.59877759800008, 22.042504834000056], [92.59908226000005, 22.048348661000034], [92.60011303900006, 22.05145401900006], [92.60063666800005, 22.05728737800007], [92.59415160200007, 22.063105363000034], [92.59166688400006, 22.067356059000076], [92.59041632000003, 22.072085421000054], [92.59018818000004, 22.076758230000053], [92.59025860600008, 22.080864391000034], [92.58517197200007, 22.083807198000045], [92.58339662700007, 22.08708488600007], [92.58240252900003, 22.093805537000037], [92.58051238300004, 22.100566246000028], [92.57666933900003, 22.10582401700003], [92.57322230800008, 22.11751412600006], [92.56787688300005, 22.123296511000035], [92.56234282400004, 22.127616318000037], [92.56325624500005, 22.13227150700004], [92.57138570700005, 22.136591188000068], [92.57853670300005, 22.14161606700003], [92.58719899600004, 22.141114877000064], [92.59269858600004, 22.13638203900007], [92.59039361700007, 22.12929670500006], [92.60444339500003, 22.123196609000047], [92.60839804600005, 22.129867244000025], [92.61042504600005, 22.13495833500008], [92.61084215500006, 22.138981086000058], [92.61021238400008, 22.14488804100006], [92.60915494900007, 22.148456404000058], [92.60866200500004, 22.152496602000042], [92.60782651900007, 22.16025588900004], [92.60809927800005, 22.16555592800006], [92.59685794900008, 22.17463662600005], [92.59569201300008, 22.174570002000053], [92.59560159300008, 22.17555033900004], [92.59702451100009, 22.177891729000066], [92.59549689700003, 22.17858177200003], [92.59525895300004, 22.18080894800005], [92.59565394200007, 22.183078953000063], [92.59578243400006, 22.184006943000043], [92.59544930800007, 22.185272816000065], [92.59593947700006, 22.189413079000076], [92.59503528200008, 22.19242071900004], [92.59630115500005, 22.193653278000056], [92.59478781800004, 22.195623472000023], [92.59372182100003, 22.196946453000066], [92.59483065000006, 22.198740567000073], [92.59384555100007, 22.201205688000073], [92.59382175700006, 22.202799927000058], [92.59470691600006, 22.203028354000026], [92.59386934600008, 22.203827853000064], [92.59377416700005, 22.205745699000033], [92.59360760600003, 22.208629605000056], [92.59222751800007, 22.20981457700003], [92.59243215100008, 22.21091388800005], [92.59092357400004, 22.212398672000063], [92.59075701100005, 22.213764483000034], [92.59188011700007, 22.214126161000024], [92.59027160100004, 22.21527306100006], [92.58863929100005, 22.215187402000026], [92.58884392500005, 22.21745740600005], [92.58795876500005, 22.219113512000035], [92.58954824500006, 22.220641125000043], [92.58989088800007, 22.22188796200004], [92.58950541500008, 22.224019960000078], [92.58858218300009, 22.223796290000053], [92.58848700500005, 22.225124031000064], [92.58826809500005, 22.22688007200003], [92.58934361100006, 22.227731920000053], [92.58810629200008, 22.229521273000046], [92.58904379900008, 22.23059203100007], [92.59034298500006, 22.23115834200007], [92.58972432500008, 22.232124405000036], [92.59025256500007, 22.23293342000005], [92.58885820100005, 22.23356635700003], [92.59057617200006, 22.23387568800007], [92.59095688500008, 22.23507969600007], [92.59047623500004, 22.236564478000048], [92.59011455600006, 22.238058779000028], [92.59182301000004, 22.240071804000024], [92.59043340400007, 22.243664789000036], [92.59118055500005, 22.245320895000077], [92.58988612800005, 22.24674857100007], [92.59000034200005, 22.24836660400007], [92.59053334300006, 22.249708620000035], [92.59053810100005, 22.251512252000055], [92.59018594100007, 22.253453893000028], [92.59103302800008, 22.254695972000036], [92.58951017300006, 22.255642996000063], [92.58898669200005, 22.25673278900007], [92.58813008600004, 22.257151575000023], [92.58693083700007, 22.25790824300003], [92.58631693700005, 22.258331789000067], [92.58527473300006, 22.25920743000006], [92.58669765000008, 22.259883196000033], [92.58404693100005, 22.26131087400006], [92.58562689300004, 22.263100227000052], [92.58565544700008, 22.263899726000034], [92.58472745700004, 22.265170358000034], [92.58382802100004, 22.266812187000028], [92.58220998800005, 22.268287453000028], [92.58187686200006, 22.26971037000004], [92.58191969400008, 22.271066664000045], [92.58321411900005, 22.273093963000065], [92.58156753300005, 22.273217695000028], [92.58073948000003, 22.27615871000006], [92.58317604800004, 22.27671074400007], [92.58473697500006, 22.276263405000066], [92.58475601000004, 22.277286575000062], [92.58516051800007, 22.27972790000007], [92.58560309800004, 22.280679685000052], [92.58259545900006, 22.28143635400005], [92.58180547900008, 22.283501726000054], [92.58452282300004, 22.284929404000025], [92.58203866600007, 22.285919259000025], [92.58142000600009, 22.28713278300006], [92.58224805900005, 22.289364719000048], [92.58114398900005, 22.291020823000053], [92.58299996800008, 22.29303384700006], [92.58329502100008, 22.295727396000075], [92.58349489600005, 22.298906357000078], [92.58170554200007, 22.300533907000045], [92.58066333700003, 22.30225188000003], [92.58165319300008, 22.303355948000046], [92.58367097600006, 22.304326768000067], [92.58138193500008, 22.304379117000053], [92.58053484600003, 22.305535535000047], [92.58047773900006, 22.307001284000023], [92.58140572900004, 22.308866781000063], [92.57758431500008, 22.31089408100007], [92.57955926700004, 22.310970224000073], [92.57893109000008, 22.312678678000054], [92.58036352600004, 22.314729772000078], [92.57883115300007, 22.316276423000033], [92.57901199100007, 22.31763271600005], [92.58051581000007, 22.31888907000007], [92.57976866000007, 22.321620692000067], [92.58111543500007, 22.322239352000054], [92.57819821600003, 22.323852626000075], [92.58043490900008, 22.324856758000067], [92.57695613700008, 22.325694328000054], [92.57624705800004, 22.329767967000066], [92.57444342600007, 22.331766714000025], [92.57622802200007, 22.33332288200006], [92.57526671900007, 22.33486953000005], [92.57518581800008, 22.336454252000067], [92.57408174800008, 22.33778674900003], [92.57518105900004, 22.34017097000003], [92.57430065900007, 22.342293448000078], [92.57364392700003, 22.34521542600004], [92.57301099000006, 22.347547298000052], [92.57255413400009, 22.35141154300004], [92.57189264400006, 22.35506639500005], [92.57185457300005, 22.358654623000064], [92.56953221900005, 22.35991573600006], [92.56822827400003, 22.362423688000035], [92.56790942600009, 22.36693514600006], [92.56689577600008, 22.370751803000076], [92.56254136200005, 22.371484676000023], [92.56418319000005, 22.375467893000064], [92.56192982500005, 22.376371966000022], [92.56204415700006, 22.379478779000067], [92.56197265500003, 22.381414043000063], [92.55996964500008, 22.381139009000037], [92.56067822800009, 22.38359600800004], [92.56120408900006, 22.386030197000025], [92.56005005000009, 22.388328756000078], [92.56094472700005, 22.38948517600005], [92.55993687900008, 22.39167238300007], [92.55943615000007, 22.39492700200003], [92.55742312500007, 22.397468267000022], [92.55721554500008, 22.399688311000034], [92.55991380900008, 22.40180493200006], [92.55681636200006, 22.40284108900005], [92.55459394600007, 22.405755928000076], [92.55750549800007, 22.40780731700005], [92.55527760100006, 22.41048157800003], [92.55345894300007, 22.40902292900006], [92.55245810800005, 22.409395767000035], [92.55212753600006, 22.41400365900006], [92.55406570600007, 22.41601640300007], [92.55413709000004, 22.418817028000035], [92.55158868700005, 22.42087288400006], [92.55081060300006, 22.424099433000038], [92.55232394000006, 22.422490916000072], [92.55461060200008, 22.423583090000022], [92.55642851100004, 22.423892419000026], [92.55515311900007, 22.424970315000053], [92.55530302600005, 22.42711896800006], [92.55230490400004, 22.426738254000043], [92.55183139200005, 22.428706069000043], [92.55373631600008, 22.427437659000077], [92.55521527900004, 22.430847939000046], [92.55375152800008, 22.433286165000027], [92.55423124200007, 22.435086038000065], [92.55207699500005, 22.43742197000006], [92.55202710000003, 22.438406518000022], [92.55178526400005, 22.44099429700003], [92.55223252700006, 22.44232873800007], [92.54979366500004, 22.443753194000067], [92.55140209500007, 22.44656179900005], [92.55029088700007, 22.447784842000033], [92.55165907700007, 22.448838944000045], [92.55066382000007, 22.45055417100008], [92.55094955900006, 22.453102157000046], [92.54902456000008, 22.455328722000047], [92.54807839300008, 22.45640858300004], [92.54924630300007, 22.457952281000075], [92.54820423100006, 22.460610384000063], [92.54551281200008, 22.463274699000067], [92.54787097500008, 22.465059731000053], [92.54700252700007, 22.467751002000057], [92.54580328700007, 22.469518453000035], [92.54626200800004, 22.473605774000077], [92.54690890300003, 22.47644112300003], [92.54644330000008, 22.47763756200004], [92.54546771900004, 22.479000991000078], [92.54558193300005, 22.480664234000074], [92.54553672400004, 22.48292234300004], [92.54482923600006, 22.484962705000044], [92.54602557500004, 22.488265614000056], [92.54534912800005, 22.48955208700005], [92.54324054400007, 22.490581828000074], [92.54389294000003, 22.492529208000065], [92.54417265300003, 22.49484523800004], [92.54659284700006, 22.49510819300008], [92.54912495100007, 22.495642942000075], [92.55011242700004, 22.497972434000076], [92.54883703600007, 22.49824131400004], [92.54488981500003, 22.498515247000057], [92.54280510200005, 22.498990845000037], [92.54393296700005, 22.500458972000047], [92.54556289700008, 22.499492909000026], [92.54671218200008, 22.501242771000022], [92.54905356600005, 22.501032422000037], [92.54894843300008, 22.502671675000045], [92.54719780200008, 22.503711544000055], [92.54814523500005, 22.507334229000037], [92.55042636400003, 22.50683937900004], [92.55098431600004, 22.50992007800005], [92.54801374200008, 22.509519958000055], [92.54718469000005, 22.51064554000004], [92.55066211900004, 22.511780204000047], [92.54980071800009, 22.514483514000062], [92.54720554200009, 22.515363986000068], [92.54708699300005, 22.516975934000072], [92.54519564900005, 22.513781110000025], [92.54348534700006, 22.514057942000022], [92.54397129300008, 22.516518830000052], [92.54556271400008, 22.517539834000047], [92.54458561100006, 22.519460613000035], [92.54272182100004, 22.521550515000058], [92.54163678700007, 22.52383717600003], [92.54354092800008, 22.525071755000056], [92.54156302300004, 22.52558607900005], [92.54041067700007, 22.526369387000045], [92.54056365000008, 22.528210626000032], [92.53945934600006, 22.529529291000074], [92.54131917900008, 22.530306863000078], [92.54140714700009, 22.534285314000044], [92.53968800900003, 22.534566165000058], [92.53846528700007, 22.53549400600008], [92.53959263800004, 22.537654821000046], [92.53976325100007, 22.540281735000065], [92.53804856000005, 22.541742619000047], [92.53729874700008, 22.543605037000077], [92.53686120800006, 22.54541888800003], [92.53279032300009, 22.544756069000073], [92.53114655800005, 22.54663419800005], [92.53222601900006, 22.54995413900008], [92.52996407100005, 22.554745351000065], [92.52788588200008, 22.557033037000053], [92.52598684600008, 22.55767761800007], [92.52200153600006, 22.55990169100005], [92.52416927700006, 22.56114100700006], [92.52809413500006, 22.565680169000075], [92.52743534300004, 22.571924763000027], [92.53082131700006, 22.572808206000047], [92.53669826700008, 22.574085615000058], [92.53702663100006, 22.57825919100003], [92.53759350000007, 22.581040810000047], [92.53776902500005, 22.585245287000077], [92.53666971200005, 22.585825876000058], [92.53297050800006, 22.58655893400004], [92.53552890100008, 22.58701374000003], [92.53925856600006, 22.589014355000074], [92.53745276600006, 22.589697362000038], [92.53552757100005, 22.591074967000054], [92.53625568700005, 22.592145724000034], [92.53621761500006, 22.595219988000053], [92.53495650100007, 22.59892718900005], [92.53485491200007, 22.600647286000026], [92.53043741400006, 22.60340898000004], [92.52969626100008, 22.60925252000004], [92.53262224700006, 22.608645334000073], [92.53478912200006, 22.608696515000076], [92.53534306700004, 22.612003651000066], [92.53163424300004, 22.612570946000062], [92.52960562500004, 22.619367683000064], [92.52884860800003, 22.62086717300008], [92.52934973400005, 22.624924201000056], [92.53241745900004, 22.628205044000026], [92.53235083500005, 22.633387511000024], [92.52684952100003, 22.633354197000074], [92.52709222600004, 22.63524348900006], [92.52636886900007, 22.637451630000044], [92.52512203200007, 22.63952652000006], [92.52508449000004, 22.645091575000038], [92.52497854400008, 22.650830959000075], [92.52754360200004, 22.650992762000044], [92.52612544400006, 22.653919501000075], [92.52353658900006, 22.655789756000047], [92.52477866800007, 22.659358948000033], [92.52811943100005, 22.659263770000052], [92.52672030800005, 22.66099601800005], [92.52865243100007, 22.665626449000058], [92.52589225700007, 22.665521752000075], [92.52556389100005, 22.671080172000075], [92.52575424700007, 22.673773722000078], [92.52232306500008, 22.674344792000056], [92.52196138600004, 22.681045355000037], [92.52111429900003, 22.684876287000066], [92.51924404200008, 22.687274784000067], [92.51847593000008, 22.692096611000068], [92.51792582100006, 22.69581229000005], [92.51626856500008, 22.703479014000038], [92.51528346700007, 22.707205249000026], [92.51410440600006, 22.710545912000043], [92.51611267200008, 22.713006276000044], [92.51702638500007, 22.719159561000026], [92.51670753600007, 22.722428940000043], [92.51419482600005, 22.723414038000044], [92.51156314300005, 22.72768755100003], [92.51304915300005, 22.733246071000053], [92.50858825400007, 22.731924725000056], [92.50596073800006, 22.73884970100005], [92.49959330100006, 22.737843189000046], [92.49425140900007, 22.740187855000045], [92.49131991500008, 22.74122678300006], [92.48875723600008, 22.74643780200006], [92.47873494500004, 22.746237929000074], [92.47412736900009, 22.74673604000003], [92.47656631600006, 22.75021600100007], [92.47911262100007, 22.753230317000032], [92.47595097600004, 22.75671707500004], [92.47428773300004, 22.759658088000037], [92.47612943600006, 22.764148130000024], [92.47272131600005, 22.765038453000045], [92.47536041600006, 22.77078313100003], [92.47267445800009, 22.77656177800003], [92.47251027600004, 22.782672236000053], [92.47055435800007, 22.782143994000023], [92.46961209200003, 22.784328341000048], [92.47040445200008, 22.789139609000074], [92.47130388900007, 22.795071607000068], [92.46793457200005, 22.800125582000078], [92.46532758200004, 22.80595786300006], [92.46454384000003, 22.810590451000053], [92.46265216900008, 22.807135473000073], [92.46054634600006, 22.812532092000026], [92.45885454900008, 22.81877817700007], [92.45448585900004, 22.819399215000033], [92.45824064800007, 22.823446680000075], [92.45616337800004, 22.826387692000026], [92.46169282400007, 22.831219516000033], [92.45737410200007, 22.838036673000033], [92.45326953300008, 22.843342870000072], [92.45777266200008, 22.84094556200006], [92.46387003100006, 22.842248317000042], [92.45882557400006, 22.84441362800004], [92.45930744000003, 22.847520450000047], [92.45996774000008, 22.850628027000027], [92.45681971300007, 22.85034249000006], [92.45710881900004, 22.852437606000024], [92.45993918600004, 22.85288732400005], [92.46311576700003, 22.852658895000047], [92.46406160200007, 22.855150191000064], [92.46164526000007, 22.85679915700007], [92.46000295600004, 22.859025143000054], [92.46168285600004, 22.860605105000047], [92.46033370100008, 22.861464091000073], [92.45637427800006, 22.860631279000074], [92.45358793000008, 22.861047685000074], [92.45235203700008, 22.862369001000047], [92.45254513100008, 22.865897741000026], [92.45404657000006, 22.868153471000028], [92.45515302000007, 22.870214084000054], [92.45688764600004, 22.870225981000033], [92.45923617500006, 22.870021346000044], [92.45960975000008, 22.87167031300004], [92.45667349500008, 22.873200308000037], [92.45314713400006, 22.874873067000067], [92.44921150700009, 22.87576060600003], [92.44762440500006, 22.878021095000065], [92.44831563900004, 22.882960857000057], [92.45032152400006, 22.892483458000072], [92.44681300800005, 22.89717337600007], [92.44289881400005, 22.893127351000032], [92.43645521500008, 22.885434305000047], [92.43285033100005, 22.887897047000024], [92.43149760800009, 22.893450709000035], [92.42612545900005, 22.89731149800008], [92.42320637600005, 22.904047639000055], [92.42051498500007, 22.909928226000034], [92.42049084600006, 22.914384047000055], [92.42061981600006, 22.91853499900003], [92.41523637100005, 22.914394725000022], [92.40756384000008, 22.91761781300005], [92.40328092000004, 22.917429378000065], [92.40273837100005, 22.91210606100003], [92.39736186000005, 22.915358407000042], [92.39993574300007, 22.921167267000044], [92.39940274400004, 22.92690176800005], [92.38579302000005, 22.929258624000056], [92.37618951500008, 22.929810658000065], [92.37611322000004, 22.935378972000024], [92.37162317700006, 22.93677095700008], [92.37337208100007, 22.939062377000027], [92.37446425400003, 22.945294185000023], [92.37605611300006, 22.947064504000025], [92.37637020200003, 22.950390990000074], [92.37643444700007, 22.955602010000064], [92.37493403200006, 22.95636822000006], [92.37704834800007, 22.95947101400003], [92.37407164200005, 22.962283538000065], [92.37506387800005, 22.966994869000075], [92.37649869300003, 22.973312339000074], [92.37878738900008, 22.977293533000022], [92.38028917500009, 22.975817911000036], [92.37980376500008, 22.979665499000077], [92.38257417000005, 22.982138604000056], [92.38486487700004, 22.986389856000073], [92.38225953400007, 22.989991257000042], [92.38457220400005, 22.993328364000035], [92.38180964900005, 23.000402502000043], [92.38314452700007, 23.00840462900004], [92.38348003100003, 23.010417653000047], [92.38016017300004, 23.014988867000056], [92.38140997700003, 23.018958068000074], [92.38255204100005, 23.021903311000074], [92.38345415800006, 23.023333913000045], [92.38335154100008, 23.025347143000033], [92.38338029900007, 23.02671222500004], [92.38434431400003, 23.029193638000038], [92.38288829100009, 23.032646250000028], [92.38278397900007, 23.03546910700004], [92.38364850500005, 23.038104995000026], [92.38706156100005, 23.039581311000063], [92.38759456100007, 23.04127358200003], [92.38864933700006, 23.045176320000053], [92.38937594400005, 23.046742060000042], [92.38831411000007, 23.048990650000064], [92.39100587600007, 23.049216699000056], [92.39001080800006, 23.052035956000054], [92.39157992000008, 23.05309224800004], [92.39117395900007, 23.05435250900007], [92.39062861200006, 23.05553999800003], [92.39190971400006, 23.05626716100005], [92.39170793500006, 23.05787377300004], [92.39096935000003, 23.06013140600004], [92.38905528600009, 23.06076753600007], [92.38779468800004, 23.061510389000034], [92.38743442300006, 23.063215188000072], [92.38877453600008, 23.064267861000076], [92.38798836100005, 23.065406195000037], [92.38745345900008, 23.066401763000044], [92.38542425500003, 23.068196827000065], [92.38483224600003, 23.06994811000004], [92.38325178100007, 23.07190698200003], [92.38361583900007, 23.073777238000048], [92.38510635900008, 23.07455284300005], [92.38535572600006, 23.077124565000076], [92.38334512500006, 23.079372705000026], [92.38047896700004, 23.081021579000037], [92.38055815100006, 23.08279602700003], [92.38050761800008, 23.085424448000026], [92.37953424000005, 23.086937083000066], [92.37746728500008, 23.087360859000057], [92.37682580000006, 23.086416015000054], [92.37498973000004, 23.08468296500007], [92.37424433600006, 23.086038304000056], [92.37232798300005, 23.087076746000037], [92.37214652700004, 23.08834822500006], [92.37098773800005, 23.089776522000022], [92.37060996500009, 23.09189234400003], [92.37006979300008, 23.094805892000068], [92.36999311900007, 23.095967764000022], [92.36663000700008, 23.096041246000027], [92.36482879300007, 23.09799917500004], [92.36305124000006, 23.097477582000067], [92.36171554000003, 23.098297853000076], [92.36162820700008, 23.10051683300003], [92.35995113100006, 23.10146312100005], [92.35986272400004, 23.102698014000055], [92.35853658000008, 23.10377061300005], [92.35973106900008, 23.106169111000042], [92.35921286000007, 23.108562758000062], [92.36062432400007, 23.11170763900003], [92.36049438900005, 23.113466944000038], [92.36286164400008, 23.116609995000033], [92.36251057500004, 23.117998172000057], [92.36421550400007, 23.119501601000024], [92.36392580400008, 23.12068418800004], [92.36653315300003, 23.12346046500005], [92.36711463700004, 23.124944967000033], [92.36785658100007, 23.127382649000026], [92.36510100800007, 23.128431858000056], [92.36278930900005, 23.13021734000006], [92.36218230800006, 23.130715440000074], [92.35910090600004, 23.132589266000025], [92.35746678600003, 23.13442282500006], [92.35705743800008, 23.136750866000057], [92.35876183300007, 23.140042927000025], [92.36026089400008, 23.141869163000024], [92.35958078300007, 23.144090283000025], [92.36140898400004, 23.14531343500005], [92.35956758000003, 23.146469197000044], [92.35794710500005, 23.146688122000057], [92.35951151200004, 23.148067938000054], [92.35962671500005, 23.14926747000004], [92.36037629900005, 23.150445931000036], [92.36053134300005, 23.153214847000072], [92.36188963400008, 23.15256841000007], [92.36161837600008, 23.15473847900006], [92.36240835700005, 23.156584940000073], [92.36412522600006, 23.157065075000048], [92.36270647900005, 23.159154658000034], [92.36160375800006, 23.161055394000073], [92.36064256500003, 23.162150841000027], [92.36209891500005, 23.163991487000033], [92.36146238500004, 23.166700030000072], [92.35993614200004, 23.16818346900004], [92.35788049300004, 23.17085750600006], [92.35729494200007, 23.173043519000032], [92.35706613200006, 23.177453316000026], [92.35449331800004, 23.179362570000023], [92.35726543700008, 23.179924219000043], [92.36087377800004, 23.181446788000073], [92.35983817200008, 23.184214720000057], [92.35735145000007, 23.18516229000005], [92.35558518100004, 23.184244553000042], [92.35392224700007, 23.18506375900006], [92.35494455700007, 23.185571124000035], [92.35395556000003, 23.187067265000053], [92.35387941700009, 23.189437208000072], [92.35351773900004, 23.191512097000043], [92.35324671800004, 23.193074928000044], [92.35286218500005, 23.19406484600006], [92.35283602400006, 23.195050355000035], [92.35394842100004, 23.19690038600004], [92.35469505300006, 23.198495020000053], [92.35431221500005, 23.200149487000033], [92.35403738800005, 23.201295196000046], [92.35424744700003, 23.202355742000066], [92.35348598500008, 23.20285417300005], [92.35344181100004, 23.203692301000046], [92.35405095200008, 23.203930247000073], [92.35419372000007, 23.20438329600006], [92.35333901700005, 23.20461124900004], [92.35273188700006, 23.205403637000074], [92.35341754000007, 23.20574149400005], [92.35288346600004, 23.20619019800006], [92.35308441600006, 23.206607616000042], [92.35342091800004, 23.207315993000066], [92.35406963600008, 23.20728899100004], [92.35449852700003, 23.207654067000078], [92.35442668500008, 23.208233137000036], [92.35450996600008, 23.208280728000034], [92.35386083200007, 23.209593330000075], [92.35353319700005, 23.210950482000044], [92.35394246500005, 23.21116701400007], [92.35433745500006, 23.21152155200008], [92.35354567000007, 23.211836402000074], [92.35389963500006, 23.212311534000037], [92.35404196400003, 23.212817734000055], [92.35375210800004, 23.213315668000064], [92.35362361800009, 23.213346600000023], [92.35286621800003, 23.214097649000053], [92.35322789400004, 23.214364148000072], [92.35335236000003, 23.214738585000077], [92.35338329200005, 23.215307276000033], [92.35400433000007, 23.215504770000052], [92.35362837600007, 23.21589262400005], [92.35372977900005, 23.216171211000074], [92.35378351200006, 23.21661167600007], [92.35368786200007, 23.21725605300003], [92.35332618400008, 23.217555867000044], [92.35359268400003, 23.218055553000056], [92.35354509500007, 23.218552861000035], [92.35380445600003, 23.219023994000054], [92.35361753200004, 23.219444687000077], [92.35390476400005, 23.219872913000074], [92.35409512100006, 23.22022697700004], [92.35357769700005, 23.220805642000073], [92.35366110800004, 23.22116734100007], [92.35374296100008, 23.221951612000055], [92.35345171500006, 23.222916720000057], [92.35308278500008, 23.223804864000044], [92.35326617400005, 23.22470561500006], [92.35303292900005, 23.225117246000025], [92.35265529100008, 23.225555557000064], [92.35234386100007, 23.226388760000077], [92.35214941300006, 23.22769009500007], [92.35181007300008, 23.228458244000024], [92.35190517700005, 23.229442867000046], [92.35118085500005, 23.230692872000077], [92.35132279700008, 23.23214028600006], [92.35088764600005, 23.233384717000035], [92.34862717400006, 23.234511901000076], [92.40063934200003, 23.238294778000068], [92.40409009300004, 23.240582431000064], [92.40155468100005, 23.242374617000053], [92.39733352100006, 23.24528382400007], [92.39556179600004, 23.24888628900004], [92.39706707000005, 23.251673337000057], [92.39851036800007, 23.25567973400007], [92.39162122500005, 23.258883904000072], [92.38937857600007, 23.26180012100008], [92.38844861400008, 23.265894290000062], [92.39203390900008, 23.264183738000042], [92.39388715600006, 23.266701262000026], [92.38923429500005, 23.27711763800005], [92.38720118500004, 23.28229477700006], [92.38290753000007, 23.284582200000045], [92.38105484400006, 23.28588117700008], [92.38276298000005, 23.291985139000076], [92.38295180300008, 23.295448951000026], [92.38417853600004, 23.29902224700004], [92.38465696700007, 23.30244251700003], [92.38514469400008, 23.30692519100006], [92.37867951100009, 23.310981635000076], [92.37604174800003, 23.313231520000045], [92.37716493000005, 23.317859492000025], [92.37422543100007, 23.319211660000065], [92.37055854400006, 23.318926685000065], [92.36791486100003, 23.323055614000054], [92.36871574200006, 23.31829831500005], [92.36571839100009, 23.320832279000058], [92.36460661600006, 23.32344147400005], [92.36788581000008, 23.325631325000074], [92.37190103400008, 23.331522750000033], [92.37491031900004, 23.33771550000006], [92.37552164700008, 23.344224587000042], [92.37656763700005, 23.347617460000038], [92.38065210900004, 23.35164114400004], [92.38059063200006, 23.355531447000033], [92.37657873500007, 23.356754634000026], [92.37896019600004, 23.361607654000068], [92.37591914300003, 23.36515280100008], [92.36991973300007, 23.36669911000007], [92.37077151900007, 23.37197731400005], [92.36909912600004, 23.372378411000057], [92.36211522700006, 23.366629647000025], [92.35709272100007, 23.371292034000078], [92.35854139500003, 23.374730383000042], [92.36307214700008, 23.378689543000064], [92.36327321800007, 23.381044667000026], [92.35666906700004, 23.37982457000004], [92.35423573400004, 23.379986166000037], [92.35333685900008, 23.383208508000052], [92.35547554200008, 23.384361573000035], [92.35580343300006, 23.387163456000053], [92.35774787400004, 23.388784843000053], [92.35863941800005, 23.390827672000057], [92.35696582900005, 23.39170584200008], [92.35424110000008, 23.389181422000036], [92.35359327400005, 23.39456503400004], [92.35316629500005, 23.39974545000007], [92.35282556000004, 23.403474567000046], [92.35377201400007, 23.406087962000072], [92.35462883600007, 23.403067788000044], [92.35549831500003, 23.400911939000025], [92.35796168900004, 23.405198262000056], [92.35765676800008, 23.40886796700005], [92.35423404200009, 23.41288227900003], [92.34960563600004, 23.41305129500006], [92.34767273300008, 23.412963728000022], [92.34805283500003, 23.416064101000075], [92.34811107300004, 23.41959177800004], [92.34760372800008, 23.423344349000047], [92.34715322200003, 23.428393846000063], [92.34606628500006, 23.433406354000056], [92.34306625300007, 23.434340121000048], [92.33997280200003, 23.434411140000066], [92.33640626400006, 23.43310705500005], [92.33527910600009, 23.431593792000058], [92.33450702000005, 23.428070607000052], [92.33299107700003, 23.430512415000067], [92.33275486800005, 23.435490967000078], [92.33117062500008, 23.43933651900005], [92.33072706400009, 23.443898240000067], [92.32819561500008, 23.44841406000006], [92.32913164000007, 23.450307645000066], [92.33291134000007, 23.456295100000034], [92.33119433600007, 23.454653332000078], [92.32980295100003, 23.45435782100003], [92.32727417800004, 23.45697959100005], [92.32549821100008, 23.459745664000025], [92.32962870400007, 23.459290097000064], [92.33118494800004, 23.461002918000077], [92.33198604900008, 23.463717144000043], [92.33077277400008, 23.467091132000064], [92.32811517400006, 23.466379006000068], [92.32332801000007, 23.468553588000077], [92.31942086900006, 23.469748435000042], [92.31747694600006, 23.47261410400006], [92.31899318700005, 23.474690903000067], [92.32033191500005, 23.474554435000073], [92.32275192300006, 23.47450940500005], [92.32288820900004, 23.47768627000005], [92.32345674400005, 23.478929512000036], [92.32556796800009, 23.479783290000057], [92.32196897700004, 23.480389847000026], [92.32218595500007, 23.48250325600003], [92.31954669000004, 23.485049847000028], [92.31593695300006, 23.48687616500007], [92.31965849600005, 23.489860471000043], [92.32151130000005, 23.491723868000065], [92.31803004800008, 23.492444403000036], [92.31736333200007, 23.494607434000045], [92.32030126600006, 23.494370722000042], [92.32029123800004, 23.497439023000027], [92.31904526500006, 23.500220456000022], [92.32106354800004, 23.500852159000033], [92.32223399200006, 23.50155946500007], [92.32048816200006, 23.501508311000066], [92.31882453500003, 23.503444182000067], [92.31902346400005, 23.506531945000063], [92.31970706600003, 23.51114652900003], [92.31727266400009, 23.511831608000023], [92.31545229000005, 23.513329930000054], [92.31847056300006, 23.51511771400004], [92.31768349300006, 23.517480703000047], [92.31609965400008, 23.516754709000054], [92.31411296000005, 23.515218873000038], [92.31414011800007, 23.517943416000037], [92.31368754800008, 23.521089338000024], [92.31745814100003, 23.526904415000047], [92.31553615800004, 23.529513148000035], [92.31409207400009, 23.53230488300005], [92.30952328500007, 23.53240977400003], [92.30671060200007, 23.53423503500005], [92.30754059800006, 23.538530475000073], [92.31017844400009, 23.541926595000064], [92.30985863900008, 23.54472776500006], [92.30937830800008, 23.549234682000076], [92.30968009500003, 23.553514767000024], [92.31126267100007, 23.55456734300003], [92.31309898700005, 23.55371091300003], [92.31288018900005, 23.557736521000038], [92.31047187900003, 23.560793980000028], [92.30712355700007, 23.566244452000035], [92.30771201300007, 23.564721606000035], [92.30895983700003, 23.568903684000077], [92.30817575400005, 23.57184310300005], [92.30784674000006, 23.570411184000022], [92.30704927500005, 23.569413749000034], [92.30601823600006, 23.571581656000035], [92.30512046600006, 23.573617899000055], [92.30729275300007, 23.576031541000077], [92.30807707000008, 23.578224630000022], [92.30674986000008, 23.581462756000064], [92.30542157000008, 23.58348021000006], [92.30385037200006, 23.58384820200007], [92.30354173300003, 23.58642453400006], [92.30145306800006, 23.588508252000054], [92.30187240200007, 23.592029765000063], [92.29929699500008, 23.59301674900007], [92.29748395100006, 23.589465265000058], [92.29464605400005, 23.589785309000035], [92.29422085000004, 23.591765347000035], [92.29299101100008, 23.594143084000052], [92.29101143200006, 23.59560996500005], [92.28957258500003, 23.597584364000056], [92.28838726600009, 23.59775326700003], [92.28767457200007, 23.59544254000008], [92.28724142000004, 23.59781874400005], [92.28727576500006, 23.601976931000024], [92.28715828800006, 23.605324600000074], [92.28784811800006, 23.608345549000035], [92.28761084700005, 23.612212412000076], [92.28741300300004, 23.61588114500006], [92.28946606700003, 23.619583023000075], [92.29267606100007, 23.62070316300003], [92.29600256900005, 23.620695674000046], [92.29476417400008, 23.623553267000034], [92.29082011500003, 23.627680729000076], [92.28459629400004, 23.629590638000025], [92.28131113900008, 23.630321570000035], [92.27912493400004, 23.62889894700004], [92.27977993400003, 23.625083620000055], [92.27845935700003, 23.62623734400006], [92.27680370200005, 23.630678808000027], [92.27796237100006, 23.63424085500003], [92.27958446200006, 23.636918683000033], [92.28158396300006, 23.636551567000026], [92.28000332400006, 23.63921334500003], [92.27691970500007, 23.641462786000034], [92.27426859300004, 23.64165249100006], [92.27476802400008, 23.645557516000054], [92.27452939000005, 23.647994613000037], [92.27784343200005, 23.65288134700006], [92.27872272500008, 23.655757538000046], [92.28093261900005, 23.65956443300007], [92.28378487300006, 23.66194045800006], [92.28486436100007, 23.666505785000027], [92.28473884800007, 23.669342287000063], [92.28802008300005, 23.67574645800005], [92.28900852300006, 23.67819040100005], [92.28911840900008, 23.679728356000055], [92.28908915200003, 23.680947772000025], [92.29124998400005, 23.681686842000033], [92.29071421800006, 23.683333530000027], [92.29075257500006, 23.684942722000073], [92.28999747000006, 23.686217170000077], [92.28969123500008, 23.687614481000026], [92.29012923100004, 23.68869505600003], [92.29055718100005, 23.690325865000034], [92.29065318600004, 23.69137897300004], [92.28977033500007, 23.69257880200007], [92.28999717300007, 23.695107447000055], [92.28947110100006, 23.698148735000075], [92.28945303300009, 23.70213687300003], [92.28555402500007, 23.704070327000068], [92.28209865900004, 23.707548545000066], [92.27985735400006, 23.708906299000034], [92.27853147100006, 23.710911469000052], [92.27884357600004, 23.71392603700008], [92.27969731400003, 23.71590926700003], [92.28000775500004, 23.718640136000033], [92.27586597500004, 23.719657534000078], [92.27204511400004, 23.71913171600005], [92.26915771200004, 23.72028934900004], [92.26645888300004, 23.723491195000065], [92.25623407200004, 23.724847219000026], [92.24654685100006, 23.72268649700004], [92.24188911400006, 23.72046552200004], [92.23951419600007, 23.71704899300005], [92.23789021500005, 23.714526867000075], [92.23670463300004, 23.71118875600007], [92.24027521900007, 23.707469428000024], [92.24044223500005, 23.703407347000052], [92.24229716600007, 23.69679809200005], [92.23918847700008, 23.692214902000046], [92.23518472000006, 23.689825746000054], [92.23234492900008, 23.684152780000034], [92.23114806900008, 23.675734229000057], [92.23302660100006, 23.66803752800007], [92.22802105600005, 23.661321214000054], [92.22317212100006, 23.653125188000047], [92.21077525300007, 23.65317165600004], [92.21118065200005, 23.65801973500004], [92.20693312700007, 23.664330204000066], [92.20646007800008, 23.670956317000048], [92.20771218700008, 23.677990548000025], [92.21270795000004, 23.682042635000073], [92.21196371500008, 23.687550265000027], [92.20932192600009, 23.69352563700005], [92.20720904400008, 23.69985115000003], [92.20296172000008, 23.70580152100007], [92.19539738700007, 23.706678002000046], [92.18818018000007, 23.710431752000034], [92.17766493800008, 23.708119788000033], [92.17666451600007, 23.714854995000053], [92.17150420700005, 23.720618198000068], [92.17107998400007, 23.726013169000055], [92.17282879300006, 23.735558069000035], [92.16562540400008, 23.739442352000026], [92.15593180800005, 23.735989760000052], [92.14793838900005, 23.735411011000053], [92.14339712200007, 23.730172117000052], [92.14225471200007, 23.725758967000047], [92.13804583100006, 23.719681799000057], [92.13386415100007, 23.715102742000056], [92.12985084500008, 23.709701680000023], [92.12534245600006, 23.70577038600004], [92.12357883500005, 23.700871110000037], [92.12306859700004, 23.695365953000078], [92.11788175800007, 23.691325733000042], [92.11340470500005, 23.691876611000055], [92.10651382000003, 23.688616323000076], [92.10409223400006, 23.683702279000045], [92.10332946900007, 23.680352397000036], [92.10031154700005, 23.67693844100006], [92.09319723500005, 23.678390168000078], [92.08888647900005, 23.679120583000042], [92.08294167200006, 23.678163631000075], [92.07968607500004, 23.67134527500008], [92.07967040700004, 23.659248701000024], [92.07884927300006, 23.650572450000027], [92.07120373100008, 23.64601661000006], [92.06451245800008, 23.645814468000026], [92.05972591400007, 23.647565437000026], [92.05404666700008, 23.648345423000023], [92.04897003800005, 23.648122198000067], [92.04344435800004, 23.648654289000035], [92.03834246900004, 23.651753437000025], [92.03313109700008, 23.654661275000024], [92.03127118700007, 23.656647518000057], [92.02794628000004, 23.658174291000023], [92.02280482300006, 23.65979001200003], [92.01606426300003, 23.659818140000027], [92.00674925700008, 23.66944839000007], [92.00041374400007, 23.672555300000056], [91.99885118400005, 23.676670904000048], [91.99673828300007, 23.68045148300007], [91.99507183500003, 23.685671271000047], [91.99393919100004, 23.69016487400006], [91.99358372800003, 23.692659828000046], [91.99273208500006, 23.69426777700005], [91.99138691100006, 23.69700368900004], [91.98904593300006, 23.70219445500004], [91.98791965700008, 23.707089333000056], [91.98695122200007, 23.711431763000064], [91.98578578900003, 23.715971155000034], [91.98565465100006, 23.71994088300005], [91.98441845000008, 23.72355291200006], [91.97978991500008, 23.726024736000056], [91.97563744100006, 23.73286708100005], [91.96783588500006, 23.72997661000005], [91.96325793600005, 23.733372006000025], [91.95692597500005, 23.73182551700006], [91.95407480200004, 23.727301331000035], [91.95107829800008, 23.72449984800005], [91.95449694800004, 23.720971708000036], [91.94961990900003, 23.715306098000042], [91.94970767600006, 23.709148609000067], [91.95083260100006, 23.702082794000034], [91.95524770500003, 23.698126820000027], [91.95552895700007, 23.693885253000076], [91.95235348200004, 23.692892121000057], [91.94775768200003, 23.692996699000048], [91.94372435600008, 23.693851899000038], [91.94025736300006, 23.68959570800007], [91.93539336100008, 23.68628839300004], [91.93680329500006, 23.680799253000032], [91.93865535400005, 23.67505465100004], [91.94091525800008, 23.670000221000066], [91.94088824100004, 23.66550780500006], [91.94061938800007, 23.66043685900007], [91.94045784000008, 23.657873007000035], [91.94357447600004, 23.65399725900005], [91.94533849400005, 23.648713220000047], [91.94613245500005, 23.644450853000023], [91.94609790200008, 23.64103076300006], [91.94346470500005, 23.635607441000047], [91.94488604500003, 23.629803908000042], [91.94712236000004, 23.62523958400004], [91.94905439100006, 23.620512829000063], [91.95101362000008, 23.61695014700007], [91.95211979200008, 23.614576013000033], [91.95279369900004, 23.61089194500005], [91.95316769400006, 23.60689314900003], [91.95270614500004, 23.601783615000045], [91.95269916700005, 23.597708474000058], [91.95456508400008, 23.592624366000052], [91.95492099800003, 23.587588998000058], [91.95548799700003, 23.583952771000043], [91.95760146700007, 23.568675357000075], [91.95666414400006, 23.560114459000033], [91.95886483200007, 23.552926608000064], [91.95913254500005, 23.547671794000053], [91.96271558400008, 23.53973233800008], [91.964503, 23.53540804000005], [91.96138733100008, 23.53318475100008], [91.95827711500004, 23.521868466000058], [91.96193765000004, 23.518877048000036], [91.96556989300007, 23.51573574100007], [91.96846108900007, 23.509221609000065], [91.97013271700007, 23.500332899000057], [91.97166723500004, 23.49424367200004], [91.97089638300008, 23.492115738000052], [91.96878770400008, 23.487347787000033], [91.96993933800007, 23.482733661000054], [91.97024453600005, 23.478241019000052], [91.96725419100005, 23.477503615000046], [91.95932437000005, 23.479487239000036], [91.95733783900005, 23.473729070000047], [91.95464981700007, 23.474576498000033], [91.94794871400006, 23.469673322000062], [91.94598572300004, 23.46766373400004], [91.93732891100007, 23.46382413300006], [91.93842089400005, 23.458545972000024], [91.94016750500003, 23.451218926000024], [91.94309194900006, 23.43632311300007], [91.93594426400006, 23.43318572100003], [91.93044236300005, 23.433667770000056], [91.92015527200004, 23.438681130000077], [91.90963243100003, 23.437200992000044], [91.89957496700004, 23.440801564000026], [91.88754704700006, 23.433264095000027], [91.88303052200007, 23.42603085500008], [91.87577856900003, 23.421584345000042], [91.87137457400007, 23.41382683100005], [91.86578559900005, 23.409915733000048], [91.85525173300005, 23.40601210600005], [91.84511492000007, 23.405440965000025], [91.84091841200006, 23.400461747000065], [91.84071726500008, 23.38852551800005], [91.83728588000008, 23.381655124000076], [91.83464693400003, 23.370422360000077], [91.83043787300005, 23.364701068000045], [91.82564351100007, 23.36338888000006], [91.82535174800006, 23.357030509000026], [91.82044968700006, 23.353512229000046], [91.81247197600004, 23.353027602000054], [91.80766368000008, 23.345004005000078], [91.80463461200009, 23.34147781300004], [91.80261139100008, 23.334759718000043], [91.79556296700008, 23.336535214000037], [91.79211921500007, 23.33376092000003], [91.79290276100005, 23.330875993000063], [91.79323577500008, 23.328134521000038], [91.79112024100004, 23.326153470000065], [91.78859512300005, 23.325581834000047], [91.78712106500006, 23.325830843000062], [91.78502588600008, 23.325027928000054], [91.78232344500003, 23.32383726300003], [91.78173569300009, 23.322538672000064], [91.78141679900006, 23.32119266600006], [91.77913520100003, 23.319332505000034], [91.77772345800008, 23.31811990800003], [91.77519645100006, 23.317265745000043], [91.77390415800005, 23.315831584000023], [91.77192366600008, 23.315500228000076], [91.77098039600008, 23.31416030200006], [91.76833358200008, 23.312371171000052], [91.76589024600008, 23.311129014000073], [91.76474393800004, 23.309355432000075], [91.76422716000008, 23.30764550600003], [91.76455066900007, 23.306064761000073], [91.76433162000006, 23.303808108000055], [91.76286608900006, 23.303296587000034], [91.76271688600008, 23.30256173400005], [91.76245337600005, 23.30158578700008], [91.76266651300006, 23.300625511000078], [91.76215392800003, 23.299657806000027], [91.76257249500009, 23.298599798000055], [91.76269663200009, 23.297526319000042], [91.76273104300003, 23.296696549000046], [91.76360069100008, 23.29613617600006], [91.76319866000006, 23.294921827000053], [91.76297190100007, 23.293811938000033], [91.76262419700004, 23.29221103900005], [91.76172371800004, 23.291846332000034], [91.76062787800004, 23.291337578000025], [91.76162585000009, 23.290248917000042], [91.76149765500008, 23.28890279700005], [91.76096076900006, 23.28810597300003], [91.76099805600006, 23.287436890000038], [91.76087737200004, 23.286473258000058], [91.76175205200008, 23.286706743000025], [91.76146321600004, 23.285572570000056], [91.76128924800008, 23.284537146000048], [91.75972511100008, 23.283914066000023], [91.76043771800005, 23.28204886800006], [91.76100509600008, 23.281313300000022], [91.76252246400009, 23.281514767000033], [91.76270883500007, 23.280340285000023], [91.76227106900006, 23.279147281000064], [91.76166635700008, 23.278141911000034], [91.76178236200008, 23.277264125000045], [91.76175310800005, 23.27697377000004], [91.76339567200006, 23.27724838100005], [91.76411595800005, 23.27642179700007], [91.76381915700006, 23.275283625000043], [91.76364504900005, 23.274317206000035], [91.76482090200005, 23.27430073200003], [91.76539239400006, 23.27357856200007], [91.76572910700008, 23.272986762000073], [91.76658814900009, 23.271560359000034], [91.76735563800008, 23.272088977000067], [91.76789361600004, 23.27256477700007], [91.76845034300004, 23.272598036000034], [91.76939630100009, 23.272539291000044], [91.77019732700006, 23.271791394000047], [91.77032027400008, 23.27100998900005], [91.77304589300007, 23.26983696700006], [91.77503603100007, 23.269393690000072], [91.77663187800005, 23.26860696400007], [91.77616294000006, 23.265198610000027], [91.77569251600005, 23.262518373000034], [91.77742907200007, 23.260408951000045], [91.77681119000005, 23.257695098000056], [91.77520659200007, 23.255773973000032], [91.77758979600009, 23.25627376500006], [91.77932125200005, 23.254330896000056], [91.77953721900008, 23.251109541000062], [91.77948663800004, 23.24791143500005], [91.77844732000005, 23.246495912000057], [91.77619372200007, 23.243117230000053], [91.77799127900005, 23.241431478000038], [91.78058569200005, 23.241041780000046], [91.78040529100008, 23.24315913500004], [91.78317122900006, 23.242669851000073], [91.78426636100005, 23.24005467300003], [91.78419658900003, 23.23926454900004], [91.78437156100006, 23.23514367100006], [91.78476938600005, 23.233754874000056], [91.78487819900005, 23.23173730800005], [91.78820096900006, 23.228898249000054], [91.78945121200007, 23.227230414000076], [91.79041928100008, 23.22624729000006], [91.79132647500006, 23.22477863100005], [91.79069259700003, 23.22290707700006], [91.79135519200008, 23.220034035000026], [91.78778469600007, 23.216005453000037], [91.79138531700005, 23.212267519000022], [91.79195458100008, 23.208490089000065], [91.78827371600005, 23.207240497000043], [91.78925130200008, 23.203925516000027], [91.79368747200004, 23.198847270000044], [91.79596336700007, 23.19596324200006], [91.79813195400004, 23.194359150000025], [91.79755157200003, 23.191926152000065], [91.79763703600008, 23.189689628000053], [91.79546188300009, 23.187515115000053], [91.79713000700008, 23.18629071500004], [91.79871845400004, 23.18446652600005], [91.80150943900009, 23.183363392000047], [91.80522242900008, 23.180529884000066], [91.80411401000003, 23.177995872000054], [91.80457615800003, 23.175403196000048], [91.80639003100003, 23.172718101000044], [91.80594152000003, 23.170183055000052], [91.80615071600005, 23.166780845000062], [91.80817456400007, 23.16322767400004], [91.80691993400006, 23.160048526000026], [91.80914306100004, 23.155038338000054], [91.81033050600007, 23.15032942000005], [91.81405703700005, 23.14610752300007], [91.81262096200004, 23.144391376000044], [91.80856109900003, 23.139969183000062], [91.80943025500005, 23.13673488300003], [91.81029864600004, 23.133875346000025], [91.81136142600008, 23.134870942000077], [91.81450222400008, 23.133907780000072], [91.81374826200005, 23.13125902400003], [91.81380041500006, 23.129022433000046], [91.81178500300007, 23.125526455000056], [91.81235564700006, 23.12282097700006], [91.81300496000006, 23.119461305000073], [91.81615016200004, 23.11735], [91.81745007200004, 23.112914947000036], [91.81648032100009, 23.110057608000034], [91.81757303600006, 23.102213551000034], [91.81315466400008, 23.098569901000076], [91.81738429500007, 23.098507147000078], [91.82111137200008, 23.099847254000053], [91.82677128400007, 23.098508455000058], [91.83332993800008, 23.094012752000026], [91.83437575700003, 23.09165921300007], [91.83028399100004, 23.091210662000037], [91.82664881300008, 23.08856203700003], [91.82446897500006, 23.084018757000024], [91.81968836800007, 23.080065038000043], [91.81606208900007, 23.08180059800003], [91.81735934100004, 23.07866829900007], [91.81642868100005, 23.074145415000032], [91.81595100500004, 23.07210404600005], [91.81326918800005, 23.07159888600006], [91.81175181000003, 23.068912942000054], [91.80903766300008, 23.06675993600004], [91.80679909200006, 23.06476256600007], [91.80232635900006, 23.06443815800003], [91.79765058200007, 23.064500001000056], [91.79426831900008, 23.066176572000074], [91.79358419000005, 23.06910786800006], [91.78940263600003, 23.07184761800005], [91.78877505400004, 23.06747406900007], [91.78568040200008, 23.071048850000068], [91.78039720900006, 23.071430681000038], [91.77433953800005, 23.069461209000053], [91.77832851200009, 23.061979980000046], [91.77721481600008, 23.056784523000033], [91.78154903000006, 23.04919692200008], [91.78357580200009, 23.041295284000057], [91.78319922800006, 23.03635117400006], [91.78057710400003, 23.03574500800005], [91.78052408700006, 23.032574261000036], [91.77602034600005, 23.02703876100003], [91.77331542700006, 23.029109326000025], [91.77376035000003, 23.035540741000034], [91.77419483400007, 23.038343448000035], [91.76907278700008, 23.04137871300003], [91.77179604800006, 23.033234599000025], [91.76587902000006, 23.032306430000062], [91.76155320500004, 23.027033035000045], [91.75572402200004, 23.023868348000065], [91.75030054800004, 23.017200726000056], [91.74515560400005, 23.011051205000058], [91.74386159200003, 23.00676552400006], [91.73631373800004, 23.00335938300003], [91.73267196700004, 23.001026026000034], [91.72905206200005, 22.999638547000075], [91.72137208700008, 22.989071135000074], [91.71257932700007, 22.988215620000062], [91.71115110800008, 22.983815452000044], [91.70645039000004, 22.983272860000056], [91.70030873500008, 22.98922802800007], [91.69320226100007, 22.987576454000077], [91.69064983200008, 22.983716512000058], [91.68231223600009, 22.97902622600003], [91.67708256100008, 22.981166592000022], [91.67227471800004, 22.977149761000078], [91.66338706700003, 22.98155584600005], [91.65677185000004, 22.98170415000004], [91.65772126100006, 22.978203515000075], [91.65071701600004, 22.977760918000058], [91.64966897000005, 22.982955532000062], [91.64586830700006, 22.979778328000066], [91.64077747400006, 22.974514079000073], [91.63690768000004, 22.963237031000062], [91.62707866100004, 22.96179881300003], [91.62701322000004, 22.956554337000057], [91.62378413100004, 22.948467080000057], [91.62224756400008, 22.941192297000043], [91.61744784100006, 22.937860769000054], [91.61605421900003, 22.94449187600003], [91.61572077400007, 22.949312946000077], [91.60836647800005, 22.95016882400006], [91.60810946900006, 22.957178205000048], [91.60102710100006, 22.957706273000042], [91.61364508500009, 22.959031209000045], [91.60638274500008, 22.970794745000035], [91.59802054100004, 22.975831667000023], [91.58982476200003, 22.976271802000042], [91.55722077500008, 22.97957521400008], [91.54617613600004, 22.995683133000057], [91.54404565900006, 23.027950623000038], [91.53622658200004, 23.054624990000036], [91.52512457500006, 23.082912632000046], [91.51126432700005, 23.104355187000067], [91.50914355600008, 23.13477143800003], [91.51090420800006, 23.14332011600004], [91.50995867400007, 23.142568206000078], [91.50967951800004, 23.14029256500004], [91.50767727000004, 23.13978449700005], [91.50575031200003, 23.14032433400007], [91.50353526700007, 23.141827013000068], [91.50210175700005, 23.142656258000045], [91.50024442200004, 23.14289685400007], [91.49908021800007, 23.142895976000034], [91.49940912100004, 23.14351236500005], [91.49825836600007, 23.144342531000063], [91.49666468200007, 23.145589056000063], [91.49619980700004, 23.146461418000058], [91.49490390400007, 23.146914817000038], [91.49196866900007, 23.156086816000027], [91.49169495200005, 23.177679038000065], [91.48900907300003, 23.192272199000058], [91.47934228300005, 23.21557924900003], [91.45826685100008, 23.215710657000045], [91.45401508500004, 23.217804757000067], [91.45046339700008, 23.219876603000046], [91.45157281700006, 23.221222844000067], [91.45258400200004, 23.221719266000036], [91.45299619500008, 23.222707971000034], [91.46703951200004, 23.23285378500003], [91.44598065500008, 23.249834373000056], [91.43696567600006, 23.262078891000044], [91.41775589700006, 23.25675220000005], [91.41827767300003, 23.257368717000077], [91.41837950300004, 23.258091318000027], [91.41727026100006, 23.25966967900007], [91.41617915100005, 23.261378278000052], [91.41682925600009, 23.262615421000078], [91.41616308800008, 23.26392704600005], [91.41704805500007, 23.26572169600007], [91.41702830100007, 23.266799235000065], [91.41642200200005, 23.26940081300006], [91.41783676700004, 23.26974842800007], [91.41884801300006, 23.271802836000063], [91.41852047800006, 23.274351678000073], [91.41757067400005, 23.275378748000037], [91.41727874300005, 23.276343929000063], [91.41690783500007, 23.277885450000042], [91.41636199700008, 23.279427027000054], [91.41550146500003, 23.279433291000032], [91.41534746900004, 23.282648678000044], [91.41358749400007, 23.281277104000026], [91.41254146500006, 23.28276266900008], [91.41113371200004, 23.284129447000055], [91.40883733000004, 23.28505777600003], [91.40192511700008, 23.262612481000076], [91.40812751200008, 23.247723937000046], [91.39359081300006, 23.244677005000028], [91.39524152800004, 23.242324867000036], [91.39695785700007, 23.241353539000045], [91.39761771900004, 23.239985896000064], [91.39833117500007, 23.23666548400007], [91.39915027000006, 23.235976753000045], [91.40017984900004, 23.23433139900004], [91.40029651400005, 23.231688758000075], [91.39917013700006, 23.229061714000068], [91.38136050400004, 23.20850153600003], [91.38192960200007, 23.17602630300007], [91.39728629100006, 23.13026856600004], [91.40600842500004, 23.097024571000077], [91.41548706800006, 23.082869061000054], [91.41715018800005, 23.082696187000067], [91.41607658800007, 23.077984766000043], [91.41343941500008, 23.075395024000045], [91.41266678400007, 23.06937546200004], [91.41289998400003, 23.06553291700004], [91.41598923600009, 23.063104128000077], [91.41401619200008, 23.06313347200006], [91.41147786100004, 23.06229557300003], [91.40822863200003, 23.060021891000076], [91.40486790300008, 23.05884333700004], [91.40226296000009, 23.05839610700008], [91.39994379200004, 23.058224317000054], [91.39799048500004, 23.056493751000062], [91.37456422600007, 23.067922588000044], [91.34742336800008, 23.11710188400008], [91.32564105800003, 23.15714612200003], [91.32380984600007, 23.20660094400006], [91.31720837100005, 23.25541680400005], [91.31141721100005, 23.29826047800003], [91.29322219200003, 23.328716962000044], [91.31298476700005, 23.354167906000043], [91.31635840800004, 23.353441376000035], [91.29107280300008, 23.350677562000044], [91.28460176000004, 23.36978379100003], [91.29405674700007, 23.375943328000062], [91.29255270600004, 23.377998855000044], [91.28988302700003, 23.376092408000034], [91.28780920200006, 23.376026055000068], [91.28524757600007, 23.37697253400006], [91.28214587500008, 23.37594025800007], [91.27991018900008, 23.376568485000064], [91.27757575200008, 23.402642428000036], [91.26431150500008, 23.424558731000047], [91.25595213200006, 23.44604024000006], [91.25165984100005, 23.455508879000035], [91.24993139600008, 23.464193545000057], [91.25217222200007, 23.480703868000035], [91.23713381900006, 23.494951719000028], [91.22339749900004, 23.497426548000078], [91.22061142900009, 23.506621670000072], [91.20203824400005, 23.526387302000046], [91.20535493000006, 23.54547756100004], [91.19453491900003, 23.563390919000028], [91.17844382500004, 23.583817285000066], [91.16895726300004, 23.59299779400004], [91.16285893900005, 23.603172847000053], [91.15854564500006, 23.620088173000056], [91.15897778600004, 23.640008304000048], [91.16090776000004, 23.65300484900007], [91.15635179500003, 23.669565314000067], [91.16333122400005, 23.663988045000053], [91.17632481500004, 23.660206622000032], [91.18218058200006, 23.65642028700006], [91.19117434300006, 23.64842148100007], [91.19958065000009, 23.646522051000034], [91.20181275700008, 23.655663872000048], [91.20338873300005, 23.670710255000074], [91.20368124800007, 23.681290353000065], [91.20477142900006, 23.68240933000004], [91.20643475800006, 23.68426860900007], [91.20802796600003, 23.685785011000064], [91.19492077700005, 23.69150637000007], [91.16036513900008, 23.688929907000045], [91.15292231000006, 23.696305649000067], [91.14989174600004, 23.70926949300008], [91.15263897200003, 23.72267774100004], [91.15662770600005, 23.737036431000035], [91.17605056500008, 23.749338152000064], [91.21304527300003, 23.743859109000027], [91.22267897800003, 23.745482158000073], [91.23067284600006, 23.764997358000073], [91.22853755000006, 23.788538045000053], [91.23144487200005, 23.79899353600007], [91.23260683900008, 23.80863585800006], [91.23353802800005, 23.810990339000057], [91.24178188500008, 23.82082375500005], [91.25200678900006, 23.842688701000043], [91.23701876400008, 23.87507376600007], [91.24521938100008, 23.908797465000077], [91.23578956400007, 23.925854645000072], [91.27285045200006, 23.924256100000036], [91.27106845200007, 23.939298174000044], [91.27136068400006, 23.962715290000062], [91.28624879500006, 23.98225247700003], [91.285268, 23.979961], [91.284424, 23.976832001000048], [91.28620799400005, 23.97618200100004], [91.28688200100004, 23.974391001000072], [91.28688200100004, 23.97246300100005], [91.28773719400004, 23.97101803700008], [91.28725213600006, 23.969053522000024], [91.28803666700009, 23.968537381000033], [91.290102, 23.967853], [91.290645, 23.967991], [91.291609, 23.968534], [91.29230959500006, 23.96878615600008], [91.292934, 23.968999], [91.29337725400006, 23.96937827000005], [91.294181, 23.969399001000056], [91.29466197600004, 23.969741011000053], [91.295414, 23.969956], [91.29587766400005, 23.970481664000033], [91.29671733200007, 23.97123201000005], [91.29763789400005, 23.971738940000023], [91.29858906600003, 23.971954005000043], [91.299783, 23.972307001000047], [91.30294899800003, 23.986968001000037], [91.30215282100005, 23.990516530000036], [91.30206467500005, 23.991039735000072], [91.30223003300006, 23.991932563000034], [91.301729, 23.99331200100005], [91.30170700300005, 23.994462999000064], [91.30224001900007, 23.995566256000075], [91.302778, 23.996103], [91.30306073600008, 23.996882414000027], [91.30342197600004, 23.997937747000037], [91.30410569300005, 23.997211497000023], [91.30433017900003, 23.995875497000043], [91.30495898900006, 23.995680997000022], [91.30543680400007, 23.99551417200007], [91.306164, 23.995149], [91.30718400100005, 23.994858], [91.308001, 23.994494], [91.308869, 23.993854001000045], [91.30961937300003, 23.99303701900004], [91.31067858600005, 23.992544182000074], [91.31106904800004, 23.99220099400003], [91.311411, 23.991894], [91.31238, 23.991561], [91.31345789900007, 23.991182707000064], [91.31411193300005, 23.99113673200003], [91.314697, 23.99071900100006], [91.315685, 23.990578001000074], [91.31676332900008, 23.990620342000057], [91.31742299900009, 23.991432001000078], [91.31809539700004, 23.991976597000075], [91.31898200100005, 23.992476], [91.31968088400004, 23.993017751000025], [91.320311, 23.993192001000068], [91.320836, 23.993594], [91.321833, 23.993754], [91.32308437200004, 23.994388641000057], [91.324042, 23.994174], [91.324715, 23.993575], [91.325563, 23.993127], [91.326226, 23.992403], [91.32686893700009, 23.991688021000073], [91.32770817600004, 23.99175955800007], [91.328129, 23.991842], [91.32870681100007, 23.99185587100004], [91.32947905200007, 23.992204005000076], [91.33020015200003, 23.992577848000053], [91.33038099600003, 23.992006012000047], [91.33130052900003, 23.99187619500003], [91.33153, 23.991359002000024], [91.331973, 23.99142000100005], [91.33255, 23.991062], [91.333322, 23.99095200100004], [91.33382313300007, 23.99033705000005], [91.33451343400009, 23.989861991000055], [91.33489799600005, 23.989059003000023], [91.33519546100007, 23.98876529100005], [91.335729, 23.988297001000035], [91.33619060100006, 23.987245906000055], [91.33658, 23.986508], [91.336887, 23.985550001000036], [91.337308, 23.984661], [91.33837, 23.984265004000065], [91.33914000200008, 23.983624001000067], [91.340173, 23.982784], [91.340887, 23.98215300100003], [91.34164362900003, 23.982221406000065], [91.34229399500003, 23.982649989000038], [91.34284500600006, 23.98304895900003], [91.344229, 23.982888], [91.34515200100003, 23.983286004000036], [91.34658799900006, 23.983289005000074], [91.347192, 23.983942], [91.34791799900006, 23.983924004000073], [91.348702, 23.98399100100005], [91.349799, 23.98349900100004], [91.350252, 23.982965], [91.35150401100003, 23.982655006000073], [91.352579, 23.982364], [91.354084, 23.982444], [91.35461701300005, 23.983465999000032], [91.355717, 23.983785], [91.35621123500005, 23.984138553000037], [91.357357, 23.98412200100006], [91.35866173300008, 23.98406579600004], [91.35907918700008, 23.984592187000032], [91.359225, 23.985160001000054], [91.359704, 23.985679], [91.360506, 23.986007], [91.361228, 23.986159], [91.36178800100004, 23.98615600100004], [91.36686430200007, 23.98105418600005], [91.37943868600007, 23.975760012000023], [91.37890497100005, 23.981064279000066], [91.38010919900006, 23.982704669000043], [91.37847641700006, 23.983511844000077], [91.37715928700004, 23.984374883000044], [91.37878551500006, 23.984717166000053], [91.377183, 23.986150001000055], [91.377732, 23.988333], [91.376975, 23.990808], [91.37924, 23.991408], [91.37764813300004, 23.992779170000063], [91.37650296600003, 23.993019977000074], [91.37446274200005, 23.995365416000027], [91.37641031200008, 23.996630159000063], [91.374977, 23.99685], [91.37471870800005, 24.000126735000038], [91.37406622800006, 24.002477872000043], [91.37414806400005, 24.004295076000062], [91.394836, 24.052448], [91.379548, 24.076118], [91.37448958400006, 24.107539323000026], [91.37883236800008, 24.108328751000045], [91.38756099700004, 24.107365006000066], [91.39326299400005, 24.10808570200004], [91.39882235900006, 24.10902799300004], [91.40123891400003, 24.109276874000045], [91.40319176900005, 24.112139737000064], [91.40553218600007, 24.113505774000032], [91.40908231500003, 24.113306614000066], [91.41073077200008, 24.114686207000034], [91.41419661300006, 24.114357616000063], [91.41713870300003, 24.112107223000066], [91.41957068900007, 24.112561656000025], [91.42060097400008, 24.110979986000075], [91.42284678300007, 24.109424631000024], [91.42557976100005, 24.10744580900007], [91.42670655200004, 24.108280990000026], [91.42795922900007, 24.10637710000003], [91.42916924800005, 24.103887584000063], [91.43144516400008, 24.099898823000046], [91.43352017400008, 24.101619619000076], [91.43624892400004, 24.10123158600004], [91.43901064600004, 24.102883012000063], [91.44103569900005, 24.100641626000026], [91.44193448600004, 24.097100586000067], [91.44446623900006, 24.09900693000003], [91.44817716700004, 24.10020705100004], [91.44975192700008, 24.100797227000044], [91.45088209000005, 24.10126697100003], [91.45099944000003, 24.100568821000024], [91.45059173600004, 24.10006136800007], [91.45171952900006, 24.099339172000043], [91.45187247700005, 24.09836], [91.45253151700007, 24.098063426000067], [91.45332945200005, 24.09848177400005], [91.45469875900005, 24.09720215300007], [91.45673559400007, 24.096942300000023], [91.45859485900007, 24.097210477000033], [91.46089653700005, 24.097147058000076], [91.46315547100005, 24.097737892000055], [91.46585762400008, 24.098437071000035], [91.48202302700008, 24.097934716000054], [91.48335601300005, 24.097605475000023], [91.48444730400007, 24.09644575300007], [91.48800390200006, 24.095471490000023], [91.49095476800005, 24.09635612900007], [91.50244244100008, 24.087223511000047], [91.54325889300009, 24.07611092800005], [91.56917899900003, 24.075379963000046], [91.57295848300004, 24.078705783000032], [91.57818370700005, 24.077382226000054], [91.59169826100003, 24.078143699000066], [91.59753855000008, 24.083904415000063], [91.59286217900006, 24.08884389900004], [91.59345671200003, 24.09300379900003], [91.59573033500004, 24.097293929000045], [91.59956923200008, 24.097388459000058], [91.60166252500005, 24.095992239000054], [91.60448323400004, 24.095986005000043], [91.60426049700004, 24.093976119000047], [91.605645, 24.09347000100007], [91.60711852100007, 24.093740780000076], [91.609084, 24.092681], [91.61138788500006, 24.09219132000004], [91.61311059500008, 24.093061182000042], [91.61461125500006, 24.094531947000064], [91.61659033900008, 24.09506684400003], [91.61838726500008, 24.094936833000077], [91.62241692700007, 24.097266834000038], [91.62510090100005, 24.098040824000066], [91.62621810400003, 24.099033073000044], [91.62832378300004, 24.10033096500007], [91.63091084400008, 24.10041433400005], [91.63322752600004, 24.101128199000073], [91.63677268000004, 24.102055337000024], [91.64656534200003, 24.156699082000046], [91.65585523200008, 24.17770383000004], [91.65764691400005, 24.179347180000036], [91.65692761900004, 24.18043672700003], [91.65829718500004, 24.18200607600005], [91.65843683200006, 24.183154423000076], [91.65810832900007, 24.184440134000056], [91.65841226300006, 24.18584515200007], [91.65836483900006, 24.18703415400006], [91.65880180200008, 24.187966731000074], [91.65918306400005, 24.188751618000026], [91.65965872300006, 24.190652895000028], [91.65840652700007, 24.192295088000037], [91.65869420900003, 24.19480946500005], [91.65788095000005, 24.195548947000077], [91.65493486900004, 24.19564383000005], [91.65254265800007, 24.196200083000065], [91.65319245800004, 24.197398717000056], [91.65264827500005, 24.197890765000068], [91.65334481800005, 24.199123600000064], [91.65406046200007, 24.200107870000068], [91.65340883900006, 24.20126950300005], [91.654303, 24.202468001000057], [91.653636, 24.202581001000055], [91.653096, 24.203428], [91.652776, 24.203514], [91.652829, 24.204781], [91.65263, 24.20498100100008], [91.65213, 24.205461], [91.65250301800006, 24.20568806700004], [91.65244100700005, 24.207105193000075], [91.65164444500004, 24.208599074000063], [91.65105735000003, 24.209157185000038], [91.651983, 24.210015001000045], [91.65084900100004, 24.210715005000054], [91.65114787600004, 24.211750378000033], [91.65052804900006, 24.21243876500006], [91.649816, 24.21229500100003], [91.649336, 24.213248001000068], [91.648796, 24.21450100100003], [91.647683, 24.215115], [91.64841263000005, 24.21583473900006], [91.64871600100008, 24.216735], [91.648869, 24.217475], [91.64866897500008, 24.217902009000056], [91.647809, 24.218828001000077], [91.64854894500007, 24.219542011000044], [91.64938699400005, 24.220247486000062], [91.64957609200007, 24.219694138000023], [91.65079555900007, 24.218843909000043], [91.652423, 24.219755], [91.652563, 24.220562001000076], [91.653516, 24.221202], [91.65434401000005, 24.221479978000048], [91.65433, 24.223348001000033], [91.65580400500005, 24.223860694000052], [91.65603, 24.224795001000075], [91.656636, 24.22477500100007], [91.65696658200005, 24.225436260000038], [91.656803, 24.22598199500004], [91.65703, 24.227002], [91.657743, 24.22787500100003], [91.658696, 24.228255], [91.65965, 24.22854200100005], [91.66055081800005, 24.228906661000053], [91.661463, 24.229315], [91.662637, 24.229722], [91.66385613400007, 24.228932203000056], [91.66421000600008, 24.23043500400007], [91.66421, 24.232429], [91.666023, 24.23325600100003], [91.66833694300004, 24.231769029000077], [91.66770503000004, 24.22866947400007], [91.66755913500003, 24.224652510000055], [91.66726, 24.222094], [91.66636300600004, 24.220022999000037], [91.666045, 24.21767600100003], [91.66730100100006, 24.215439], [91.66716299000007, 24.212651005000055], [91.66935800100003, 24.20921300200007], [91.671001, 24.206203], [91.67402776900008, 24.202666070000078], [91.676289, 24.200861], [91.67688200200007, 24.19699500400003], [91.67703401100005, 24.195572955000046], [91.67953536000005, 24.192504865000046], [91.68045771700008, 24.189430297000058], [91.679464, 24.187276001000043], [91.67987799300005, 24.184998005000068], [91.68043, 24.182347], [91.679989, 24.179255001000058], [91.681038, 24.176825], [91.68263899200008, 24.174671], [91.68304, 24.170405001000063], [91.684738, 24.168666001000076], [91.68512402200008, 24.166208978000043], [91.68881, 24.164869001000056], [91.68823, 24.162163], [91.691958, 24.160424], [91.695189, 24.159941], [91.69694220700006, 24.161799403000032], [91.69701096800009, 24.163847959000066], [91.70029697500007, 24.16380604400007], [91.702077, 24.163323001000037], [91.703066, 24.163155], [91.704559, 24.161794], [91.704535, 24.15944], [91.70630766800008, 24.156688419000034], [91.70615106100007, 24.154949052000063], [91.707319, 24.15480300100006], [91.708611, 24.154518], [91.70945000500006, 24.15416500500004], [91.71154100200005, 24.153910004000068], [91.711737, 24.15324600100007], [91.713267, 24.152801], [91.714639, 24.15397], [91.715522, 24.153352], [91.717165, 24.152862], [91.719977, 24.152243], [91.721199, 24.153118], [91.72149632800006, 24.15158332900006], [91.72282702500007, 24.14960491900007], [91.723664, 24.148112001000072], [91.72447829300006, 24.146757336000064], [91.72683099900007, 24.146701989000064], [91.72763700400009, 24.14560900300006], [91.727472, 24.144433], [91.728444, 24.14343], [91.73015499400003, 24.143897005000042], [91.731369, 24.144244], [91.732123, 24.145782], [91.73317900500007, 24.144696991000046], [91.734302, 24.143973], [91.73537993300005, 24.14532193200006], [91.736896, 24.145752001000062], [91.73826700100005, 24.144025], [91.737823, 24.143199001000028], [91.73851924200005, 24.142670311000074], [91.73982399600004, 24.14221599800004], [91.740754, 24.142981], [91.74212141200007, 24.141588425000066], [91.74448146800006, 24.14270533000007], [91.74551636900009, 24.142674930000055], [91.74767432000004, 24.142148623000026], [91.74979200100006, 24.142137], [91.75226688200007, 24.142125372000066], [91.755212, 24.14247700100003], [91.75977684000009, 24.141792697000028], [91.75507551800007, 24.179720632000056], [91.77882546600006, 24.22769088900003], [91.78820287200006, 24.222402157000033], [91.79048463000004, 24.221070790000056], [91.79329788400008, 24.220988516000034], [91.79593313500004, 24.220397167000044], [91.79713337900006, 24.220046961000037], [91.79812814400003, 24.21979990400007], [91.79847276700008, 24.220341166000026], [91.79878114400003, 24.220602404000033], [91.79938099100008, 24.220311538000033], [91.80008365600008, 24.220479393000062], [91.80044578100006, 24.220186153000043], [91.80139597200008, 24.21959447000006], [91.80226423600004, 24.219527467000034], [91.80280573000005, 24.219989729000076], [91.80330215800006, 24.220363518000056], [91.80426580700004, 24.220372826000073], [91.80460523400006, 24.220221394000077], [91.80537745000004, 24.220341563000034], [91.80594546400005, 24.22069644000004], [91.80696869700006, 24.220579756000063], [91.80676498700007, 24.219767888000035], [91.80657299700005, 24.219073517000027], [91.80764007600004, 24.218112072000054], [91.808925, 24.21794600100003], [91.80968400400008, 24.218395002000022], [91.81044300100007, 24.217669], [91.81020600900007, 24.217299007000065], [91.81071303500005, 24.21732507300004], [91.81060799500005, 24.216598998000052], [91.81124201100005, 24.21657900400004], [91.81143413200004, 24.21573065700005], [91.811849, 24.215021996000075], [91.812291, 24.214639], [91.812437, 24.214124001000073], [91.812998, 24.213649], [91.81279300500006, 24.21312700200008], [91.81270792600009, 24.212250419000043], [91.81361800100007, 24.212295006000033], [91.81474096500006, 24.212071046000062], [91.81530200400005, 24.212103998000032], [91.81587, 24.211358001000065], [91.81608, 24.210454], [91.816741, 24.210354], [91.81761900100008, 24.21073700100004], [91.818814, 24.210394], [91.819408, 24.21017000100005], [91.82015388800005, 24.20931409800005], [91.820933, 24.209714], [91.821276, 24.210183], [91.821322, 24.210698001000026], [91.822088, 24.21100800100004], [91.823118, 24.210718], [91.82375804700007, 24.211404023000057], [91.825045, 24.211331], [91.825428, 24.212685001000068], [91.826484, 24.213767], [91.827593, 24.213596], [91.82915754900006, 24.213668452000036], [91.82964, 24.215074], [91.83112500100003, 24.215951999000026], [91.831462, 24.216877001000057], [91.831508, 24.217675001000032], [91.832683, 24.218177], [91.83395094200006, 24.218401064000034], [91.835244, 24.217992001000027], [91.836116, 24.218085001000077], [91.83669999000006, 24.218938266000066], [91.837508, 24.218639], [91.837885, 24.219603], [91.838274, 24.220395], [91.83766700100006, 24.220639001000052], [91.83780499400007, 24.22151700200004], [91.837284, 24.222375001000046], [91.83742301100006, 24.223346031000062], [91.837654, 24.22396], [91.83756807200007, 24.224830996000037], [91.837172, 24.224811001000035], [91.84487248100004, 24.226454484000044], [91.84335026500008, 24.223352082000076], [91.84430683100004, 24.220661930000063], [91.84890943400006, 24.223147561000076], [91.85033925500005, 24.22198603000004], [91.84752577900008, 24.220135463000076], [91.84664898200003, 24.21612582100005], [91.85207840400005, 24.21671667000004], [91.85504999100004, 24.213735390000068], [91.85299915500008, 24.211690832000045], [91.84951069200008, 24.212798822000025], [91.84831020400009, 24.20744121300004], [91.84953564600005, 24.20457715200007], [91.84658684600004, 24.20060750400006], [91.84340650700005, 24.20040036000006], [91.84195080100005, 24.20040743100003], [91.843826, 24.197315047000075], [91.845161, 24.19702200100005], [91.84524728000008, 24.196011503000022], [91.84604656500005, 24.19558254800006], [91.84606981800005, 24.193730216000063], [91.84697592700007, 24.19293400400005], [91.846606, 24.192426], [91.84531499600007, 24.19169500600003], [91.846606, 24.19117], [91.847329, 24.190696], [91.84906800200008, 24.191263991000028], [91.84992490300004, 24.19092970500003], [91.85098699800005, 24.191263992000074], [91.85148602900006, 24.190024994000055], [91.85314700600009, 24.189311], [91.853543, 24.187942], [91.85444704600008, 24.18809696900007], [91.85523, 24.186952], [91.85422023200005, 24.185354801000074], [91.85317300200006, 24.184310011000036], [91.853552, 24.183579], [91.854163, 24.183699], [91.85554876300006, 24.183341641000027], [91.85570960100006, 24.18254988600006], [91.85538940900005, 24.182080401000064], [91.856796, 24.182460001000038], [91.85787292700007, 24.181146271000046], [91.858501, 24.181418], [91.85923490900007, 24.18101795800004], [91.86038499600005, 24.182089991000055], [91.86153897800006, 24.18243398100003], [91.86248600100004, 24.18195200300005], [91.863811, 24.18135], [91.86284704800005, 24.18032492800006], [91.863905, 24.180179], [91.865154, 24.18001600100007], [91.865368, 24.178165001000025], [91.866513, 24.177365001000055], [91.86726707300005, 24.177232047000075], [91.86815541000004, 24.176583142000027], [91.86889137800006, 24.176852256000075], [91.87042898800007, 24.176689029000045], [91.870962, 24.175293], [91.87299674400003, 24.174855826000055], [91.873951, 24.173621001000072], [91.8737, 24.172763001000078], [91.87415, 24.17075600100003], [91.87389600100005, 24.169693004000067], [91.87408466000005, 24.168551697000055], [91.874467, 24.167037], [91.874943, 24.165387], [91.87465799600005, 24.16357100700003], [91.874872, 24.16221500100005], [91.876426, 24.16110400100007], [91.87615408600004, 24.16002880700006], [91.876164, 24.159161], [91.876855, 24.15843200100005], [91.87702101300005, 24.15762304800006], [91.87618, 24.156624], [91.876141, 24.155164], [91.877446, 24.153808001000073], [91.877868, 24.153126001000032], [91.878323, 24.15230500100006], [91.878267, 24.151842001000034], [91.87876998300004, 24.151565951000066], [91.878413, 24.151265], [91.877868, 24.150721], [91.87835783900005, 24.14980035600007], [91.87864694500007, 24.14915743100005], [91.878626, 24.14875], [91.87845699300004, 24.14850702800004], [91.878174, 24.147965], [91.87822499800006, 24.147638011000026], [91.87882299700004, 24.147373005000077], [91.87906212000007, 24.14699964400006], [91.878738, 24.146493001000067], [91.87903199700008, 24.14630599900005], [91.87965973900003, 24.14551530400007], [91.880437, 24.145957], [91.88089077700005, 24.14587886000004], [91.88186607500006, 24.144774778000055], [91.88317078400007, 24.143827405000025], [91.88419055800006, 24.14145785200003], [91.88663324400005, 24.13851629800007], [91.88890291400008, 24.139023715000064], [91.89055712500004, 24.13718502100005], [91.89293523800006, 24.13795099600003], [91.90017442600004, 24.137801800000034], [91.90589579500005, 24.139407729000027], [91.90569149600003, 24.141814225000076], [91.90631618800006, 24.143710159000022], [91.90977331800008, 24.14638941100003], [91.91031884400007, 24.15020516800007], [91.91334794600004, 24.151733594000063], [91.91428809500007, 24.153999070000054], [91.91344733000005, 24.155260847000022], [91.91322401200006, 24.157342871000026], [91.91374308900004, 24.15862223000005], [91.91359716600005, 24.160391341000036], [91.91462630000007, 24.165347524000026], [91.91388567400008, 24.16749716000004], [91.92354903000006, 24.209294620000037], [91.93916505800007, 24.272888802000068], [91.92050198600003, 24.336980322000045], [91.92367288100007, 24.335879023000075], [91.92678122900008, 24.338153987000055], [91.93198177400006, 24.340479552000033], [91.93223785700008, 24.341193774000033], [91.93356542300006, 24.340392302000055], [91.93494301500004, 24.33985208200005], [91.93523230100004, 24.34091670400005], [91.93620686000008, 24.340974005000078], [91.93695104400007, 24.341897661000075], [91.93756538500008, 24.34244442200003], [91.93860850400006, 24.343113971000037], [91.93958521100006, 24.342820293000045], [91.94024308200005, 24.343035177000047], [91.94121902800003, 24.342934246000027], [91.94164594600005, 24.343781213000057], [91.94190890000004, 24.344502415000022], [91.94204130500003, 24.345465009000065], [91.94202767900003, 24.34661860400007], [91.94210864000007, 24.347170681000023], [91.94235558900004, 24.347561193000047], [91.94334312200004, 24.348048049000056], [91.94291204400008, 24.34839595300008], [91.94332196300007, 24.348924023000052], [91.94409669300006, 24.348967584000036], [91.94513331300004, 24.348990812000068], [91.94555787900003, 24.348493406000046], [91.94613577100006, 24.34872039800007], [91.94632808900008, 24.349503707000054], [91.94611529400004, 24.35019977500008], [91.94722726100008, 24.350509268000053], [91.94673273100005, 24.351066089000028], [91.94764088900007, 24.35113911600007], [91.94846543800008, 24.35067624100003], [91.94931776600004, 24.351183603000038], [91.94999924000007, 24.35087451000004], [91.95091501100006, 24.35145548500003], [91.95079402700009, 24.35226136400007], [91.95150325500003, 24.35276722100008], [91.95265413800007, 24.35339318800004], [91.95397486800005, 24.353315773000077], [91.95555084800009, 24.35460989300003], [91.95636698300007, 24.356158656000048], [91.96769616400007, 24.348932828000045], [91.96854148100005, 24.34557905300005], [91.97794348200006, 24.328570436000064], [91.98474637800007, 24.322300892000044], [91.99572208800004, 24.32219869000005], [91.99639353600008, 24.326703202000033], [91.99521003300003, 24.329123021000044], [91.99665457300006, 24.33182283600007], [91.99773351000005, 24.335506176000024], [91.99625573500003, 24.338207623000073], [91.99292275500005, 24.341817848000062], [91.98904795900006, 24.34438803300003], [91.98792022800006, 24.346918973000072], [91.98727490600004, 24.34820825500003], [91.98624889000007, 24.34891504600006], [91.98597063200003, 24.349985436000054], [91.98460316000006, 24.350893086000042], [91.98299510500004, 24.352163102000077], [91.98186298100006, 24.35441298300003], [91.98139102400006, 24.355075385000077], [91.97993415900004, 24.35682074400006], [91.97922618100006, 24.35816903400007], [91.97952512900008, 24.360247797000056], [91.98128665800004, 24.35978341400005], [91.98256732900006, 24.359131382000044], [91.98459054200003, 24.360373034000077], [91.98164649200004, 24.362779746000058], [91.98031920900007, 24.363960718000044], [91.97908378700004, 24.366256501000066], [91.97895598400004, 24.36997311300007], [91.97768049400008, 24.372702325000034], [91.97432084300004, 24.370932590000052], [91.97018320100005, 24.374856445000034], [91.97229997900007, 24.37955078400006], [91.96690507600005, 24.380448517000048], [91.97214178500008, 24.385508584000036], [91.98335797300007, 24.376720075000037], [91.98598689800008, 24.376655588000062], [91.98814245800008, 24.37729220600005], [91.98856611600007, 24.382132081000066], [91.99176070500005, 24.38690174800007], [91.98777545000007, 24.390263206000043], [91.99010153500006, 24.390214876000073], [91.99260316500005, 24.38921409900007], [91.99347804800004, 24.388450358000057], [91.99613608700008, 24.39095691500006], [91.99631770500008, 24.393728965000037], [91.99753351000004, 24.392403371000057], [91.99893627200004, 24.39237383300008], [91.99973621100008, 24.391398527000035], [92.00098224600004, 24.389655455000025], [92.00359211100005, 24.388850881000053], [92.00487232700004, 24.387482372000022], [92.00552078100009, 24.385956446000023], [92.00489835500008, 24.383551875000023], [92.00590594700003, 24.38241735300005], [92.00639391000004, 24.382417668000073], [92.00703874300007, 24.381591609000054], [92.00791213600007, 24.381478738000055], [92.00907991300005, 24.38201182100005], [92.01010339800007, 24.382128437000063], [92.01077302900006, 24.382916754000064], [92.01176673200007, 24.382829455000035], [92.01294194900004, 24.383297480000067], [92.01395124300007, 24.38368295500004], [92.01454152500008, 24.38397796000004], [92.01598195300005, 24.38406584300003], [92.01625265300004, 24.384765198000025], [92.01758888500007, 24.384721287000048], [92.01819830700003, 24.38519876400005], [92.01920351300004, 24.386017941000034], [92.01986122200003, 24.38669268600006], [92.02113032500006, 24.386125040000024], [92.02354540300007, 24.385752667000077], [92.02310710100005, 24.384715468000024], [92.02226155300008, 24.38382028700005], [92.02143147400005, 24.383459548000076], [92.02223710900006, 24.382901772000025], [92.02362344000005, 24.38348920800007], [92.02437079200007, 24.38363144500005], [92.02485569400005, 24.383179662000032], [92.02509554200003, 24.382580330000053], [92.02592317400007, 24.382333354000025], [92.02667257700006, 24.38182208300003], [92.02671538800007, 24.38094430500007], [92.02732426300008, 24.380496875000063], [92.02717765000006, 24.37987492700006], [92.02779450700007, 24.379798384000026], [92.02826370100007, 24.37980235400005], [92.02892090600005, 24.37987811000005], [92.02965486700003, 24.37970809500007], [92.03068780200005, 24.379466966000052], [92.03077063000006, 24.380002939000065], [92.03144031900007, 24.37966173800004], [92.03201206000006, 24.37931141100006], [92.03278535800007, 24.37928922100008], [92.03329490100003, 24.37938609200006], [92.03339699300005, 24.37893038200008], [92.03383386500008, 24.37894069600003], [92.03441745700007, 24.379175442000076], [92.03486425300008, 24.379984060000027], [92.03569664100007, 24.379790635000063], [92.03574242600007, 24.380229548000045], [92.03592299700006, 24.37963230500003], [92.03646289600005, 24.379007494000064], [92.03726646900003, 24.37849182100007], [92.03776110100006, 24.377659830000027], [92.03864305100007, 24.377187942000035], [92.03985382900004, 24.377132133000032], [92.04139108600003, 24.377312677000077], [92.04278306600008, 24.377538311000023], [92.04304432500004, 24.376605873000074], [92.04328465500004, 24.375525820000064], [92.04406855100007, 24.375003066000033], [92.04541748000008, 24.375758227000063], [92.04753562600007, 24.37711227500006], [92.04914461300007, 24.376043581000033], [92.08414393700008, 24.376781137000023], [92.08573044200006, 24.375005500000043], [92.08618373000007, 24.373829339000054], [92.08725060900008, 24.372927014000027], [92.09059532400005, 24.372206179000045], [92.09228650400007, 24.37294595800006], [92.09605236600004, 24.37285308500003], [92.09661367300004, 24.37411541800003], [92.09866474900008, 24.375014806000024], [92.10038942800008, 24.37659912500004], [92.10074636800005, 24.380036652000058], [92.10202016800008, 24.382198912000035], [92.10387068700004, 24.38231799500005], [92.10486881900005, 24.38125348600005], [92.10674838800009, 24.38203743300005], [92.10821568500006, 24.381543658000055], [92.10955822800008, 24.38026718200007], [92.11046658000004, 24.379957167000043], [92.11173347700009, 24.381179300000042], [92.11252282100008, 24.381164771000044], [92.11379449700007, 24.381010957000058], [92.11375969000005, 24.381955651000055], [92.11545767800004, 24.38203124100005], [92.11627845000004, 24.381538383000077], [92.11735909900005, 24.381254042000023], [92.11796342100007, 24.380702756000062], [92.11845774700004, 24.381678778000037], [92.11782960000005, 24.38244614300004], [92.11929490000006, 24.38169893500003], [92.11995634900006, 24.38240617400004], [92.12069735400007, 24.383507061000046], [92.12131467200004, 24.38277269500003], [92.12191041000005, 24.383057933000032], [92.12206963200003, 24.383742376000043], [92.12197663700005, 24.384656299000028], [92.12253572100008, 24.38514953300006], [92.12210486200007, 24.38542758600005], [92.12151980000004, 24.386394178000046], [92.12126655000009, 24.387190358000055], [92.12006981800005, 24.387796281000078], [92.11997416600008, 24.38877824900004], [92.11968487300004, 24.389346595000063], [92.12067211200008, 24.38935883700003], [92.11960117700005, 24.389744132000033], [92.11890689200004, 24.390344199000026], [92.11976411100005, 24.39137862800004], [92.11982433300005, 24.39207052000006], [92.12152344200007, 24.393044402000044], [92.12200825500008, 24.39388314100006], [92.12251147100005, 24.39555811200006], [92.12351262200008, 24.39671479200007], [92.12480644000004, 24.396421690000068], [92.12653453000007, 24.396993563000024], [92.12672577000006, 24.39797407100008], [92.12684753600007, 24.399437824000074], [92.12774011300007, 24.399847816000033], [92.12792319200008, 24.400812795000036], [92.12744278500008, 24.401845495000032], [92.12905952300008, 24.40301031100006], [92.13009460300003, 24.404021872000044], [92.13121093600006, 24.406288269000072], [92.13189250800008, 24.40708895800003], [92.13241537100004, 24.406154840000056], [92.13325021900005, 24.40696913200003], [92.13411964800008, 24.40722997900008], [92.13498273100004, 24.40756621500003], [92.13455267400008, 24.408944478000024], [92.13455679700007, 24.409616050000068], [92.13407264800009, 24.410334009000053], [92.13265472000006, 24.410923084000046], [92.13329128900006, 24.411761866000063], [92.13318504400007, 24.41355529300006], [92.13269467000003, 24.414608696000073], [92.13339780000007, 24.416021525000076], [92.13323857900008, 24.417185473000075], [92.13455986700006, 24.418282416000068], [92.13574760300008, 24.41928075900006], [92.13654731600008, 24.420906686000023], [92.13595432100004, 24.422288781000077], [92.13649936000007, 24.424741504000053], [92.13898057500006, 24.424703584000042], [92.14376105600007, 24.422538643000053], [92.14560954700005, 24.42349223900004], [92.14702544300008, 24.421313389000034], [92.14859807300007, 24.421430262000058], [92.15010395400003, 24.422103505000052], [92.15182284300005, 24.424118967000027], [92.15310447000007, 24.425372355000036], [92.15534757700004, 24.424280559000067], [92.15683579400007, 24.422777401000076], [92.15983679500005, 24.422482433000027], [92.15979685900004, 24.421250629000042], [92.16268622700005, 24.41936786200006], [92.16319547600006, 24.418665413000042], [92.16435787000006, 24.419488799000078], [92.16603228500009, 24.421336419000056], [92.16600994500004, 24.422240542000054], [92.16662111400007, 24.423414236000042], [92.16805872600008, 24.426678631000073], [92.16910612700008, 24.428467838000074], [92.16577102000008, 24.428216646000067], [92.16630128600008, 24.433204362000026], [92.16641740800009, 24.435872648000043], [92.16331592000006, 24.438063292000038], [92.16370935400005, 24.44260736800004], [92.16280301100005, 24.446110821000048], [92.16133462500005, 24.45036745500005], [92.15985993100008, 24.454559991000053], [92.15947997800004, 24.460140282000054], [92.15911176700007, 24.460736344000054], [92.15996775000008, 24.462847968000062], [92.15862054900003, 24.46411185100004], [92.15740472100003, 24.466960529000062], [92.15558738100003, 24.465484555000046], [92.15544779300006, 24.46743648000006], [92.15726477300007, 24.469220028000052], [92.15897865400007, 24.468982783000058], [92.15760761400009, 24.47018194000003], [92.15467630700005, 24.46974318900004], [92.15381784900006, 24.471566218000078], [92.15591548900005, 24.474179591000052], [92.15726537900008, 24.472835028000077], [92.15646137700008, 24.47487766000006], [92.15359825200005, 24.479012940000075], [92.15206778100008, 24.483416659000056], [92.15398398100007, 24.487065720000032], [92.15194384400007, 24.488692093000054], [92.15321356500004, 24.492414353000072], [92.15136207900008, 24.49597351400007], [92.15332632200005, 24.50111931600003], [92.15474070100004, 24.50309241100007], [92.15877624300003, 24.507871108000074], [92.15502782800007, 24.509707071000037], [92.15218009100005, 24.508981076000055], [92.15456795900008, 24.51110139700006], [92.15424538700006, 24.514439780000032], [92.15585241200006, 24.514064156000074], [92.15563126200004, 24.515882452000028], [92.15456327500004, 24.51825205600005], [92.15546235000005, 24.51984145600005], [92.15787084600004, 24.52118597900005], [92.15539966400007, 24.522722945000055], [92.15783999000007, 24.52334413500006], [92.15917030500003, 24.526928016000056], [92.16128610500004, 24.529081132000044], [92.16314170900006, 24.52831671900003], [92.16575570300006, 24.529267350000055], [92.16683165800004, 24.53179151100005], [92.17210080800004, 24.529838403000042], [92.17633921600003, 24.524994742000047], [92.17959606100004, 24.524322398000038], [92.18225657400006, 24.523918888000026], [92.18483445300006, 24.523461636000036], [92.18791099200007, 24.521375414000033], [92.19066126300004, 24.517799525000044], [92.19328535200003, 24.515865991000055], [92.19562318200008, 24.512223954000035], [92.19944779800005, 24.511400628000047], [92.20132099000006, 24.507915076000074], [92.20663405700003, 24.50619787200003], [92.20979737600004, 24.504430684000056], [92.21450369200005, 24.505584373000033], [92.22022667000005, 24.515459527000075], [92.22380897500005, 24.517647313000055], [92.23024058600004, 24.529871435000075], [92.23341666900006, 24.572384199000055], [92.23407997600003, 24.574558370000034], [92.23424780600004, 24.57658957600006], [92.23335723400004, 24.578067161000035], [92.23345135100004, 24.58205812800003], [92.23407036400005, 24.58517732000007], [92.23524537200007, 24.589290402000074], [92.23626557000006, 24.594481776000066], [92.23558671000006, 24.59696232400006], [92.23730792500004, 24.599990271000024], [92.23844422500008, 24.604173528000047], [92.23940599400004, 24.607648751000056], [92.24194239400003, 24.610894898000026], [92.24171159800005, 24.614702918000035], [92.24397752300007, 24.616639779000025], [92.24398185300004, 24.619191185000034], [92.24351166700006, 24.62213507200005], [92.24352398100007, 24.62506011000005], [92.24429711000005, 24.627933403000043], [92.24623947600008, 24.63200399300007], [92.24750019500004, 24.635755166000024], [92.24852688500005, 24.64003735600005], [92.24870717400006, 24.644236929000044], [92.24982365300008, 24.648183997000046], [92.24763682300005, 24.652479456000037], [92.24767344700007, 24.65580327200007], [92.24850886900003, 24.657916882000052], [92.25092697500008, 24.66001496800004], [92.25278945600007, 24.66304260000004], [92.25488626900005, 24.667353696000077], [92.25642668300009, 24.671904768000047], [92.25501699000006, 24.674365738000063], [92.25526031700008, 24.678485030000047], [92.25890261000006, 24.68038224000003], [92.25858041800007, 24.683900394000034], [92.26068325400007, 24.687939752000034], [92.26451827200003, 24.690523951000046], [92.26737862400006, 24.69381548700005], [92.26955599700005, 24.69832517900005], [92.27243517000005, 24.70298378500007], [92.27549928200006, 24.706888640000045], [92.27595729200004, 24.709892742000022], [92.27790400400005, 24.712414485000068], [92.28080239700006, 24.71514194300005], [92.28271768100007, 24.717844204000073], [92.28462934200007, 24.719592530000057], [92.28634016300003, 24.722361058000047], [92.28757428900008, 24.723390966000068], [92.28840049100006, 24.725108934000048], [92.29054103200008, 24.727789408000035], [92.29162693300003, 24.729690032000065], [92.29195785300004, 24.730399816000045], [92.29273806500004, 24.730664571000034], [92.29380876000005, 24.731631237000045], [92.29389039800003, 24.732646283000065], [92.29469118500003, 24.733449810000025], [92.29386898200005, 24.73469948500008], [92.29505115900008, 24.735460656000043], [92.29611956900004, 24.73668155300004], [92.28286501200006, 24.742492988000038], [92.28087349800006, 24.744193231000054], [92.27938973800008, 24.74516110600007], [92.28024677300004, 24.746206452000024], [92.28032637200005, 24.748540355000046], [92.28600403200005, 24.755735488000028], [92.28560055800006, 24.770429656000033], [92.28555356700008, 24.776506637000068], [92.28708059200005, 24.777726175000055], [92.28812982200003, 24.778735233000077], [92.28824772700005, 24.781794043000048], [92.28919122200006, 24.78461512100006], [92.28779196200009, 24.786189110000066], [92.28826194800007, 24.788262299000053], [92.28636234500004, 24.789121084000044], [92.28474170600003, 24.788909252000053], [92.28389862100005, 24.78880463200005], [92.28206861800004, 24.789976817000024], [92.28047150700007, 24.791680115000077], [92.27940632700006, 24.794360149000056], [92.27891704000007, 24.797234502000038], [92.27337962200005, 24.801721876000045], [92.27420329800003, 24.80685873400006], [92.27554420300004, 24.81191798800006], [92.27417276900007, 24.813769800000046], [92.27578534000008, 24.815562396000075], [92.27452680000005, 24.819094562000032], [92.27323613700008, 24.823019801000044], [92.27181079000007, 24.828411885000037], [92.26558301600005, 24.830286297000043], [92.25995213900006, 24.830484891000026], [92.25576130500008, 24.831609439000033], [92.25208716300006, 24.830752781000058], [92.25031004300007, 24.833352211000033], [92.25268243000005, 24.83672328700004], [92.25248562600007, 24.838443382000037], [92.24556798900005, 24.839970768000057], [92.24141898500005, 24.842169175000038], [92.24147597800004, 24.845623741000054], [92.23993955700007, 24.852212972000075], [92.23971893800007, 24.856974179000076], [92.23528818100004, 24.861024822000047], [92.23555368900008, 24.86359374600005], [92.23848537000003, 24.86844758700005], [92.24376963900005, 24.867635197000027], [92.24601792100003, 24.869302349000066], [92.24477360800006, 24.871596358000033], [92.24720453300006, 24.879863112000066], [92.24730311700006, 24.88762543400003], [92.24032229600004, 24.889852142000052], [92.23598917300006, 24.895774887000073], [92.23297799300008, 24.900836794000043], [92.26566419600005, 24.906902591000062], [92.29245731100008, 24.915549317000057], [92.30996917200008, 24.90064574300004], [92.32768732200003, 24.89210839800006], [92.34505231000009, 24.882334142000047], [92.35319907500008, 24.882401381000022], [92.36420913900008, 24.872002379000037], [92.37723714000003, 24.86489481700005], [92.38657780400007, 24.85203336400008], [92.40628965600007, 24.859347772000035], [92.44034953000005, 24.858331099000054], [92.45627176600004, 24.874199494000038], [92.47996081900004, 24.87230419100007], [92.49145169000008, 24.874728565000055], [92.49628947400004, 24.877824540000063], [92.49422931600003, 24.881791387000078], [92.49263489600008, 24.894739909000066], [92.49357327500007, 24.906260489000033], [92.49297042000006, 24.915335647000063], [92.48983875200008, 24.921892162000063], [92.48536397500004, 24.924024185000064], [92.48466847600008, 24.932029158000034], [92.48770188400005, 24.942532752000034], [92.48042538800007, 24.946836312000073], [92.46849771700005, 24.942529359000048], [92.44940650500007, 24.93987309700003], [92.45518477900004, 24.954878879000034], [92.46914496800008, 24.964049682000052], [92.45106523600003, 24.967942867000033], [92.43821180100008, 24.967561920000037], [92.42017817800007, 24.97036431500004], [92.41926946600006, 24.99176847700005], [92.42034315600006, 25.001043563000053], [92.42448751700005, 25.011700079000036], [92.42660106700004, 25.02771229500007], [92.42117300400008, 25.028075176000073], [92.41649196000003, 25.030472845000077], [92.41019653900008, 25.030927915000063], [92.40351204200005, 25.03244836400006], [92.39892073700008, 25.033258058000058], [92.39275373800007, 25.039967612000055], [92.38611976200008, 25.040608951000024], [92.38464235600009, 25.04208534000003], [92.38401765500004, 25.04179253600006], [92.38340831900007, 25.03893614800006], [92.38241951700007, 25.040592552000078], [92.38130667700005, 25.040090572000054], [92.38021680700007, 25.040838265000048], [92.37812797200007, 25.040677102000075], [92.37679442800004, 25.04296960100004], [92.37392983000007, 25.043241401000046], [92.37311983900008, 25.04340032600004], [92.37269001200008, 25.04245404900007], [92.37053403700008, 25.04163843400005], [92.36835867800005, 25.043383078000033], [92.36858795400008, 25.04524291100006], [92.36515206600006, 25.048710760000063], [92.35893866800006, 25.04731642300004], [92.35669347700008, 25.05023605200006], [92.35430908800004, 25.04842347300007], [92.34941378900004, 25.04904923400005], [92.34196573300005, 25.049289374000068], [92.34484640800008, 25.05732256700003], [92.34757970000004, 25.061313674000075], [92.34701048500006, 25.070799210000075], [92.34486054300004, 25.07380214500006], [92.34159401700003, 25.07544413000005], [92.33778986000004, 25.076248238000062], [92.33533771800006, 25.07760759200005], [92.33355136200004, 25.078063147000023], [92.32892089200004, 25.077460030000054], [92.32270279900007, 25.078220858000066], [92.32161965800003, 25.077674044000048], [92.32088179200008, 25.076514925000026], [92.31979068500004, 25.075429651000036], [92.31914619000008, 25.074351130000025], [92.31821524200006, 25.072645617000035], [92.31897938400004, 25.071984978000046], [92.31907180100006, 25.07116065100007], [92.31874514000003, 25.070125750000045], [92.31628929300007, 25.071448979000024], [92.31462938100003, 25.071728397000072], [92.30926694100003, 25.07015459300004], [92.29879234900005, 25.072777254000073], [92.28978794500006, 25.07633487800007], [92.27293024900007, 25.080636020000043], [92.26572522300006, 25.083463264000045], [92.25701821700005, 25.085179675000063], [92.25156951700006, 25.08740424800004], [92.23871080300006, 25.093929728000035], [92.23054297000004, 25.09668723200008], [92.22762510800004, 25.093544999000073], [92.22313854000004, 25.10337176400003], [92.20771463800008, 25.114617957000064], [92.21879001700006, 25.114149343000065], [92.22666198800005, 25.115831607000075], [92.22421480500003, 25.11736533800007], [92.21956433600008, 25.116749388000073], [92.19737326500007, 25.126303885000027], [92.19255120300005, 25.133237885000028], [92.19019121800005, 25.131188535000035], [92.18752706200007, 25.125227594000023], [92.17136599900005, 25.126090488000045], [92.15942809600006, 25.130313921000038], [92.16390361000003, 25.13611596100003], [92.16150162800005, 25.13518707700007], [92.15503316500008, 25.133491350000043], [92.14422198600005, 25.137717553000073], [92.13545139700005, 25.14215765600005], [92.13477343100004, 25.147270891000062], [92.13545210600006, 25.152769264000028], [92.13937535200006, 25.15476099400007], [92.12376035600005, 25.163189102000047], [92.08965121900007, 25.17828619200003], [92.07793040800004, 25.18038357300003], [92.06927909900008, 25.184562989000028], [92.05187377900006, 25.18692308100003], [92.04851616900004, 25.18661546100003], [92.04628102500004, 25.186436224000033], [92.04074447500005, 25.186174590000064], [92.03886571400005, 25.182634019000034], [92.02783583700005, 25.18311220100003], [92.01312331800005, 25.18716526700007], [92.00200494100005, 25.185409994000054], [91.98211807700005, 25.170846018000077], [91.96851180900006, 25.173493774000065], [91.94362097300007, 25.17796981300006], [91.91757840700006, 25.182279960000074], [91.87738050700005, 25.174649857000077], [91.84187486900004, 25.17685453400003], [91.80712042200008, 25.170147824000026], [91.77117440200004, 25.165408057000036], [91.74471442200007, 25.169645657000046], [91.74417169900005, 25.148278636000043], [91.74663221100008, 25.14045935300004], [91.73673278400008, 25.143528249000042], [91.73265545700008, 25.148047648000045], [91.72563997100008, 25.15162520100006], [91.71274317600006, 25.157358489000046], [91.70308811000007, 25.159313551000025], [91.70332680700005, 25.153054928000074], [91.69688127400008, 25.145893947000047], [91.69338328000003, 25.139455996000038], [91.68354254900004, 25.13641225600003], [91.67070816200004, 25.138167191000036], [91.65490247800005, 25.131389365000075], [91.64892785900008, 25.12786352100005], [91.63817946700004, 25.123129792000043], [91.63284225800004, 25.124425909000024], [91.62322669300005, 25.127936055000077], [91.62176056600003, 25.14082329100006], [91.61585154500006, 25.145076677000077], [91.61350042300006, 25.14250154000007], [91.60883114200004, 25.145637762000035], [91.60568643400006, 25.14272554300004], [91.60108553800006, 25.144765561000042], [91.59999719900009, 25.155227376000028], [91.60323876100006, 25.158061716000077], [91.59956565300007, 25.158860821000076], [91.60003145400003, 25.161007703000053], [91.60351008700007, 25.166586078000023], [91.61209219600005, 25.170366929000068], [91.61118235500004, 25.17650242600007], [91.60954567600004, 25.175442021000038], [91.60281925400005, 25.17420495400006], [91.58797068100006, 25.173112204000063], [91.57491414900005, 25.16884122700003], [91.57065868400008, 25.164947624000035], [91.57158020000008, 25.16285716300007], [91.57472601700005, 25.161495098000046], [91.56572116500007, 25.160158658000057], [91.56015009700008, 25.157991870000046], [91.54600940900008, 25.14816583000004], [91.52018241700006, 25.145951366000077], [91.50721281100004, 25.14665526300007], [91.49254412100004, 25.137369259000025], [91.47863205000004, 25.135703619000026], [91.46667430800005, 25.137423543000068], [91.46720423700003, 25.14614328300007], [91.46111521700004, 25.151470403000076], [91.43948146900004, 25.151223241000025], [91.42490666500004, 25.157214184000054], [91.42124498500004, 25.16313189400006], [91.40067473200008, 25.165613717000042], [91.37049442400007, 25.17042781300006], [91.36021609300008, 25.177550763000056], [91.35161335800007, 25.175836009000022], [91.34228628800008, 25.17392717100006], [91.32697350600006, 25.176317288000064], [91.32116419900007, 25.18249725000004], [91.30674811700004, 25.183219446000066], [91.28625187300008, 25.185683468000036], [91.29058392800005, 25.191096964000053], [91.29205336900009, 25.19300998600005], [91.27131392800004, 25.20373810700005], [91.24822943800007, 25.197206743000038], [91.22750405000005, 25.198270122000054], [91.19781958000004, 25.201436021000063], [91.17362202600003, 25.19756891700007], [91.15522382100005, 25.19650589200006], [91.12426182900003, 25.194413849000057], [91.08821669600007, 25.196663929000067], [91.06945401200005, 25.192359939000028], [91.06246365000004, 25.19130487900003], [91.05440432400007, 25.19222889400004], [91.04016295800005, 25.18857805400006], [91.03900330300007, 25.186627526000052], [91.01888951000007, 25.184677564000026], [91.00763884200006, 25.18114042900004], [90.99499266000004, 25.17844552500003], [90.98039774300008, 25.17523824400007], [90.96846042200008, 25.17386063600003], [90.95803041900007, 25.17073146300004], [90.94731703200006, 25.169115419000036], [90.92932990300005, 25.163813125000047], [90.91569013600008, 25.16272297000006], [90.90686591700006, 25.162324323000064], [90.89702696700004, 25.16601240800003], [90.88286173600005, 25.166217431000064], [90.87228538400007, 25.160399151000036], [90.86172326000008, 25.15769210900004], [90.84898415500004, 25.157975015000034], [90.84264868100007, 25.162876261000065], [90.84062078800008, 25.162559677000047], [90.83355701400006, 25.161270537000064], [90.81891915300008, 25.16281596700003], [90.81889244400008, 25.164565684000024], [90.81874167700005, 25.16649943400006], [90.81623313000006, 25.167797534000044], [90.81488197300007, 25.165957044000038], [90.81541350600008, 25.164026974000024], [90.81311138400008, 25.163976326000068], [90.80866546600004, 25.165250504000028], [90.80435649400005, 25.16864610400006], [90.80434290900007, 25.171648391000076], [90.80466763700008, 25.173860687000058], [90.80123472500009, 25.17323977800004], [90.79649354900005, 25.176572020000037], [90.79475852700006, 25.180700158000036], [90.79270930100006, 25.18057342700007], [90.78802536000006, 25.180659149000064], [90.78209084500008, 25.180635653000024], [90.78124852400003, 25.184200953000072], [90.77456240600009, 25.18215778600006], [90.76287135400008, 25.177885591000063], [90.76065515700003, 25.17190885900004], [90.75749764500006, 25.168282815000055], [90.74420183100005, 25.165659697000024], [90.73937422700004, 25.167482908000068], [90.73446626400005, 25.162035725000067], [90.73616166000005, 25.15772471300005], [90.72917484900006, 25.157120846000055], [90.72643310500007, 25.158985717000064], [90.72557794100004, 25.160412372000053], [90.72578490500007, 25.163127779000035], [90.72361990000007, 25.164851903000056], [90.71609219800007, 25.16716036300005], [90.70393934000003, 25.161906524000074], [90.69925739700005, 25.159666611000034], [90.69158754200004, 25.162403979000032], [90.68268774200004, 25.164470059000053], [90.68264199300006, 25.16994793500004], [90.68641883500004, 25.174614607000024], [90.67819262200004, 25.17240077100007], [90.67496886600009, 25.174492764000036], [90.67306264600006, 25.17578702700007], [90.67190837200008, 25.17227261000005], [90.67203564200008, 25.17060889800007], [90.67081565700005, 25.169063185000027], [90.66915736000004, 25.16665899700007], [90.66637853600008, 25.165785425000024], [90.66614617100004, 25.168621845000075], [90.66596567400006, 25.170819677000054], [90.66370924200004, 25.17331806800007], [90.66451831800003, 25.17689477700003], [90.66509816800004, 25.180795259000035], [90.66444646200006, 25.18547420400006], [90.66361601800008, 25.19204075300007], [90.66030040900006, 25.18882140100004], [90.65626824500004, 25.188275460000057], [90.65478275600003, 25.191345042000023], [90.65293025400007, 25.193384906000063], [90.65097702300005, 25.185753728000066], [90.64343221500008, 25.182549143000074], [90.64171525800003, 25.177268851000065], [90.62925354600009, 25.173619408000036], [90.62509390700006, 25.174223910000023], [90.61675686400008, 25.175096409000048], [90.61385861700006, 25.174120639000023], [90.61076857700004, 25.17825699800005], [90.60666577200004, 25.176201388000038], [90.60091735700007, 25.17519513600007], [90.59216665200006, 25.176018574000068], [90.58522925000005, 25.173926080000058], [90.58380676400003, 25.17364406200005], [90.58230215000003, 25.174796483000023], [90.58037072700006, 25.17376936200003], [90.57522519500009, 25.171809849000056], [90.55117374700006, 25.17525738300003], [90.53520369100005, 25.17361392500004], [90.51541251600008, 25.173429933000023], [90.51047523100004, 25.176187103000075], [90.50996460200008, 25.172246702000052], [90.49903987200008, 25.17187231500003], [90.49575444900006, 25.16715488500006], [90.49188691500007, 25.165634175000037], [90.48597098700003, 25.16173538000004], [90.47474413300006, 25.158260977000054], [90.44933974100007, 25.14609544500007], [90.41330911200004, 25.153836158000047], [90.36529830700005, 25.167314598000075], [90.31621703900004, 25.192714530000046], [90.28448576700004, 25.195328376000077], [90.24994379800006, 25.20005218500006], [90.24032932500006, 25.203205768000032], [90.22984800100005, 25.20393112000005], [90.21857919700005, 25.206152693000035], [90.18830418000005, 25.21467027600005], [90.10354020200003, 25.230918532000032], [90.06210541500008, 25.252524923000067], [90.00669383700006, 25.278606075000027], [89.96411078400007, 25.30249241200005], [89.93396056900008, 25.300698555000054], [89.90236786700007, 25.30545201600006], [89.89947072400008, 25.30509898500003], [89.89915545400004, 25.30364303700003], [89.89640279700006, 25.30160785000004], [89.89459981900006, 25.298500739000076], [89.89201805400006, 25.295029575000058], [89.87281463100004, 25.28658156800003], [89.84484492700005, 25.29200632100003], [89.84074696000005, 25.30949946900006], [89.83884818700005, 25.32220462600003], [89.83114218700007, 25.33498762800008], [89.82670712400005, 25.346917619000067], [89.82138897500005, 25.35563399600005], [89.82085405800007, 25.375276185000075], [89.82351399800007, 25.388500002000058], [89.82727274000007, 25.40635280600003], [89.82939341800005, 25.427274873000044], [89.83496539400005, 25.442978080000046], [89.84173918600004, 25.45477562800005], [89.84960518700007, 25.46389862700005], [89.85205218700008, 25.46704162700007], [89.85210219100009, 25.472675631000072], [89.84955018700003, 25.478988628000025], [89.84991726400006, 25.484819593000054], [89.84913618700006, 25.48861162700007], [89.85076618600004, 25.493938616000037], [89.85498018700008, 25.498010627000042], [89.85550218700007, 25.503619628000024], [89.85993318700008, 25.515037626000037], [89.85818185700003, 25.52217781400003], [89.85283118700005, 25.535417626000026], [89.85435141800008, 25.54004847400006], [89.86039670600007, 25.542659627000035], [89.86625618700003, 25.54786162700003], [89.86676718700005, 25.55921262700008], [89.86892146600007, 25.566163604000053], [89.87280438700003, 25.569610156000067], [89.87390276900004, 25.576840250000032], [89.87516818700004, 25.584234628000047], [89.87345718700004, 25.588836628000024], [89.87561218700006, 25.59501762700006], [89.88030692900008, 25.607934235000073], [89.88102115800007, 25.63104091500003], [89.87309538300008, 25.656195316000037], [89.86039769500007, 25.67153816000007], [89.84878286700007, 25.691522087000067], [89.84911909100003, 25.701802817000043], [89.85182782300006, 25.708506795000062], [89.83801920700006, 25.71480443300004], [89.82717578300009, 25.733422051000048], [89.83670446300005, 25.751995471000043], [89.84004321800006, 25.76742113000006], [89.83491775500005, 25.780752360000065], [89.83093026100005, 25.791796345000023], [89.82910516800007, 25.800726892000057], [89.82604277300004, 25.82981027900007], [89.83373968700005, 25.868227210000043], [89.84796818700005, 25.887467628000024], [89.85747114800006, 25.900763777000066], [89.87843675700003, 25.925445667000076], [89.88357310400005, 25.946086586000035], [89.85312195300008, 25.94353069600004], [89.83179452600007, 25.94544525200007], [89.83158568100004, 25.955264543000055], [89.84629412600003, 25.95806183600007], [89.84147052900005, 25.969968042000062], [89.85569136100008, 25.96879200500007], [89.86816217200004, 25.972915982000075], [89.87098399100006, 25.979245414000047], [89.86933141700007, 25.981482302000074], [89.86431150000004, 25.983514075000073], [89.85091302900008, 25.98955124500003], [89.84722015100004, 25.996909499000026], [89.84024082300004, 26.008930055000064], [89.83356134700006, 25.99101434000005], [89.829575, 25.98347300100005], [89.822649, 25.985759], [89.81770065900008, 25.990493233000052], [89.81566154800004, 25.995212457000036], [89.816677, 25.996722], [89.820314, 25.997576], [89.819016, 26.003215], [89.820952, 26.007899002000045], [89.82033522000006, 26.012885184000027], [89.81567894400007, 26.01801758600004], [89.817128, 26.02350700100004], [89.817346, 26.027881], [89.81232881500006, 26.038106949000053], [89.80458847800008, 26.04252156600006], [89.80252128000006, 26.03330939500006], [89.79576234400008, 26.021690897000042], [89.78887184900003, 26.018392438000035], [89.79065467700008, 26.021862990000045], [89.79283574600004, 26.027533881000068], [89.80064523800007, 26.036913567000056], [89.79494196700006, 26.042573376000064], [89.79289716900007, 26.03574967000003], [89.78805374900008, 26.03808932900006], [89.77807902000006, 26.036811654000076], [89.77910895900004, 26.044467540000028], [89.78656211200007, 26.047627181000053], [89.78662767600008, 26.051230488000044], [89.78512342300007, 26.056238714000074], [89.79276150200008, 26.057662019000077], [89.79793945200004, 26.059322846000043], [89.79781953200006, 26.061982253000053], [89.79837943700005, 26.065104931000064], [89.79576197600005, 26.065535838000073], [89.79689204300007, 26.068911521000075], [89.79546821900004, 26.07398272200004], [89.79371028000008, 26.076705697000023], [89.79474647800004, 26.08302727100005], [89.78647324100007, 26.08523628200004], [89.78277832900005, 26.09133382600004], [89.78224751200008, 26.098294804000034], [89.78548570700008, 26.10227492000007], [89.78126782500004, 26.10579123100007], [89.77501522300008, 26.105629371000077], [89.76657793800007, 26.109179486000073], [89.75631088900008, 26.10913536000004], [89.75832941100003, 26.11649164100004], [89.76625344400009, 26.128848882000057], [89.75941907000004, 26.138516025000058], [89.75429225200008, 26.14800417600003], [89.74356609000006, 26.159338270000035], [89.73193500400004, 26.158366391000072], [89.72054542200004, 26.15890126900007], [89.71699364000006, 26.165366504000076], [89.71266754500004, 26.168166326000062], [89.71087962400009, 26.160613433000037], [89.69987903500004, 26.155855099000064], [89.68310089900007, 26.16238736200006], [89.68380203300006, 26.169397326000023], [89.70010454600003, 26.171348351000063], [89.68747183900007, 26.181572446000075], [89.68230997200004, 26.193921990000035], [89.68190176000007, 26.198162712000055], [89.67350713600007, 26.201406388000066], [89.67502003600003, 26.206942496000067], [89.68183199900005, 26.20880644600004], [89.68887563100003, 26.210646690000033], [89.69052330700003, 26.21277281500005], [89.68313701500006, 26.209313518000044], [89.67902081100004, 26.217123177000076], [89.68128255300007, 26.222105373000034], [89.68938666700006, 26.221355352000046], [89.68607925300006, 26.22269106400006], [89.68515659400003, 26.22524024200004], [89.68564326700005, 26.231078984000078], [89.68149936600008, 26.228450317000068], [89.67967315700008, 26.23731547400007], [89.67767398000007, 26.235116857000037], [89.67333514000006, 26.230688478000047], [89.67184884100004, 26.226158015000067], [89.67258389700004, 26.221131107000076], [89.66478611300005, 26.22120542600004], [89.65822957500006, 26.219370178000077], [89.64813069200005, 26.22328701300006], [89.64066629300004, 26.226175622000028], [89.63562734800007, 26.229378637000025], [89.63387077600004, 26.219474304000073], [89.63581325800004, 26.216769189000047], [89.63804100600004, 26.20431751500007], [89.63980767900006, 26.199396781000075], [89.64587162800007, 26.195101072000057], [89.64779780900005, 26.18935666400006], [89.64636146000004, 26.187935345000028], [89.64357356100004, 26.185129714000027], [89.63800295600004, 26.187948195000047], [89.63536269500008, 26.192793875000064], [89.63064443700006, 26.19158291900004], [89.62896606600003, 26.183210530000053], [89.63290807300007, 26.180865350000033], [89.63761851100008, 26.179012827000065], [89.64454051000007, 26.18223052700006], [89.65112888100003, 26.18098891300008], [89.65701007500007, 26.178504260000068], [89.65473112200004, 26.17307346800004], [89.65308672900005, 26.170181341000045], [89.65020961100004, 26.17002671800003], [89.64931813800007, 26.166248663000033], [89.64380484600008, 26.16532725600007], [89.63776002200007, 26.169646216000046], [89.63218447300005, 26.17223535000005], [89.63602893900008, 26.175317714000073], [89.63259360200004, 26.179557072000023], [89.62792347200008, 26.177953599000034], [89.62443137900004, 26.17138436500005], [89.62263477600004, 26.174176310000064], [89.61940264000003, 26.179566631000057], [89.61164317600009, 26.17840313800008], [89.60860056700005, 26.179985470000076], [89.60839754200003, 26.17753041000003], [89.61536016300005, 26.174338988000045], [89.61288393100006, 26.17473844500006], [89.61277650800008, 26.167482790000065], [89.61913882300007, 26.16730390200007], [89.61384549900004, 26.164176937000036], [89.61006922600006, 26.159555770000054], [89.61005596300004, 26.15752721900003], [89.60969302500007, 26.154089514000077], [89.60745009100003, 26.15600898300005], [89.60473653900004, 26.159334946000058], [89.60409499900004, 26.156398997000053], [89.60012267100007, 26.16025101500003], [89.59567670900003, 26.16010863400004], [89.59108005000007, 26.157610026000043], [89.595951, 26.15637200200007], [89.598378, 26.150536], [89.59792500100008, 26.147889001000067], [89.595388, 26.140653001000032], [89.596368, 26.135247], [89.60084641400005, 26.13000923100003], [89.60566694100004, 26.127498182000068], [89.60612160300008, 26.12245127600005], [89.60316449000004, 26.12356387400007], [89.60296440600007, 26.119859492000046], [89.607707, 26.11887100100006], [89.608593, 26.12336], [89.613544, 26.127166], [89.61555400100008, 26.122715001000074], [89.62135199700003, 26.121211002000052], [89.62273, 26.126702], [89.62492500200005, 26.128673006000042], [89.626701, 26.128181], [89.62845603700003, 26.125366834000033], [89.62952399500006, 26.120643993000044], [89.62575199800006, 26.11325200300007], [89.61791002600006, 26.108112031000076], [89.61189917400009, 26.10790712000005], [89.60601, 26.106455], [89.60339413000008, 26.10944338300004], [89.59858327700005, 26.112990297000067], [89.59929930100003, 26.107822690000035], [89.59976265900008, 26.10703679900007], [89.598965, 26.10352400100004], [89.593929, 26.102429001000075], [89.59730100100006, 26.09762], [89.60382240000007, 26.09512551800003], [89.60773154000003, 26.08884548800006], [89.609148, 26.092584001000034], [89.61268999800006, 26.09631799700003], [89.61652153700004, 26.09685864900007], [89.61396066300006, 26.104009180000048], [89.61966201400008, 26.10113699900006], [89.62345800100007, 26.105103936000035], [89.628278, 26.108069001000047], [89.632063, 26.10246900100003], [89.63498488000005, 26.09813059800007], [89.632461, 26.096388001000037], [89.636417, 26.092305], [89.63851871700007, 26.089691768000023], [89.63646504100006, 26.085669990000042], [89.63349600200007, 26.081714], [89.63617593000004, 26.076077284000064], [89.64278132400005, 26.072531983000033], [89.648527, 26.06812], [89.650004, 26.062384], [89.64588200100007, 26.062896004000038], [89.63963, 26.062019], [89.63410000200008, 26.06168701000007], [89.62803401000008, 26.061508994000064], [89.625187, 26.057460001000038], [89.61989596900008, 26.053531831000043], [89.616864, 26.057662], [89.614726, 26.059585001000073], [89.609685, 26.06207], [89.60690300900006, 26.064947911000047], [89.605427, 26.059939001000032], [89.61050300100004, 26.057933], [89.61342094400004, 26.054204420000076], [89.60416399900004, 26.04885155100004], [89.59904720200007, 26.044313501000033], [89.59352339700007, 26.041687575000026], [89.59704832300008, 26.03790329000003], [89.59399312600004, 26.035634498000036], [89.59077828300008, 26.036917712000047], [89.58878862600005, 26.039214696000045], [89.58392193200007, 26.033731531000058], [89.58547595700009, 26.027231764000078], [89.58164281800003, 26.025757613000053], [89.57841843600005, 26.02126637400005], [89.57971347500006, 26.01572058900007], [89.58114987600004, 26.009572286000036], [89.58140516100008, 26.00579673200008], [89.57987893100005, 26.002453424000066], [89.58496136600007, 25.997769436000056], [89.58514708700005, 25.992091327000026], [89.58524846000006, 25.985102512000026], [89.58661400700004, 25.98113076100003], [89.58561009300007, 25.977279087000056], [89.58403333200005, 25.978323098000033], [89.57649849800003, 25.97884302700004], [89.57304419100006, 25.978153236000026], [89.57634048500006, 25.977087529000073], [89.57780304200008, 25.969921044000046], [89.57028544300005, 25.967763623000053], [89.56830459100007, 25.97669180400004], [89.56352034100007, 25.978682667000044], [89.56319914500006, 25.972664501000054], [89.55929867400005, 25.97025819600003], [89.55064743600008, 25.966005292000034], [89.54089404900003, 25.969525075000035], [89.53930973300004, 25.978081985000074], [89.53890972700003, 25.98446715700004], [89.53563617700007, 25.988913860000025], [89.53771075600008, 25.993213800000035], [89.54360711100009, 25.99754183600004], [89.54671898300006, 26.000287710000066], [89.54351243400004, 26.00240867200006], [89.53781250700007, 26.00675206300008], [89.53608428900009, 26.005017012000053], [89.53890282700007, 26.003550019000045], [89.53569035700008, 26.003503554000076], [89.53146536300005, 26.00480364400005], [89.52517021900007, 26.006420492000075], [89.52126744000003, 26.008022812000036], [89.51122816600008, 26.004297133000023], [89.50081391500004, 26.002714139000034], [89.49405463500005, 26.00464822300006], [89.49070050800003, 26.00426180200003], [89.48504943800003, 25.999640173000046], [89.47567932900006, 25.99789934300003], [89.45856238300007, 26.000366606000057], [89.44939187200004, 26.006776226000056], [89.43600456400009, 26.009503049000045], [89.42679681600004, 26.014246014000037], [89.42812250400004, 26.015054690000056], [89.42784782700005, 26.02068240400007], [89.43263079300004, 26.03724863700006], [89.42555257500004, 26.045232041000077], [89.42278969100005, 26.04647585300006], [89.41175044000005, 26.041021487000023], [89.40661469800006, 26.04061231700007], [89.40756611900008, 26.03875366400007], [89.40756433300004, 26.036116487000072], [89.40501099500005, 26.033957771000075], [89.40689679600007, 26.03166821900004], [89.40341094300004, 26.028250531000026], [89.39794039000003, 26.025647910000032], [89.39027118400008, 26.019696401000033], [89.39376475200004, 26.013812880000046], [89.39329267200009, 26.00741105700007], [89.39071244600007, 26.008920571000033], [89.38834432500005, 26.009634550000044], [89.38427926700007, 26.010687204000078], [89.37846553400004, 26.010226250000073], [89.37670747400006, 26.00986663200007], [89.37570019600008, 26.010196269000062], [89.37403806400005, 26.011296970000046], [89.37230506100008, 26.011632862000056], [89.37181931400005, 26.009364107000067], [89.36691948200007, 26.009539517000064], [89.36333843200003, 26.008323406000045], [89.35977805500005, 26.007384596000065], [89.35678898200007, 26.007598564000034], [89.35440337900008, 26.011215976000074], [89.35209882500004, 26.009804297000073], [89.35025835700009, 26.01115157600003], [89.34775218700008, 26.012174626000046], [89.34423419200004, 26.01305162600005], [89.34650918800008, 26.01369962800004], [89.34777720900007, 26.01536059800003], [89.34914318700004, 26.01543662800003], [89.34804455200003, 26.016282525000065], [89.34665177600004, 26.016311779000034], [89.34501071700004, 26.01492280700006], [89.34466180400005, 26.016258782000023], [89.34302425900006, 26.016761663000068], [89.34402301400007, 26.01530138800007], [89.34055242400007, 26.01511214100003], [89.34054853800006, 26.016672337000045], [89.33925012200007, 26.017574938000052], [89.33898250500005, 26.018154824000078], [89.33815643100007, 26.01925658500005], [89.33748585400008, 26.01961975200004], [89.33807789000008, 26.020257533000063], [89.33735513300007, 26.021418416000074], [89.33636620800007, 26.021746276000044], [89.33497769200005, 26.01968234000003], [89.33549745000005, 26.021127100000058], [89.33733658900007, 26.022909191000053], [89.33842734000007, 26.024081893000073], [89.33682718700004, 26.026835627000025], [89.33533120700008, 26.025611939000044], [89.33451520000006, 26.027743627000063], [89.33246518700008, 26.02691962700004], [89.33348941800006, 26.028163505000066], [89.33099318700005, 26.02944162800003], [89.32967982500008, 26.02784108900005], [89.32999380800004, 26.03012958100004], [89.32807121100006, 26.02971069000006], [89.32770918800009, 26.030435628000077], [89.32867818700004, 26.031829626000047], [89.32581818700004, 26.032273627000052], [89.32804018800005, 26.03308162700006], [89.32594157100004, 26.03430058400005], [89.32536502500005, 26.036537444000032], [89.32377459500003, 26.03742821800006], [89.32265518700007, 26.03785762600006], [89.32102418700003, 26.038189626000076], [89.31959518700006, 26.03962862700007], [89.31919718700004, 26.03843562900005], [89.31673018800007, 26.037275627000042], [89.31501118700004, 26.037938627000074], [89.31740423200006, 26.038458553000055], [89.31565012400006, 26.039514402000066], [89.31380763400006, 26.039692228000035], [89.31075619600006, 26.041235635000078], [89.30908677500008, 26.042151872000034], [89.30894518700006, 26.04404162700007], [89.30696942900005, 26.045618941000043], [89.30581066400003, 26.045122943000024], [89.30576245900005, 26.046537708000074], [89.30495799300007, 26.046045625000033], [89.30485794000003, 26.046884938000062], [89.30348087200008, 26.04727920700003], [89.29993736400007, 26.047541504000037], [89.29802939600006, 26.04969742000003], [89.29726559800008, 26.04788781900004], [89.29277169400007, 26.046209426000075], [89.28705406200004, 26.048410500000045], [89.27971194200006, 26.053472600000077], [89.28116248100008, 26.05950495700006], [89.28132742100007, 26.064669571000024], [89.27992818300004, 26.065785624000057], [89.27832118800006, 26.066519624000023], [89.27749815500005, 26.06530863100005], [89.27577517900005, 26.06432862500003], [89.27629619100009, 26.06271461700004], [89.27507627500006, 26.061760096000057], [89.27310248300006, 26.061980540000036], [89.27079176300003, 26.061404955000057], [89.27034256700006, 26.060181568000075], [89.26918818700005, 26.060767627000075], [89.26639618800004, 26.061008627000035], [89.26469822300004, 26.061036443000035], [89.26377369700003, 26.062440812000034], [89.26001661300006, 26.06238097800008], [89.25782722200006, 26.06287271000008], [89.25618820400007, 26.063568323000027], [89.25587532800006, 26.069948942000053], [89.25583083900005, 26.07623171000006], [89.25827655100005, 26.080641488000026], [89.26069019800008, 26.08485241300008], [89.26582004700003, 26.091018189000067], [89.26645166500003, 26.093996592000053], [89.26366564600005, 26.09228461500004], [89.26152505700009, 26.09361333100003], [89.25961146600008, 26.091653308000048], [89.25887840800004, 26.092880663000074], [89.25708223300006, 26.093004705000055], [89.25626805700006, 26.092736984000055], [89.25483507600006, 26.092765161000045], [89.25208334000007, 26.09158399100005], [89.25139873700005, 26.092728733000058], [89.25057332700004, 26.094018892000065], [89.25108344000006, 26.097278492000044], [89.25114898800007, 26.099089493000065], [89.25116310500005, 26.101588460000073], [89.24965214100007, 26.102148426000042], [89.24815849600003, 26.103044014000034], [89.24573825400006, 26.106581795000068], [89.24376448700008, 26.10497456300004], [89.24230167800005, 26.10571890700004], [89.24147851600009, 26.10839477600007], [89.23999851700006, 26.10830627300004], [89.24128713600004, 26.11033414800005], [89.23882568200008, 26.111268834000043], [89.24148948300007, 26.112489762000052], [89.24021824900007, 26.112446051000063], [89.23890076000004, 26.114487414000052], [89.23875910700008, 26.113746397000057], [89.23617216500008, 26.113592564000044], [89.23256307300005, 26.113299262000055], [89.23208359300008, 26.115094330000034], [89.23149662900005, 26.11696373700005], [89.23006039100005, 26.117636446000063], [89.23059018700008, 26.11887462800007], [89.22883018700009, 26.120205627000075], [89.22911118700006, 26.12084562800004], [89.22886218700006, 26.122278626000025], [89.22975718400005, 26.12357561500005], [89.22828618700004, 26.12435362800005], [89.22814824000005, 26.12318797000006], [89.22689918700007, 26.121887627000035], [89.22680822400008, 26.123383627000067], [89.22577917600006, 26.123297484000034], [89.22531518700004, 26.12441862700007], [89.22390518700007, 26.123969627000065], [89.22351207900005, 26.124685490000047], [89.22337318700005, 26.125773627000058], [89.22148118700005, 26.125595626000063], [89.22030718700006, 26.125311628000077], [89.21912118700004, 26.124064628000042], [89.21889265900006, 26.126636305000034], [89.21551207900006, 26.12618924000003], [89.21416018700006, 26.12538262700008], [89.21367617600004, 26.125218628000027], [89.21231418700006, 26.12531362800007], [89.21162018700005, 26.12422662700004], [89.21108818700009, 26.124284627000065], [89.21108294500004, 26.12576154900006], [89.20996818000003, 26.126195623000058], [89.21009323200008, 26.127310574000035], [89.20906818800006, 26.12769563200004], [89.20849718700003, 26.126930628000025], [89.20775418800008, 26.127565626000035], [89.20654223100007, 26.126621903000057], [89.20425558700003, 26.12850165900005], [89.20308587500006, 26.129397994000044], [89.20150655200007, 26.12850684500006], [89.19912486800007, 26.127477653000028], [89.19707851900006, 26.12687901700008], [89.19507965700006, 26.12706173500004], [89.19519155200004, 26.12544702200006], [89.19230932200009, 26.124265001000026], [89.19016708500004, 26.125372929000036], [89.18649844100008, 26.127900977000024], [89.18512486100008, 26.127809116000037], [89.18347073900009, 26.128573639000024], [89.18176652200003, 26.129278835000036], [89.18041744700008, 26.129200834000073], [89.17928127500005, 26.128056572000048], [89.17844856200009, 26.12943845700005], [89.17822518700007, 26.13048162800004], [89.17691818700007, 26.13069462800007], [89.17568218700006, 26.131872627000064], [89.17538918700006, 26.13135262800006], [89.17419699700008, 26.131348482000078], [89.17296518700005, 26.13091362700004], [89.17140418700006, 26.130352626000047], [89.17006519600005, 26.130210822000038], [89.17000134900007, 26.131245860000035], [89.16857368700005, 26.130957313000067], [89.16777418700008, 26.13135262800006], [89.16694721900006, 26.129913661000046], [89.16662619200008, 26.13114863900006], [89.16638318600008, 26.132300624000038], [89.16587444100008, 26.132307653000055], [89.16413418700006, 26.131542626000055], [89.16432818700008, 26.132852627000034], [89.16375318700005, 26.13305562800008], [89.16283018700005, 26.132775627000058], [89.16150918700004, 26.13369762800005], [89.16251818700005, 26.135344626000062], [89.16130619500007, 26.13529063900006], [89.16005989300004, 26.135217800000078], [89.16068618700007, 26.13590062800006], [89.16115618700007, 26.13728562800003], [89.16017917900007, 26.13695462900006], [89.15935759500007, 26.137830174000044], [89.15998918700006, 26.13763362800006], [89.16046018700007, 26.13849762700005], [89.16020218700004, 26.139456627000072], [89.15949118700007, 26.13910162700006], [89.15854518700007, 26.138811627000052], [89.15772620300004, 26.13957142000004], [89.15691400700007, 26.13949918800006], [89.15625518600007, 26.138743632000057], [89.15554018700004, 26.138314628000046], [89.15503818700006, 26.13892462800004], [89.15505218700008, 26.140121627000042], [89.15489518700008, 26.140750628000035], [89.15454265000005, 26.14182749500003], [89.15402718800004, 26.142950626000072], [89.15342518700004, 26.143812627000045], [89.15334771000005, 26.145676380000054], [89.15195963500008, 26.146489893000023], [89.15267649000003, 26.14867347300003], [89.15116740400003, 26.149173722000057], [89.15179207600005, 26.151978882000037], [89.15069771700007, 26.154611712000076], [89.14904433300006, 26.157562631000076], [89.15318161300007, 26.163954843000056], [89.15031637000004, 26.168964089000042], [89.14174026900008, 26.169221883000034], [89.14012412100004, 26.17543403700006], [89.13709450000005, 26.17706842900003], [89.13456992900007, 26.181234820000043], [89.13697671300008, 26.188327136000055], [89.13909320700003, 26.193938763000062], [89.14009941000006, 26.19971105600007], [89.14719721300008, 26.204944194000063], [89.14807216300005, 26.206358332000036], [89.14815630100009, 26.207334762000073], [89.14904707500006, 26.20879271700005], [89.14851966100008, 26.210104166000065], [89.14691113600009, 26.21212062500007], [89.14578743500005, 26.210902993000047], [89.14517027200009, 26.21197664500005], [89.14313458800007, 26.213126352000074], [89.14336092300005, 26.221248567000032], [89.14065804700004, 26.227465748000043], [89.14121802500006, 26.232933957000057], [89.13973655200004, 26.237770131000048], [89.13464054900004, 26.237376781000023], [89.13565096900004, 26.241070209000043], [89.13241921700006, 26.241144053000028], [89.13181962000004, 26.246960700000045], [89.12354849200005, 26.250081645000023], [89.12135074800005, 26.257880200000045], [89.12412282900004, 26.264355714000033], [89.11635791300006, 26.26920975300004], [89.11037980900005, 26.272474060000036], [89.10771857600008, 26.275566319000063], [89.10601144900005, 26.278675263000025], [89.10102430200004, 26.27909356200007], [89.10234884000005, 26.282201563000058], [89.10352811800004, 26.28927092200007], [89.10428830200004, 26.291862498000057], [89.10404144700004, 26.29821062900004], [89.10501537600004, 26.30142904300004], [89.09943205500008, 26.304665944000078], [89.10248539600008, 26.311908106000033], [89.10825496500007, 26.31316726500006], [89.11363745700004, 26.304296150000027], [89.11509156100004, 26.296981627000036], [89.11747918500004, 26.29280009400003], [89.11852935600007, 26.28915515500006], [89.11976318800004, 26.286698804000025], [89.12420218000005, 26.28784132800007], [89.12575479100008, 26.29015178800006], [89.12549456800008, 26.294564410000078], [89.13067525700006, 26.297793820000038], [89.12814270500007, 26.300750032000053], [89.13128884000008, 26.301007895000055], [89.12891478000006, 26.304538652000076], [89.12782316100004, 26.305816066000034], [89.13594360500008, 26.30749404900007], [89.13309048100007, 26.31311706100007], [89.13585008000007, 26.316481373000045], [89.13397731600008, 26.320958052000037], [89.12707570100008, 26.31952900500005], [89.12880979500005, 26.32075963500006], [89.12268735200007, 26.32154650800004], [89.11626851700004, 26.319368220000058], [89.11131620200007, 26.323321548000024], [89.10733879600008, 26.32662960500005], [89.10348237200003, 26.323260091000066], [89.09872649700009, 26.326042005000033], [89.09679100300008, 26.327664148000054], [89.09260201900008, 26.32369112500004], [89.08753098800008, 26.322512608000068], [89.08364232200006, 26.324104225000042], [89.08705081800008, 26.324478045000035], [89.09148838600004, 26.328399752000053], [89.09545390700004, 26.330399406000026], [89.09826140300004, 26.335556482000072], [89.09830751700008, 26.33961219100007], [89.09843976000008, 26.346782063000035], [89.09490603900008, 26.35114920500007], [89.09748461300006, 26.35756592900003], [89.09256206400005, 26.360509918000048], [89.08458444800004, 26.364035784000066], [89.07962243100008, 26.364121761000035], [89.08725271600008, 26.365561384000046], [89.08994325600008, 26.371605170000066], [89.08881081400006, 26.37765414200004], [89.09159315600004, 26.38359652500003], [89.09256946800008, 26.389680931000044], [89.09603167700004, 26.391385076000063], [89.09408647000004, 26.392243645000065], [89.09203388400005, 26.39322448000007], [89.08634453000008, 26.391942846000063], [89.08014735500007, 26.389977920000035], [89.08067278400006, 26.392900934000068], [89.08669445300006, 26.395437069000025], [89.08545303500006, 26.39776978200007], [89.07802607200006, 26.395934879000038], [89.07396057900007, 26.392565149000063], [89.07016078500004, 26.39826031000007], [89.06592526000009, 26.39977855500007], [89.06400542100005, 26.39668053400004], [89.06335089900006, 26.40047282300003], [89.05854390900004, 26.39676498500006], [89.05538630300003, 26.397051542000042], [89.04786341300007, 26.39964916300005], [89.04071599500008, 26.400025860000028], [89.03658353400004, 26.395068769000034], [89.03177535700007, 26.40188448600003], [89.02991955000005, 26.406374587000073], [89.02359852200004, 26.406830912000032], [89.01932089400003, 26.404264649000027], [89.02268070300005, 26.409790419000046], [89.02038117300003, 26.41476603700005], [89.01548748200008, 26.414914515000078], [89.00731828300007, 26.414315991000024], [89.00585106100004, 26.42151996000007], [88.99663018900009, 26.420602589000055], [88.99594660100007, 26.41984244400004], [88.99849672100004, 26.413996876000056], [88.99372705600007, 26.41286950500006], [88.98835586700005, 26.420486075000042], [88.98081634100004, 26.426709422000044], [88.97978671300007, 26.432558994000033], [88.98284584600003, 26.439013424000052], [88.98161318600006, 26.441915820000077], [88.97900012000008, 26.446216809000077], [88.97642437100006, 26.446339555000066], [88.97494066800004, 26.449044722000053], [88.96850292100004, 26.451530542000057], [88.96467230300004, 26.45705285300005], [88.95714554300008, 26.45936605000003], [88.95724213300008, 26.454853292000053], [88.96195839400008, 26.45259948300003], [88.96187372500003, 26.45032149700006], [88.95184834700007, 26.450516789000062], [88.94632209500008, 26.444848210000032], [88.94859833600003, 26.443308783000077], [88.94780608000008, 26.438596638000035], [88.95038505500008, 26.433524161000037], [88.94571083900007, 26.43009387500007], [88.94440282100004, 26.426592240000048], [88.93807234900004, 26.427685680000025], [88.93032240900004, 26.43242696300007], [88.93267445000004, 26.427574865000054], [88.92520006800004, 26.424474645000032], [88.92582699600007, 26.416376872000058], [88.92818551700003, 26.409778825000046], [88.92240036500004, 26.407316450000053], [88.91438366900007, 26.40863620300007], [88.90806103400007, 26.406942015000027], [88.90999548300005, 26.400936580000064], [88.91732448700003, 26.40208546300005], [88.91828140500007, 26.397905947000027], [88.91780751600004, 26.39024039700007], [88.91613626900005, 26.38581900500003], [88.90931882400008, 26.381828866000035], [88.91566942900005, 26.378477572000065], [88.91998156600005, 26.374725866000063], [88.91093649000004, 26.37121423600007], [88.91212969900005, 26.368911724000043], [88.91389795500004, 26.365724164000028], [88.92006115000004, 26.364994839000076], [88.91909441500007, 26.359837165000044], [88.92186021100008, 26.362287344000038], [88.92652357000009, 26.364582659000064], [88.92960346300003, 26.36137008600008], [88.93562917700007, 26.358416868000063], [88.93696881200003, 26.357441625000035], [88.94378619600008, 26.35664990600003], [88.94742448100004, 26.35896882800006], [88.94904962000004, 26.363712431000067], [88.95222970000003, 26.366063102000055], [88.95519703500008, 26.36195558600008], [88.95638587500008, 26.357427374000054], [88.95067595300009, 26.354060556000036], [88.94887125600007, 26.34827647900005], [88.94748998300008, 26.344154530000026], [88.95664329200008, 26.34555490400004], [88.95556885800005, 26.341350567000063], [88.95228528400008, 26.341512159000047], [88.95211900200007, 26.333675150000033], [88.95473957000007, 26.330844123000077], [88.95938825600007, 26.335484417000032], [88.96164192500004, 26.340835311000035], [88.96073503400004, 26.349888100000044], [88.96509519800009, 26.34884138700005], [88.96955027200005, 26.349880725000048], [88.97438626400003, 26.351100753000026], [88.97731668200004, 26.348288815000046], [88.98129831800009, 26.347954497000046], [88.98524130100003, 26.34861813300006], [88.98722201400005, 26.347746335000068], [88.98709536000007, 26.342547910000064], [88.99005587100004, 26.338925520000032], [88.98662242500006, 26.339594227000077], [88.98223203400005, 26.341366021000056], [88.98459692700004, 26.335109293000073], [88.98900270100006, 26.33247452200004], [88.99207328000006, 26.33407395000006], [88.99482636200008, 26.332166758000028], [88.99904013900004, 26.330783008000026], [88.99990408900004, 26.325925059000042], [88.99623878800008, 26.321552878000034], [88.99197746400006, 26.322416193000038], [88.99325668800003, 26.319932109000035], [88.99479145800007, 26.31368216800007], [88.98912033000005, 26.315702302000034], [88.98743983400004, 26.317170644000043], [88.98399721800007, 26.31687910200003], [88.98352784100007, 26.311478547000036], [88.98451946500006, 26.302564803000053], [88.98941187100007, 26.30026350600008], [88.99518597300005, 26.297902142000055], [88.99529601000006, 26.295729703000063], [88.99586848000007, 26.290087061000065], [89.00067993200008, 26.29443162800004], [89.00446245000006, 26.298971410000036], [89.00538038200006, 26.303524666000044], [89.00662708400006, 26.30468975100007], [89.00787230500003, 26.302350674000024], [89.01097093000004, 26.30002843500006], [89.01225988900006, 26.29652060500007], [89.01273786200005, 26.291786303000038], [89.01861033200004, 26.290137808000054], [89.01790051100005, 26.296754304000046], [89.01451238900006, 26.29904995000004], [89.01568836100006, 26.302208780000058], [89.01859699800008, 26.304999808000048], [89.01880075000008, 26.30619837100005], [89.02254028800007, 26.307234118000054], [89.02613819200008, 26.304165474000058], [89.02405420600007, 26.30242654500006], [89.02283969900003, 26.294602504000068], [89.02032791000005, 26.288130657000067], [89.02678655300008, 26.285616193000067], [89.02939969700003, 26.284218232000057], [89.03575576200006, 26.283211210000047], [89.04051892500007, 26.28590579300004], [89.03777771700004, 26.282304058000022], [89.03852664900006, 26.27758066800004], [89.04454067700004, 26.27834638300004], [89.04832123800009, 26.28415099800003], [89.04940136100004, 26.289085508000028], [89.04660252900004, 26.284561299000075], [89.04564318400008, 26.28715762400003], [89.04433974400007, 26.289885472000037], [89.04544318700005, 26.291915628000027], [89.05260618600005, 26.29481162600007], [89.05722014300005, 26.29425131100004], [89.06066070900005, 26.292218126000023], [89.05971991700005, 26.287426263000043], [89.05911655300008, 26.284581114000048], [89.06248190300005, 26.281937705000075], [89.06149837000004, 26.277759764000052], [89.05680567200005, 26.277677246000053], [89.05655657400007, 26.276501567000025], [89.05942184400004, 26.27369224200004], [89.06249506100005, 26.270550393000065], [89.06231218700003, 26.262992628000063], [89.06198556100009, 26.25901721100007], [89.05861316800008, 26.25474119000006], [89.05106889900009, 26.25498486300006], [89.04859168500008, 26.250965466000025], [89.04885277000005, 26.24190476700005], [89.03731886300005, 26.24580835100005], [89.02961523700003, 26.247466744000064], [89.02390152800007, 26.244940436000036], [89.01815444700009, 26.243776376000028], [88.98551089400007, 26.245231145000048], [88.97192837000006, 26.241775370000028], [88.96265071900007, 26.239441132000024], [88.94529718700005, 26.253764628000056], [88.94025018700006, 26.262684627000056], [88.93104005300006, 26.277523578000057], [88.91881911800004, 26.286583059000066], [88.90847018700003, 26.28770762700003], [88.89540118700006, 26.288320627000076], [88.87699118700004, 26.286696626000037], [88.86816803500005, 26.281463888000076], [88.86440218700005, 26.27416162700007], [88.86447619200004, 26.26835662800005], [88.86147518700005, 26.261266626000065], [88.86676134600003, 26.249957349000056], [88.87067838500008, 26.245331059000023], [88.87253018900003, 26.239836626000056], [88.87741418700006, 26.240813627000023], [88.87800996700008, 26.234005481000054], [88.86987238600005, 26.233911628000044], [88.85734204700003, 26.232931763000067], [88.84864479600003, 26.233707775000028], [88.84207364500008, 26.23078259600004], [88.83842146200004, 26.236753742000076], [88.82936977000008, 26.23990867300006], [88.82682358700004, 26.244780241000058], [88.82892689300007, 26.246915621000028], [88.82606652100009, 26.249066526000036], [88.82440993800003, 26.25177601000007], [88.81849522500005, 26.25528663700004], [88.81286083500004, 26.256371090000073], [88.81357051500004, 26.258621668000046], [88.81214958000004, 26.26363599800004], [88.81473388100005, 26.267347794000045], [88.81379375900008, 26.27168094900003], [88.81119052400004, 26.27393257800003], [88.81122420900004, 26.277466694000054], [88.81205242700008, 26.281767181000077], [88.81274675300006, 26.286897976000034], [88.81733020300004, 26.292851796000036], [88.81190056600008, 26.298247832000072], [88.80719783700005, 26.301660885000047], [88.79952671800004, 26.307306863000065], [88.79220221700007, 26.308984646000056], [88.78302206600006, 26.303375475000053], [88.77165035400003, 26.300640870000052], [88.76358318700005, 26.298990051000033], [88.75837031800006, 26.30516523700004], [88.75557820800003, 26.311062810000067], [88.74528494000003, 26.308615161000034], [88.74376841600008, 26.301359669000078], [88.74108372100005, 26.29544243400005], [88.74501342300005, 26.290765988000032], [88.74005776900003, 26.289757441000063], [88.73685954300004, 26.292075673000056], [88.73042554900007, 26.293289559000073], [88.72689491300008, 26.28806488300006], [88.72644982200006, 26.292739917000063], [88.72145399300007, 26.293272778000073], [88.72049496200003, 26.287432180000053], [88.71925705000007, 26.28268024600004], [88.70859551700005, 26.28353921100006], [88.70073565100006, 26.280602368000075], [88.69228624400006, 26.276664006000033], [88.68592356900007, 26.27592702900006], [88.69068185400005, 26.27330562000003], [88.69142882500006, 26.268435028000056], [88.68716196100007, 26.267160017000037], [88.68470240100004, 26.265489867000042], [88.68241902800008, 26.26081869500007], [88.67789409300008, 26.26466688800008], [88.67007855000008, 26.263785128000052], [88.66739687900008, 26.26666397300005], [88.67209112900008, 26.26862357300007], [88.66754875400005, 26.27207838000004], [88.66734382200008, 26.276396098000077], [88.66738987300005, 26.28283255100007], [88.66628601700006, 26.288281092000034], [88.66886902000005, 26.292758038000045], [88.66816224700005, 26.296739418000072], [88.67326727200003, 26.29849239400005], [88.67874733300005, 26.295805356000074], [88.68484963500003, 26.290698131000056], [88.68585801200004, 26.287668646000043], [88.68373431300006, 26.28315231600004], [88.68995575200006, 26.284286235000025], [88.69213459500008, 26.282422499000063], [88.69753491800003, 26.285270843000035], [88.70299834900004, 26.28638725500008], [88.70854981600007, 26.288053699000045], [88.70568510400005, 26.29085126900003], [88.69917093000004, 26.292992883000068], [88.69792581700005, 26.290591653000035], [88.69288600600004, 26.29230555500004], [88.68498720800005, 26.294753722000053], [88.68222965000007, 26.301630552000063], [88.67810609200006, 26.305189709000047], [88.68293827700006, 26.310284141000068], [88.67899331600006, 26.31476157000003], [88.67583097800008, 26.31150353000004], [88.67499888300006, 26.320188461000043], [88.68959143700005, 26.323312255000076], [88.69247194500008, 26.32943391500004], [88.69134448200003, 26.324419912000053], [88.69129309000004, 26.319569014000024], [88.69248885200005, 26.316692492000072], [88.69693378100004, 26.313824862000047], [88.70576637500005, 26.314698328000077], [88.71152259800004, 26.31717814700005], [88.71841867500007, 26.316492195000023], [88.72549223800007, 26.315205856000034], [88.73056355500006, 26.32373982000007], [88.74738179800005, 26.32733385100005], [88.74267112700005, 26.330775500000072], [88.73596197800003, 26.333431791000066], [88.74381367200004, 26.33886805900005], [88.74270421100005, 26.34238509000005], [88.74549179000007, 26.34685324700007], [88.73729822200005, 26.34955380300005], [88.73750878500005, 26.353387105000024], [88.73302683700007, 26.352170754000042], [88.73382408000003, 26.348144125000033], [88.72764679500006, 26.34477457500003], [88.72402026100008, 26.34299008000005], [88.71252930600008, 26.343350350000037], [88.71012004100004, 26.33511708800006], [88.70260681600007, 26.33454107800003], [88.70302986500008, 26.33900053600007], [88.69861747200008, 26.341028791000042], [88.69487611500006, 26.34476251600006], [88.69657455900006, 26.347635123000032], [88.69783832800005, 26.35369195000004], [88.69348423300005, 26.357390938000037], [88.69180211400004, 26.36129526800005], [88.69617818600005, 26.362041797000074], [88.68885339600007, 26.366029625000067], [88.68763678900007, 26.371189240000035], [88.68577469400003, 26.376392949000035], [88.68337339600004, 26.37816688500004], [88.68193460600008, 26.382899424000072], [88.69081791500008, 26.384078561000024], [88.70210079500004, 26.386781066000026], [88.69323580700006, 26.387848575000078], [88.68882663500005, 26.386861456000076], [88.68781726100008, 26.390900565000038], [88.68560669800007, 26.39085620900005], [88.68620332400008, 26.39523641200003], [88.67936185500008, 26.39417105700005], [88.67328575600004, 26.39602564300003], [88.67616742300004, 26.399053674000072], [88.68017086300006, 26.40063261000006], [88.68731722200005, 26.40106918600003], [88.68623847400005, 26.406078997000066], [88.68337092100006, 26.408456750000028], [88.68497737700005, 26.412021079000056], [88.68240018800003, 26.413746627000023], [88.68134118700004, 26.410191628000064], [88.68008118700004, 26.411585626000033], [88.67003108700004, 26.40759853000003], [88.66274250200007, 26.40998036700006], [88.66044178000004, 26.415900360000023], [88.65433018700008, 26.416199628000072], [88.64774818200004, 26.416938627000036], [88.64682218800004, 26.418288629000074], [88.64471987200005, 26.418788351000046], [88.65170618700006, 26.424622628000066], [88.64867682100004, 26.429612942000063], [88.64208418700008, 26.43000562800006], [88.63626918700004, 26.430046627000024], [88.62797718700006, 26.434204627000042], [88.62647824900006, 26.440288662000057], [88.62520418700007, 26.45421762600006], [88.62383518700005, 26.464263627000037], [88.61639618700008, 26.471010627000055], [88.60307518700006, 26.470068627000046], [88.60009918700007, 26.471390627000062], [88.59716418700003, 26.471198627000035], [88.59403518700003, 26.47063762600004], [88.59609418800005, 26.46950763500007], [88.59538518700003, 26.467049626000062], [88.59514418400005, 26.464185632000067], [88.59482812700008, 26.458742768000036], [88.59030483400005, 26.450210798000057], [88.58587010600007, 26.45032830100007], [88.58504518700005, 26.45241962700004], [88.58232422700007, 26.455671632000076], [88.57617418700005, 26.456897628000036], [88.56375018700004, 26.45766962600004], [88.55769618700003, 26.45930062700006], [88.55970218700008, 26.458860627000035], [88.56343761100004, 26.459382391000076], [88.56175118700008, 26.461028628000065], [88.55945018700004, 26.462585627000067], [88.56050154600007, 26.464413363000062], [88.56279518700006, 26.46699762800006], [88.55997220900008, 26.466978651000034], [88.55861118700005, 26.467746627000054], [88.55750218700007, 26.470268626000063], [88.55934420000006, 26.471646667000073], [88.56055091500008, 26.472747351000066], [88.55891418700008, 26.47395062700008], [88.55342531900004, 26.472057923000023], [88.55696604300005, 26.474662799000043], [88.55509327700008, 26.475206831000037], [88.55274218700004, 26.475737628000047], [88.55269018700005, 26.477764628000045], [88.55517926300007, 26.478402690000053], [88.55433520700007, 26.48065255700004], [88.55550618700005, 26.481732626000053], [88.55669320600003, 26.483576666000033], [88.54484825200007, 26.483536370000024], [88.53590818700008, 26.48214962800006], [88.52736718700004, 26.484421627000074], [88.52785219300006, 26.486431406000065], [88.52283676900004, 26.48713169900003], [88.52468890300008, 26.491617976000043], [88.52310565700003, 26.494964866000032], [88.51979118300005, 26.499647438000068], [88.52226803800005, 26.50542935900006], [88.51916418700006, 26.511190628000065], [88.51040922100003, 26.511391546000027], [88.50475818700005, 26.516444627000055], [88.50089021800005, 26.513150334000045], [88.49497921600005, 26.511809588000062], [88.49249718700008, 26.511888628000065], [88.49017318800009, 26.510488628000076], [88.48968573600007, 26.514677584000026], [88.48878117700008, 26.520811597000034], [88.48827122600005, 26.526283633000048], [88.48561818700006, 26.525440627000023], [88.48815918700006, 26.52817862200004], [88.48768114300003, 26.53196656600005], [88.48250022200006, 26.530142811000076], [88.48167318500003, 26.535336630000074], [88.48510118900003, 26.539856624000038], [88.48190918700004, 26.54101362700004], [88.47654018700007, 26.542730627000026], [88.46289794200004, 26.543839666000054], [88.45782186100007, 26.54491033900007], [88.45794191900006, 26.540198673000077], [88.45633711200009, 26.537415742000064], [88.44513374400003, 26.537835201000064], [88.42983459400006, 26.55326432100003], [88.42237115600005, 26.580261311000072], [88.41924378000004, 26.590378215000044], [88.41901170600005, 26.603030854000053], [88.41726839500006, 26.617577201000074], [88.41495027700006, 26.624556122000058], [88.41622238300005, 26.629276051000033], [88.41082739500007, 26.633911838000074], [88.39946918700008, 26.626634627000044], [88.39279313200007, 26.615090574000078], [88.38986918700004, 26.606024628000057], [88.39151659100008, 26.600419422000073], [88.37658218700005, 26.592903628000045], [88.37462718700004, 26.583326628000066], [88.37049718700007, 26.570971626000073], [88.36982518700006, 26.56003862800003], [88.36441318600004, 26.552941619000023], [88.35704218700005, 26.540331627000057], [88.35937718700006, 26.530678627000043], [88.35177792400003, 26.520948236000038], [88.34648518800003, 26.506463626000027], [88.33169418700004, 26.491554627000028], [88.33335718700005, 26.481464627000037], [88.33493118700005, 26.47822562700003], [88.34071989700004, 26.475326719000066], [88.34660533200008, 26.46693855600006], [88.34785018800005, 26.464637628000048], [88.34767418800004, 26.46301962800004], [88.34758759200008, 26.462023861000034], [88.34779718700008, 26.46093662800007], [88.34795794700005, 26.459829524000043], [88.34960759400008, 26.45809224800007], [88.35051669900008, 26.454974678000042], [88.35192006000005, 26.452052914000035], [88.35232278700005, 26.449157166000077], [88.35429709700009, 26.44799504100007], [88.35729871200004, 26.45247111900005], [88.36066839100005, 26.454146293000065], [88.35908958700008, 26.45700939900007], [88.36050751700003, 26.462812668000026], [88.36064628100007, 26.465868209000064], [88.36458924900006, 26.46786484200004], [88.36540799300008, 26.470551632000024], [88.36463830600007, 26.472277070000075], [88.36219279600004, 26.474405958000034], [88.36135407300009, 26.479456903000028], [88.36026662100005, 26.481921060000047], [88.36189927500004, 26.485044446000074], [88.37464962900003, 26.488050616000066], [88.37732501100004, 26.484120138000037], [88.38451892600006, 26.483152708000034], [88.38853392900006, 26.478364079000073], [88.39071911400004, 26.47933187800004], [88.39400607900006, 26.481273835000025], [88.39815184700007, 26.481948757000055], [88.40036097800004, 26.48340914000005], [88.40343893200009, 26.484154957000044], [88.40487569100009, 26.48130633200003], [88.41214917500008, 26.473664497000073], [88.42227414700005, 26.465923217000068], [88.42502766600006, 26.472936667000056], [88.43354667100004, 26.472687287000042], [88.43284861900008, 26.46862191200006], [88.44336318700005, 26.466097628000057], [88.45813618700004, 26.46669362700004], [88.46909547900003, 26.464297044000034], [88.48229257700007, 26.46069059000007], [88.48131253400004, 26.454594987000064], [88.48386476700006, 26.450920403000055], [88.48670149200007, 26.447291977000077], [88.49191110400005, 26.444080690000078], [88.49623962100009, 26.436740878000023], [88.49051995900004, 26.431865905000052], [88.49559927700005, 26.42892237600006], [88.49569985400007, 26.41774769600005], [88.49743766300008, 26.412292859000047], [88.50226901400003, 26.404280736000032], [88.50835507000005, 26.40757669900006], [88.50892212200006, 26.401585461000025], [88.50790472700004, 26.396455326000023], [88.51451419000006, 26.387898191000033], [88.51888231900006, 26.387754697000048], [88.51317913600008, 26.37852225000006], [88.52122823600007, 26.373640083000055], [88.52192940800006, 26.368258886000035], [88.51509015100004, 26.363143741000044], [88.52428696300007, 26.359883060000072], [88.51692589200007, 26.352531560000045], [88.50948918200004, 26.351808624000057], [88.50794824700006, 26.351207636000026], [88.50465718700008, 26.34877362700007], [88.50565918700005, 26.35271162600003], [88.50552068800005, 26.35628171600007], [88.50769226200003, 26.35926163700003], [88.50707400400006, 26.362590225000076], [88.50301467400004, 26.360331458000076], [88.49412234300007, 26.359401037000055], [88.48825800300006, 26.359006006000072], [88.49145668300008, 26.351781308000056], [88.48843977200005, 26.34973268400006], [88.48048415100004, 26.350675799000044], [88.47729084900004, 26.354038401000025], [88.47767514600008, 26.35728560900003], [88.47188104200006, 26.356994995000036], [88.468204, 26.35871], [88.46290807600008, 26.357960002000027], [88.46189142200006, 26.360998384000027], [88.45874, 26.362254001000053], [88.45967336400008, 26.36777522400007], [88.45884651600005, 26.376474060000078], [88.45601008500006, 26.371852766000075], [88.45229540900004, 26.37077091200007], [88.44930172100004, 26.365419062000058], [88.44528194900005, 26.36222378800005], [88.444395, 26.36133600100004], [88.44387, 26.36035600100007], [88.44361799800004, 26.35900699900003], [88.44248555500008, 26.353410506000046], [88.43964596300003, 26.34833738100008], [88.43696371400006, 26.34164017300003], [88.43622036300007, 26.340076488000022], [88.43343341400004, 26.33516383700004], [88.42203193500006, 26.335769602000028], [88.41283165700008, 26.337413051000055], [88.41225377100005, 26.336596933000067], [88.41100509000006, 26.33572805400007], [88.41256, 26.335229], [88.41167100300004, 26.334093003000078], [88.410971, 26.333863], [88.41016374900005, 26.333672269000033], [88.409181, 26.33317], [88.408711, 26.332160001000034], [88.40688002500008, 26.33215000900003], [88.406482, 26.33086], [88.405999, 26.33040600100003], [88.40517200700003, 26.329717994000077], [88.40426960200006, 26.328874945000052], [88.403367, 26.328610001000072], [88.40888498200007, 26.323380232000034], [88.41545699400007, 26.31881519600006], [88.41267095500007, 26.315656311000055], [88.41002416300006, 26.316089309000063], [88.40430667700008, 26.31680085200003], [88.39997171800007, 26.316215791000047], [88.39645814100004, 26.315910402000043], [88.39311588400005, 26.31460099900005], [88.38928839600004, 26.314048496000055], [88.38673021300008, 26.313792878000072], [88.38408708900005, 26.31186761600003], [88.38330488600008, 26.309995169000047], [88.38412265200003, 26.309068343000035], [88.38035995900003, 26.30977068900006], [88.37735139100005, 26.30501139300003], [88.37350790100004, 26.305900247000068], [88.37299549800008, 26.302692381000043], [88.37306912800005, 26.305763487000036], [88.36904501900005, 26.30266537800003], [88.36669522300008, 26.299519451000037], [88.36285533700004, 26.296699169000078], [88.36335584500006, 26.293206311000063], [88.35991330700006, 26.290811357000052], [88.35712418500003, 26.286900777000028], [88.35443256300005, 26.28631555000004], [88.35355173300007, 26.285696519000055], [88.35009968100007, 26.282803126000033], [88.34932826900007, 26.278665819000025], [88.35155061700004, 26.275907394000058], [88.34845333800007, 26.273726946000068], [88.34839091100008, 26.270168897000076], [88.35136680200009, 26.268763852000063], [88.35145132600007, 26.26427959600005], [88.35050891500003, 26.259570633000067], [88.34822408100007, 26.25401441200006], [88.34953218500004, 26.249903844000073], [88.35330240600007, 26.246908739000048], [88.35011356000007, 26.248336049000045], [88.35184184000008, 26.245574227000077], [88.35584982600005, 26.24463915700005], [88.35975892100004, 26.24268474200005], [88.35668859200007, 26.23944460100006], [88.35386865600003, 26.237410183000065], [88.35606360600008, 26.23513366700007], [88.35540037400006, 26.232236499000066], [88.35134766500005, 26.22950723500003], [88.35334496100006, 26.22677689300008], [88.35075501600005, 26.22566199700003], [88.35115825900004, 26.222760607000055], [88.34771796000007, 26.220795371000065], [88.34244570000004, 26.21993760500004], [88.33929909600005, 26.217377234000026], [88.33313191700006, 26.215522941000074], [88.32963977700007, 26.216568704000053], [88.33126442700006, 26.213143246000072], [88.32778840700007, 26.213607483000033], [88.32650448800007, 26.20994057400003], [88.32259959000004, 26.209393592000026], [88.32601379800008, 26.20562275900005], [88.32089011900007, 26.20350085900003], [88.31778427700004, 26.202469619000055], [88.31441957000004, 26.20451285000007], [88.30902880100007, 26.204254424000055], [88.30429777000006, 26.19923060700006], [88.30063226300007, 26.20112999400004], [88.29956027900005, 26.196236872000043], [88.29501837600003, 26.200089752000054], [88.29133787400008, 26.19985112200004], [88.29011999400007, 26.200815300000045], [88.28728076000004, 26.197524988000055], [88.28612201400006, 26.200661626000056], [88.28271520600003, 26.19675621500005], [88.28105104300005, 26.19469236200007], [88.27850564600004, 26.19236394400008], [88.27642215200007, 26.18931881800006], [88.27089744200003, 26.188013609000052], [88.26731264500006, 26.186085539000032], [88.26450674300008, 26.188946458000032], [88.26252199900006, 26.18911643100006], [88.25970929000005, 26.18663515700007], [88.25720360600008, 26.188767745000064], [88.25341481800007, 26.188195617000076], [88.25231297200008, 26.186824096000066], [88.25147939200008, 26.18515058400004], [88.25063848800005, 26.188127630000054], [88.24712560900008, 26.190668548000076], [88.24559047700006, 26.187305062000064], [88.24374197000003, 26.188236406000044], [88.24260668100004, 26.188483490000067], [88.24110010900006, 26.18502426400005], [88.23849012800008, 26.18523201900007], [88.23747421100006, 26.183863691000056], [88.23616835900003, 26.181548976000045], [88.23294373900006, 26.18408921100007], [88.23376475900005, 26.180209927000078], [88.23841988700008, 26.178344982000056], [88.23579247700007, 26.176314726000044], [88.23272474700008, 26.175274639000065], [88.22990656800005, 26.17128105300003], [88.22772374600004, 26.173021938000034], [88.22546568900003, 26.171029632000057], [88.22731092600009, 26.168000646000053], [88.22336222700005, 26.167659893000064], [88.22107175000008, 26.165828806000036], [88.21737122100006, 26.167999902000076], [88.21624138500005, 26.17021761700005], [88.21203621300003, 26.16780496800004], [88.21563527100005, 26.165979846000027], [88.21427181100006, 26.161208518000024], [88.21086821700004, 26.159899609000036], [88.20735826200007, 26.160692840000024], [88.20466791100006, 26.158566241000074], [88.20041253900007, 26.16032818800005], [88.19524066300005, 26.162248159000058], [88.19173353400004, 26.156919333000076], [88.19690170600006, 26.154313097000056], [88.19188515500008, 26.153423065000027], [88.18453285300006, 26.153558833000034], [88.18011932000007, 26.148739053000043], [88.17643794000008, 26.146761472000037], [88.17964663200007, 26.13959086500006], [88.17690334300005, 26.134346195000035], [88.17354577900005, 26.129637217000038], [88.17595548700007, 26.124281577000033], [88.17860634300007, 26.12258675700008], [88.17218548100004, 26.116672838000056], [88.17218816300004, 26.10941399400008], [88.16486400500008, 26.108883177000052], [88.16307019400006, 26.101359630000047], [88.15799770000007, 26.095414515000073], [88.16168869100005, 26.08882049400006], [88.16545633100003, 26.087744100000066], [88.15821097500003, 26.082296631000077], [88.16193444200007, 26.07671196900003], [88.16678521900008, 26.082517795000058], [88.17195954100004, 26.076657933000035], [88.18053159400006, 26.073754621000035], [88.18382895500008, 26.070841598000072], [88.18413866800006, 26.065078777000053], [88.18446304400004, 26.06155185500006], [88.18000190300006, 26.058192476000045], [88.17601985800007, 26.058977826000046], [88.17737675500007, 26.053894656000068], [88.17861400600003, 26.04670730400005], [88.17330332900008, 26.049784033000037], [88.17318513100008, 26.041793218000066], [88.17044453200003, 26.03434687600003], [88.17841651900005, 26.030242446000045], [88.18390837300007, 26.026411546000077], [88.17452917000008, 26.02064144900004], [88.16759375300006, 26.021556890000056], [88.15943011700006, 26.017368446000035], [88.15083725200003, 26.01969482800007], [88.14442838600007, 26.014409228000034], [88.13935253800008, 26.01252979800006], [88.13995867400007, 25.997173700000076], [88.12959729300007, 25.997003348000078], [88.13091795700007, 25.989704446000076], [88.12759317100006, 25.977103168000042], [88.11951767700003, 25.970299149000027], [88.12296827700004, 25.964805944000034], [88.11517291100006, 25.96028661200006], [88.12154618600005, 25.95086016500005], [88.11677988000008, 25.943967255000075], [88.11273256800007, 25.939435013000036], [88.11107479800006, 25.933226089000073], [88.10391759200007, 25.933746834000033], [88.09860907700005, 25.93437616700004], [88.08966444000004, 25.922981079000067], [88.08549945400006, 25.914991882000038], [88.09145570600003, 25.91319266100004], [88.09313006800005, 25.907477134000032], [88.09179899400004, 25.89910598700004], [88.09931679600004, 25.892927101000055], [88.10068163800008, 25.88486798300005], [88.09757297200008, 25.881671652000023], [88.09565057900005, 25.877048006000052], [88.09837692400004, 25.871799422000038], [88.10218724400005, 25.87052005000004], [88.10060979400004, 25.86311178400007], [88.10499795700008, 25.863411555000027], [88.10814382400008, 25.869756153000026], [88.11176544000006, 25.86346035300005], [88.11373837000008, 25.85525325100008], [88.10822680700005, 25.845675138000047], [88.10169841900006, 25.844561388000045], [88.10071379100003, 25.842114869000056], [88.10882414900004, 25.83770269000007], [88.10112138400007, 25.82922469300007], [88.10656392400006, 25.824472408000076], [88.11005923100004, 25.820860156000037], [88.11188523500005, 25.815824236000026], [88.11795588200005, 25.808658958000024], [88.11741135500006, 25.797918867000078], [88.13111621100006, 25.79866002700004], [88.13715823400008, 25.797072196000045], [88.14232806300004, 25.794355331000077], [88.14451215700007, 25.791467650000072], [88.14432321200007, 25.787892662000047], [88.14128804300003, 25.781019667000066], [88.14531328100009, 25.780335267000055], [88.14682247800005, 25.777015922000032], [88.15373206900006, 25.77730602300005], [88.15674162600004, 25.780712509000068], [88.15848603000006, 25.784886431000075], [88.16059584600004, 25.78764340500004], [88.16538126100005, 25.789273682000044], [88.17333909700005, 25.786724579000065], [88.17585244600008, 25.79142238000003], [88.17602131400008, 25.79392520700003], [88.18175831300005, 25.796279061000064], [88.18346793400008, 25.80123085300005], [88.18839531200007, 25.800962646000073], [88.19300927100005, 25.80016184300007], [88.19763224300004, 25.79588787800003], [88.20067466300009, 25.789430327000048], [88.20992234500005, 25.78696173000003], [88.21064290800007, 25.791092916000025], [88.21267147300006, 25.79324340900007], [88.21093707600005, 25.792195329000037], [88.21030178200004, 25.79594504800008], [88.21517083000003, 25.79742206800006], [88.21521392300008, 25.800975192000067], [88.22214100100007, 25.79784374700006], [88.22647760400008, 25.799815801000022], [88.23000036400003, 25.79648527100005], [88.23246303600007, 25.79874658800003], [88.23117704900005, 25.800752277000072], [88.23364674500004, 25.800063989000023], [88.22979814000007, 25.80219541200006], [88.23188395100004, 25.803547242000036], [88.23510854500006, 25.806288898000048], [88.23626072400003, 25.809866413000066], [88.24091222800007, 25.810189603000026], [88.24454421000007, 25.80727028800004], [88.24818228700008, 25.809364740000035], [88.25148093700005, 25.81185546100005], [88.25891756800007, 25.812409956000067], [88.26942121200005, 25.808334443000035], [88.27118714300008, 25.799571593000053], [88.27135036900006, 25.790861489000065], [88.26991865200006, 25.78555665300007], [88.26663036300005, 25.783267170000045], [88.27203706400007, 25.77991555600005], [88.27536831200007, 25.777012998000032], [88.27717323400003, 25.775375004000068], [88.28045826300007, 25.77582192600005], [88.28646529900004, 25.77455347500006], [88.29056992600005, 25.771160568000028], [88.29020314600007, 25.767443591000074], [88.29897980800007, 25.763712463000047], [88.30133600700003, 25.75959462800006], [88.31026841600004, 25.756232787000044], [88.32036423000005, 25.744423236000046], [88.32048192700006, 25.738021341000035], [88.32874631200008, 25.74003703900007], [88.33742560500008, 25.73643332300003], [88.34117446200008, 25.734017464000033], [88.34773950100004, 25.730160371000068], [88.35747256700006, 25.723301529000025], [88.36578390900007, 25.717442964000043], [88.37283509900004, 25.716380296000068], [88.37361037800008, 25.711110736000023], [88.37029920800006, 25.708495458000073], [88.37155458100005, 25.705363721000026], [88.37175269200009, 25.699381147000054], [88.37266211300005, 25.69755284100006], [88.37764037300008, 25.696982086000048], [88.38273906500007, 25.69683253100004], [88.38947576300006, 25.69387364100004], [88.39168831100005, 25.68396785300007], [88.39795959800006, 25.685415830000068], [88.40512361000003, 25.68428053300005], [88.40269141100003, 25.677140467000072], [88.40393629500005, 25.67196658200004], [88.40871185500004, 25.670992655000077], [88.41439649300008, 25.669865058000028], [88.41763768600003, 25.668179961000078], [88.42027303900005, 25.670351768000046], [88.42959257800004, 25.66884086400006], [88.43647768200003, 25.667975485000056], [88.44216215700004, 25.666365034000023], [88.44617879900005, 25.66507899100003], [88.45415480600008, 25.662609459000066], [88.45474733800006, 25.655457393000063], [88.45457832100004, 25.648747796000066], [88.45597899800003, 25.643227997000054], [88.456118, 25.641987], [88.45641896900008, 25.64062597000003], [88.455927, 25.639528], [88.45553599700008, 25.63868995200005], [88.455259, 25.637931], [88.45513531100005, 25.637323104000075], [88.45481200500006, 25.63607599900007], [88.45523329400004, 25.63197374300006], [88.455762, 25.62836], [88.454038, 25.627446001000067], [88.452514, 25.626332], [88.451232, 25.625108001000058], [88.44916200100005, 25.624020001000076], [88.44842598900004, 25.622842922000075], [88.448321, 25.621508], [88.447554, 25.62064600100007], [88.448017, 25.61896500100005], [88.447176, 25.618234], [88.447386, 25.61712], [88.446072, 25.616006], [88.444927, 25.61467200100003], [88.44619208100005, 25.61430031100008], [88.44727120500005, 25.61371347100004], [88.44658699900003, 25.612113], [88.44753297600005, 25.60983202700004], [88.44829, 25.608024001000047], [88.447586, 25.606343], [88.44929278400008, 25.605148462000045], [88.44740004500005, 25.60144798400006], [88.44428859600004, 25.597569945000032], [88.45834251500008, 25.598709343000053], [88.45727528300006, 25.596047026000065], [88.46060919500007, 25.59505911800005], [88.46577277500006, 25.591631818000053], [88.46602820800007, 25.58692813600004], [88.46888187500008, 25.584345178000035], [88.47276416400007, 25.585265281000034], [88.48104907800007, 25.58566032500005], [88.48254858200005, 25.583332221000035], [88.48528145400007, 25.586079495000035], [88.49189105900007, 25.58286055900004], [88.49644864100009, 25.58463885200007], [88.49974406200005, 25.582138319000023], [88.49905243700005, 25.57355700100004], [88.49442861700004, 25.565361969000037], [88.49394386700004, 25.558993563000058], [88.49898897900005, 25.55834627400003], [88.49812955600004, 25.555076796000037], [88.50023123000005, 25.551431198000046], [88.50375978600005, 25.54969864900005], [88.50698908200008, 25.548179651000055], [88.50943573100005, 25.544099415000062], [88.51217034500007, 25.546176616000025], [88.51649146700004, 25.54643449100007], [88.51922379700005, 25.543531691000055], [88.52090303900007, 25.536942690000046], [88.52662507200006, 25.54052377200003], [88.53176841800007, 25.542513446000044], [88.53276198300006, 25.53229071900006], [88.53628058100009, 25.533866536000062], [88.53940336700003, 25.526730219000058], [88.53820830400008, 25.525559291000036], [88.54034562000004, 25.519960552000043], [88.54117429600007, 25.511607535000053], [88.54123276900003, 25.508386813000072], [88.54589394300007, 25.50902908300003], [88.54515584300003, 25.511042306000036], [88.54707999300007, 25.512808991000043], [88.54833, 25.514998], [88.54843835300005, 25.51844610300003], [88.55372696500007, 25.520920690000025], [88.55341590700004, 25.517985175000035], [88.55614385100006, 25.51399308400005], [88.56808778200008, 25.51280984600004], [88.57226030800007, 25.509563307000064], [88.57883288900007, 25.509525162000045], [88.58389498000008, 25.50965231300006], [88.58668990800004, 25.508596976000035], [88.58826969500006, 25.50741522000004], [88.59070585000006, 25.509077085000058], [88.59295640100004, 25.508587963000025], [88.59362465100008, 25.50777695800008], [88.59463375300004, 25.506697479000024], [88.596206, 25.506222], [88.59741599600005, 25.506689012000038], [88.597196, 25.507458001000032], [88.598127, 25.508551001000058], [88.59813499600006, 25.509748082000044], [88.599537, 25.510391], [88.600794, 25.51170106400008], [88.60255578400006, 25.514357690000054], [88.60897712000008, 25.516433729000028], [88.60918370000007, 25.51166666200004], [88.60727928200004, 25.50870884400007], [88.61296926400007, 25.509993758000064], [88.61476324800003, 25.507575908000035], [88.61682527900007, 25.504305989000045], [88.62149969300003, 25.50085449100004], [88.62774898400005, 25.498001782000074], [88.63177482900005, 25.498688756000035], [88.63960239000005, 25.49953129800008], [88.64510253400005, 25.496677308000073], [88.64868952000006, 25.495527930000037], [88.64571453500008, 25.493720196000027], [88.64475778100007, 25.487827073000062], [88.64676535100006, 25.47801782700003], [88.649186, 25.479869], [88.65247005600008, 25.481173548000072], [88.655678, 25.481271], [88.65807793700003, 25.48173530200006], [88.66121188100004, 25.479209034000064], [88.66288865300004, 25.47429085600004], [88.67014485600004, 25.47521676300005], [88.67490854800008, 25.474497563000057], [88.68204579700006, 25.475230573000033], [88.68800909300006, 25.475644983000052], [88.69486306700009, 25.473536196000055], [88.69931608600007, 25.47132793800006], [88.70394500200007, 25.476492801000063], [88.70637316200003, 25.479967792000025], [88.70979658300007, 25.483423681000033], [88.70859900200008, 25.48977786000006], [88.70881735200004, 25.495765795000068], [88.70758120400006, 25.499533770000028], [88.71142734100005, 25.50031644300003], [88.71257864400008, 25.49771762900008], [88.71503261100008, 25.498274502000072], [88.72120370900006, 25.50022878200008], [88.72638960900008, 25.502351721000025], [88.73189638800005, 25.504140926000048], [88.73783809600008, 25.504673678000074], [88.74232969300004, 25.50052189200005], [88.74250123200005, 25.49517707800004], [88.74076565100006, 25.490788546000033], [88.74415095800003, 25.488257648000058], [88.75558511700007, 25.493765327000062], [88.77055652000007, 25.50283028000007], [88.76335277600003, 25.50530882700008], [88.75786300400006, 25.512342902000057], [88.76014268300008, 25.519464432000063], [88.76098142400008, 25.52587171400006], [88.76774870800006, 25.521963036000045], [88.77404116800005, 25.51873726100007], [88.77600067500003, 25.51655500800007], [88.78063402300006, 25.515757561000044], [88.78430348900008, 25.516486109000027], [88.78724046300005, 25.519299862000025], [88.79320933400004, 25.522924773000057], [88.79893995300006, 25.523849562000066], [88.80481987200005, 25.52354097400007], [88.81076054200008, 25.52264804500004], [88.81046900100006, 25.520822], [88.809888, 25.519394001000023], [88.809029, 25.518313], [88.80827400300007, 25.51685694300005], [88.80788706400006, 25.51479207500006], [88.80794, 25.512646001000064], [88.80890456000003, 25.511793743000055], [88.809952, 25.510471], [88.810501, 25.509302], [88.810127, 25.507851], [88.809331, 25.506225001000075], [88.809626, 25.505532997000046], [88.809817, 25.503779], [88.80988800900008, 25.50156800800005], [88.809836, 25.499332], [88.811088, 25.497697], [88.81149901000003, 25.49483700600007], [88.812198, 25.491553], [88.81339302300006, 25.488998328000037], [88.82025708500004, 25.48883655700007], [88.82615804400007, 25.489830674000075], [88.83259653800008, 25.483671709000077], [88.83737727900007, 25.47261835200004], [88.83568846000009, 25.46250430400005], [88.83789544900009, 25.453625377000037], [88.83510618700006, 25.452270628000065], [88.83382618700006, 25.451367627000025], [88.83200108400007, 25.45043851300005], [88.83212918700008, 25.449520628000073], [88.83062821900006, 25.449190634000047], [88.83031789700004, 25.448509131000037], [88.82607390200008, 25.440837395000074], [88.82787199700005, 25.436779640000054], [88.83205696300007, 25.43618137800007], [88.83242404500004, 25.432468405000066], [88.83448613300004, 25.428771058000052], [88.82962033500007, 25.42432107700006], [88.82534579800006, 25.415555985000026], [88.81797489600007, 25.41657185500003], [88.81468410900004, 25.41033783300003], [88.82047315900007, 25.409704176000048], [88.82367401200008, 25.401174492000052], [88.83153474900007, 25.40131324400005], [88.83717018500005, 25.40149214300004], [88.84097353600004, 25.39328532500008], [88.83838257300005, 25.391008188000058], [88.83754672000003, 25.386636477000025], [88.83880767400007, 25.38394697600006], [88.83850724000007, 25.375827808000054], [88.83941901800006, 25.36807583600006], [88.84088348900008, 25.364581572000077], [88.84765373300007, 25.362556277000067], [88.85376473000008, 25.363235598000074], [88.85458419600008, 25.36120162000003], [88.85501618700005, 25.360213626000075], [88.85498103800006, 25.359768448000068], [88.85480418700007, 25.358727627000064], [88.85568219000004, 25.35716062700004], [88.85478918700005, 25.35582862600006], [88.85528717500006, 25.35485462500003], [88.86249865300005, 25.35515816700007], [88.86665546800003, 25.35212011400006], [88.86773818700004, 25.34822262600005], [88.86797418700007, 25.346987627000033], [88.86814018700005, 25.34553562800005], [88.86816518700005, 25.34400862600006], [88.86692261100006, 25.34362836100007], [88.86656245400007, 25.343107721000024], [88.87228619400008, 25.338638571000047], [88.87596841800007, 25.335993964000068], [88.87728078200007, 25.332638330000066], [88.88522149100004, 25.32576189400004], [88.88574026400005, 25.333067232000076], [88.88928567900007, 25.337333528000045], [88.89435138100004, 25.337081041000033], [88.90306651300006, 25.337468968000053], [88.90648818700004, 25.336778628000047], [88.90648818700004, 25.335383627000056], [88.90671918700008, 25.33323962700007], [88.90636365000006, 25.330816800000036], [88.90669518700008, 25.328610628000035], [88.90651118700004, 25.326933628000063], [88.90783718700004, 25.32510062800003], [88.90902418600007, 25.323959625000043], [88.90996501500007, 25.322731900000065], [88.90994618700006, 25.320893627000032], [88.91113418700007, 25.319613626000034], [88.91241318700008, 25.317504626000073], [88.91339918700004, 25.31526262600005], [88.91511618700008, 25.31473162700007], [88.91571618700004, 25.313648627000077], [88.91544091700007, 25.312056076000033], [88.92365424300004, 25.312086609000062], [88.92793115500007, 25.31527436700003], [88.92860818800006, 25.314287759000024], [88.92867670700008, 25.308433561000072], [88.93476616400005, 25.30315882800005], [88.93841338900006, 25.301933306000024], [88.94164830100004, 25.301437677000024], [88.94567124500009, 25.302951605000032], [88.95080785700009, 25.30350329500004], [88.95554230200008, 25.302808946000027], [88.95979170600003, 25.30130083100005], [88.96179952700004, 25.305743446000065], [88.96554237300006, 25.303111803000036], [88.96902364700009, 25.30168578000007], [88.97403640200008, 25.30138725300003], [88.97685286900008, 25.30622335000004], [88.98473169600004, 25.305315249000046], [88.98237196000008, 25.302169884000023], [88.98439998800006, 25.30126001800005], [88.98586855800005, 25.300814435000063], [88.98729936800004, 25.29866048300005], [88.99349279500007, 25.29665720500003], [88.99958960900005, 25.29522116800007], [89.00235287800007, 25.29700568100003], [89.00527018900004, 25.29936203500006], [89.00845836700006, 25.290238587000033], [89.00840368700005, 25.264385059000062], [89.00456624200007, 25.26583462700006], [88.99914592200008, 25.26928061600006], [88.99415049700008, 25.270263577000037], [88.99174829300006, 25.27371576300004], [88.98586233100008, 25.272667784000078], [88.98252678100005, 25.268878974000074], [88.98129857600009, 25.26636245000003], [88.98077073500008, 25.264991759000054], [88.97606878600004, 25.264187419000052], [88.96667389700008, 25.257440428000052], [88.96045917400005, 25.255595834000076], [88.95523675600003, 25.253983934000075], [88.95378060600007, 25.24914732800005], [88.95079908200006, 25.24356345700005], [88.95355096700007, 25.235930781000036], [88.95211275800006, 25.230347599000027], [88.95599310600005, 25.225985354000045], [88.95760810900003, 25.220894420000036], [88.95828641200006, 25.213792271000045], [88.96089467800005, 25.210854965000067], [88.95836072000003, 25.20804652000004], [88.95216887100008, 25.20704590200006], [88.94674964200004, 25.206849358000056], [88.94181962600004, 25.208972822000078], [88.93746846300007, 25.211043837000034], [88.93680692700008, 25.203639788000032], [88.93565367100007, 25.196212654000078], [88.94318176200005, 25.19303344100007], [88.94720690800006, 25.19343664200005], [88.94772344800003, 25.187482019000072], [88.94369140700007, 25.183817780000027], [88.94863165500004, 25.178865606000045], [88.94500421400005, 25.175746401000026], [88.94337493400008, 25.173650615000042], [88.93916304500004, 25.176936799000032], [88.93457734800006, 25.181360448000078], [88.92940205700006, 25.17768012700003], [88.92870138400008, 25.17489013900007], [88.92501575800009, 25.172368754000047], [88.92306420100005, 25.166197676000024], [88.91596146300003, 25.167021684000076], [88.91220589500006, 25.172608955000044], [88.91252590500005, 25.177682609000044], [88.90826710100004, 25.179512643000066], [88.90268159500005, 25.17959933900005], [88.89896888800007, 25.181112488000053], [88.89362754000007, 25.183237346000055], [88.88974578800008, 25.179290689000027], [88.87781314600005, 25.178980512000066], [88.87481194400004, 25.181778661000067], [88.87504543700004, 25.183894055000053], [88.87480901700008, 25.18653400100004], [88.87331797000007, 25.18863603500006], [88.87297579700004, 25.19087203600003], [88.87485133800004, 25.19453677300004], [88.87151597500008, 25.19435152500006], [88.86417273500007, 25.190991926000038], [88.86494898000007, 25.196666271000026], [88.86491063200003, 25.199880187000076], [88.86107427200005, 25.201972865000073], [88.85823703000005, 25.20168318900005], [88.85716635600005, 25.20098387300004], [88.85411106100008, 25.200185189000024], [88.84911883500007, 25.20470750100003], [88.84873520400004, 25.208729833000064], [88.84722334400004, 25.209661740000058], [88.84623961500006, 25.210966583000072], [88.84162473600009, 25.212555316000078], [88.83683128300004, 25.20914546100005], [88.83119396300003, 25.20602802800005], [88.83007920100005, 25.20466265300007], [88.82987218700003, 25.20312062800008], [88.82955617700009, 25.201747630000057], [88.82913020300003, 25.20093660300006], [88.82896318800005, 25.199779628000044], [88.82910618700004, 25.198562627000058], [88.82872719500006, 25.197572618000038], [88.82794416800004, 25.197111603000053], [88.82743518700005, 25.196069626000053], [88.82710715100006, 25.195148562000043], [88.82684718700006, 25.193531627000027], [88.82653784300004, 25.192456943000025], [88.82702618700006, 25.191917626000077], [88.82588624000005, 25.191430678000074], [88.82298398100005, 25.191118121000045], [88.81784165200008, 25.188659036000047], [88.81435281900008, 25.181712892000064], [88.81332940500005, 25.17436789100003], [88.80814298200005, 25.173348107000038], [88.80113613300006, 25.17095302300004], [88.79362488000004, 25.17263867400004], [88.78447640100006, 25.17626529900008], [88.77467642600004, 25.179595735000078], [88.77405321900005, 25.185040968000067], [88.77270554900008, 25.189231325000037], [88.76787549000005, 25.185754028000076], [88.76266893800005, 25.184729666000067], [88.75034568600006, 25.176368428000046], [88.75039099000008, 25.181328850000057], [88.74532372300007, 25.182875865000028], [88.74048410900008, 25.18561064100004], [88.73491912900005, 25.189292413000032], [88.73425018900008, 25.194912746000057], [88.73301729700006, 25.19874735800005], [88.72899018200008, 25.19981197800007], [88.72605805200004, 25.198896321000063], [88.72406516100006, 25.201051406000033], [88.72301987400004, 25.20239945900005], [88.72065687500003, 25.20204695900003], [88.71853605300004, 25.20229346600007], [88.71700670800004, 25.203169049000053], [88.71446571500007, 25.20546978400006], [88.71200084200007, 25.206772240000078], [88.71021218700008, 25.20722262700008], [88.70749375200006, 25.207439573000045], [88.70538018700006, 25.20755362700004], [88.70376944500003, 25.20779237000005], [88.70231718700006, 25.207281626000054], [88.70074165500006, 25.207825065000065], [88.69936526700008, 25.20792861700005], [88.69818218700004, 25.208212627000023], [88.69639365800003, 25.208178366000027], [88.69477618700006, 25.208262628000057], [88.68787367900006, 25.208828324000024], [88.67962400400006, 25.208221296000033], [88.67857218700004, 25.20417562700004], [88.67580718700003, 25.20232162700006], [88.67503918700004, 25.200481628000034], [88.67348032000007, 25.199694235000038], [88.67294417700003, 25.19866963100003], [88.67078518700004, 25.198451627000054], [88.66863918700005, 25.198372626000037], [88.66721218700008, 25.198785628000053], [88.66708200500005, 25.19984663100007], [88.66549998100004, 25.200813985000025], [88.66468291400008, 25.20249644300003], [88.66252454500005, 25.202849971000035], [88.65921684800009, 25.202689675000045], [88.65496073100007, 25.203808236000043], [88.65158541200003, 25.204004419000057], [88.64887639800008, 25.204411624000045], [88.64442095900006, 25.20542319200007], [88.64236611800004, 25.206153138000047], [88.64000315000004, 25.20459519800005], [88.63842155900005, 25.203483980000044], [88.63644818700004, 25.203715626000076], [88.63470518700007, 25.203313628000046], [88.63353118700007, 25.20252862700005], [88.63198314300007, 25.202195569000025], [88.63055518700008, 25.201818627000023], [88.62907818700006, 25.201682627000025], [88.62783618700007, 25.201923627000042], [88.62670218600005, 25.203715627000065], [88.62498718800003, 25.204401628000028], [88.62318218700005, 25.20417962700003], [88.62124518900004, 25.20480962700003], [88.61865991900004, 25.204967425000063], [88.61815851700004, 25.204052842000067], [88.61558654400005, 25.203728905000048], [88.61422019000008, 25.20418975800004], [88.61230823200003, 25.203904610000052], [88.61245558600007, 25.203359173000024], [88.61206236900006, 25.20256008000007], [88.61202846000003, 25.201543663000052], [88.61122504300005, 25.200513373000035], [88.61116757200006, 25.199654225000074], [88.61026991200004, 25.198305232000052], [88.60881652800003, 25.197968828000057], [88.60745738100007, 25.196270208000044], [88.60549147800003, 25.19573498400007], [88.60448045700008, 25.194880897000075], [88.60272018700005, 25.19441462700007], [88.60163009400009, 25.193291504000058], [88.59957443300004, 25.192208201000028], [88.59821111900004, 25.191698571000074], [88.59723518700008, 25.191061627000067], [88.59532219300007, 25.19161762600004], [88.59274218700006, 25.193209628000034], [88.59056064000004, 25.194574299000067], [88.58984404600005, 25.192697336000037], [88.59077403300006, 25.192099386000052], [88.59023418700008, 25.190945628000065], [88.59056018700005, 25.190402628000072], [88.59083252700003, 25.189478604000044], [88.59119018700005, 25.188314628000057], [88.59148118700006, 25.18758662600004], [88.59146018700005, 25.186736628000062], [88.59116414900006, 25.185758659000044], [88.59036618800008, 25.185349623000036], [88.58969747000003, 25.185438214000044], [88.58897418700008, 25.184987627000055], [88.58903614200005, 25.18420438100003], [88.58836518600003, 25.183789627000067], [88.58774050400007, 25.183294481000075], [88.58596116400008, 25.182369151000046], [88.58109084400007, 25.181677119000028], [88.57994708800004, 25.178347405000068], [88.57406632300007, 25.176233466000042], [88.57005690300008, 25.176040889000035], [88.56685786900005, 25.175858220000066], [88.56473518700005, 25.175665627000058], [88.56406263600007, 25.175428331000035], [88.56343918700009, 25.17545562600003], [88.56281330900003, 25.17549603200007], [88.56203218700006, 25.175593626000023], [88.56105818700007, 25.175972628000068], [88.56004412200008, 25.176235633000033], [88.55884918700008, 25.17676162600003], [88.55818518700005, 25.17751862700004], [88.55738521600006, 25.178019638000023], [88.55634920100005, 25.17886524900007], [88.55614519200003, 25.179341631000057], [88.55628518700007, 25.180215626000063], [88.55686344100008, 25.18081947400003], [88.55772132400006, 25.18270937500006], [88.55965959200006, 25.185446323000065], [88.55988847000003, 25.19020236600005], [88.55552595200004, 25.193325754000057], [88.55073797500006, 25.19389112300007], [88.54785497900008, 25.19512611400006], [88.54335631100008, 25.19369954000007], [88.54033720500007, 25.18913768400006], [88.53820231300006, 25.187480488000062], [88.53451407900008, 25.191441918000066], [88.53578278400005, 25.195407269000043], [88.52989044900005, 25.19880704800005], [88.52577238300006, 25.19974180300005], [88.51523015100008, 25.201863458000048], [88.50646867200004, 25.202900985000042], [88.49984160600007, 25.20476805900006], [88.49835590600009, 25.21044483000003], [88.49402438500005, 25.210614967000026], [88.48721536100004, 25.211491824000063], [88.48223674700006, 25.21105453100006], [88.47927193400005, 25.212721307000038], [88.47452032800004, 25.210108994000052], [88.47190315200004, 25.20518084200006], [88.47114514400005, 25.203053531000023], [88.46993421500008, 25.199919100000045], [88.47144033700005, 25.198624094000024], [88.47187571700005, 25.197600903000023], [88.47030856500004, 25.197669416000053], [88.46900977600006, 25.197575520000044], [88.46981645500006, 25.196920625000075], [88.46836209000008, 25.196931368000037], [88.46769329000006, 25.197282931000075], [88.46543009300007, 25.196652116000053], [88.46181627500005, 25.19551498800007], [88.45418897000008, 25.196698350000077], [88.44617669900003, 25.197412651000036], [88.43956992500006, 25.200217748000057], [88.43726847300007, 25.200816931000077], [88.43908900100007, 25.207362278000062], [88.44171511000008, 25.21049722300006], [88.43709171200004, 25.20172425000004], [88.43798369700005, 25.198011979000057], [88.44301543800003, 25.19641061300007], [88.44385097200006, 25.18062808600007], [88.44525237900007, 25.173799474000077], [88.45195128200004, 25.164114236000046], [88.45785904200005, 25.16406889800004], [88.45943918700004, 25.16070162400007], [88.45726618700007, 25.15424562800007], [88.46180619300009, 25.15054262900003], [88.45726622200004, 25.14799865300006], [88.46064715700004, 25.144568642000024], [88.46045419600006, 25.138869623000062], [88.45697621500005, 25.139448641000058], [88.45848664800008, 25.134982336000064], [88.45262039900007, 25.131892547000064], [88.44460612000006, 25.12801487200005], [88.44202210300006, 25.120318319000035], [88.44732607400005, 25.110648123000033], [88.44544997100007, 25.10384304400003], [88.44532493300005, 25.095949010000027], [88.44728687000008, 25.089199223000037], [88.44654116300006, 25.084657298000025], [88.45190914200003, 25.07715662000004], [88.44859528200004, 25.073691404000044], [88.44702767300004, 25.071796040000038], [88.44122233100006, 25.06124534500003], [88.43545378100004, 25.052774493000072], [88.43626354800006, 25.046984801000065], [88.44371238100007, 25.04204127500003], [88.44991918700003, 25.039138626000067], [88.45210125800008, 25.03605663700006], [88.44698617500006, 25.033400631000063], [88.44509393500005, 25.031100287000072], [88.44516118700005, 25.026182628000072], [88.44105746700006, 25.02293375000005], [88.43876618800005, 25.022028628000044], [88.44029618700006, 25.018996626000046], [88.43890351200008, 25.017762713000025], [88.43783543500007, 25.01560886200008], [88.44133022100004, 25.013925612000037], [88.43956718700008, 25.01220562700007], [88.43737218700005, 25.01157562800006], [88.43738021000007, 25.01442327700005], [88.43678718700005, 25.010743627000068], [88.43421418700007, 25.00728262800004], [88.43621818700007, 25.006462628000065], [88.43322518700006, 25.00589162600005], [88.43050493600003, 25.008166068000037], [88.42735621600008, 25.007683632000067], [88.42690655600006, 25.013823434000074], [88.42617208200005, 25.01229748800006], [88.42359466600004, 25.006703359000028], [88.41908084000005, 25.001499196000054], [88.41935012200008, 24.999469455000053], [88.41566722900006, 24.998257283000044], [88.41204776300003, 24.998782858000027], [88.41208191400005, 24.996013167000058], [88.41357517500006, 24.99246922100008], [88.41220514700007, 24.989244762000055], [88.41717470200007, 24.983632974000045], [88.41849286600007, 24.983439473000033], [88.41592287200007, 24.982645599000023], [88.41625886300005, 24.979630115000077], [88.41652059800003, 24.973706554000046], [88.41510509600005, 24.973401468000077], [88.41304917900004, 24.973597020000057], [88.41021144900003, 24.97349881400004], [88.40990289300004, 24.975754779000056], [88.40717959000006, 24.978678996000042], [88.40472244700004, 24.977268971000058], [88.40358244300006, 24.975047637000046], [88.40527909400004, 24.973302957000044], [88.40333476600006, 24.973491498000044], [88.40059747100008, 24.97299791300003], [88.39552882500004, 24.969436302000076], [88.39596492300007, 24.96622584800008], [88.39344236000005, 24.961966319000055], [88.39492402800005, 24.960590197000045], [88.39718430600004, 24.960597934000077], [88.39743309400006, 24.958236041000077], [88.39922540300006, 24.955007377000072], [88.39998536100006, 24.953433136000058], [88.40153358800006, 24.951070874000038], [88.40018280300006, 24.948226730000044], [88.39771839600007, 24.944562923000035], [88.39162244800008, 24.942685296000036], [88.38928319500008, 24.942864547000056], [88.38710282900007, 24.941399269000044], [88.38010773600007, 24.939468773000044], [88.37097396800004, 24.94239688700003], [88.36856971200007, 24.945821847000047], [88.36583308800004, 24.94733668200007], [88.36362751400009, 24.948835745000054], [88.36293782400008, 24.953193687000066], [88.35969238500007, 24.952241608000065], [88.35983782600005, 24.948495241000046], [88.35259348100004, 24.94209022700005], [88.34439350700006, 24.942733333000035], [88.34108416500004, 24.936019680000072], [88.33900123200004, 24.93209765100005], [88.33757418400006, 24.928017625000052], [88.33459387300007, 24.927315589000045], [88.33482992500007, 24.921291715000052], [88.33452318700006, 24.91826962600004], [88.32929318300006, 24.919702629000028], [88.32772618700005, 24.918035626000062], [88.32483018700003, 24.914174626000033], [88.33243556900004, 24.905142015000024], [88.33422829100004, 24.900478183000075], [88.33246402100008, 24.897386056000073], [88.33530218700008, 24.897845627000038], [88.33658118700004, 24.898640628000066], [88.33748918700007, 24.899636628000053], [88.33836918700007, 24.899761626000043], [88.34030718700006, 24.89997662600007], [88.34154984800006, 24.898947536000037], [88.34242318700007, 24.899839626000073], [88.34382918700004, 24.899249627000074], [88.34518219500006, 24.897026242000038], [88.34625318700006, 24.895020627000065], [88.34675518300008, 24.893406626000058], [88.34607118700006, 24.891950628000075], [88.34477718700003, 24.891072628000074], [88.34539918700006, 24.889572628000053], [88.34291318700008, 24.88866662600003], [88.34336119200003, 24.887171627000043], [88.34310318700005, 24.88546562600004], [88.34247618700005, 24.883733627000026], [88.34068254400006, 24.88213505300007], [88.33925221600003, 24.880252702000064], [88.33886618700006, 24.87838462700006], [88.33673719900008, 24.87832669100004], [88.33434428400005, 24.87759287800003], [88.33510518800006, 24.875124640000024], [88.33424218700009, 24.873662627000044], [88.33308917800008, 24.87086262500003], [88.32492418700008, 24.87268862700006], [88.32169251200008, 24.87808556500005], [88.31756184500006, 24.883487079000076], [88.31266815000004, 24.881674486000065], [88.30809973900006, 24.877663202000065], [88.30518054300006, 24.87302227600003], [88.30155746000008, 24.87208979600007], [88.30075413100008, 24.87557089200004], [88.29825067000007, 24.880525902000045], [88.30061343900007, 24.884354161000033], [88.29937779600004, 24.885979244000055], [88.29675460200008, 24.88836602400005], [88.28767261300004, 24.887857045000032], [88.28295711700008, 24.889504508000073], [88.27869172700008, 24.888248608000026], [88.27759103700004, 24.89156588700007], [88.27673091700007, 24.894506182000043], [88.27382856900005, 24.89675237600005], [88.26904138900005, 24.891448688000025], [88.26767140600003, 24.88770684600007], [88.26754548900004, 24.88561627400003], [88.26663404500005, 24.87828115700006], [88.25946409100004, 24.88241453200004], [88.26359890500004, 24.895273967000037], [88.26229649100009, 24.91446989800005], [88.25417636900005, 24.928292657000043], [88.24141213000007, 24.939069371000073], [88.23485366000006, 24.947881137000024], [88.22877455900004, 24.958306463000042], [88.22383926000003, 24.961778528000025], [88.21958933800005, 24.961791936000054], [88.21559930200004, 24.961228062000032], [88.21093893900007, 24.96165129900004], [88.20491254200005, 24.96037813600003], [88.20135215700003, 24.956741056000055], [88.19309060800003, 24.953638260000048], [88.18763344300004, 24.952361047000068], [88.17374493300008, 24.94749306600005], [88.16434211100005, 24.94245903600006], [88.15908826700007, 24.937609052000028], [88.14596645800003, 24.934407175000047], [88.13921744500004, 24.918094237000048], [88.15344842900004, 24.905022984000027], [88.15792859900006, 24.89826325200005], [88.16237592100003, 24.892862860000037], [88.16334144500007, 24.889552598000023], [88.15704564100008, 24.881269255000063], [88.15967947000007, 24.873239669000043], [88.17451844800007, 24.863094371000045], [88.17183413000004, 24.860616354000058], [88.16359432900003, 24.85318569800006], [88.15125494300008, 24.84943068000007], [88.14475948500007, 24.84761032700004], [88.13962653500005, 24.83600136900003], [88.13366648400006, 24.830059118000065], [88.13128050400007, 24.804864678000058], [88.11851060800007, 24.819795344000056], [88.10619073500004, 24.802818393000052], [88.10550024100007, 24.786814195000034], [88.08534550600007, 24.778546504000076], [88.07021880600007, 24.766178555000067], [88.07164047000003, 24.742135313000063], [88.04802826500008, 24.709151589000044], [88.01199734200009, 24.672456729000032], [88.06466181600007, 24.609497624000028], [88.08653121600008, 24.574437251000063], [88.11108432100008, 24.541056216000072], [88.13675870400004, 24.516238258000044], [88.18715441000006, 24.478390570000045], [88.20895339800006, 24.458164312000065], [88.24103329000008, 24.451086325000063], [88.27549132900003, 24.437913455000057], [88.29338313900007, 24.414778282000043], [88.32071039600004, 24.392261246000032], [88.35401140500005, 24.374400792000074], [88.37764879700006, 24.37438631200007], [88.40429496400003, 24.37475482800005], [88.43109821800005, 24.383088190000024], [88.48487946100005, 24.355667996000022], [88.52749746900008, 24.34297803000004], [88.54272914000006, 24.31593925800007], [88.55719191700007, 24.299551740000027], [88.57473069600007, 24.326583176000042], [88.61769452700008, 24.314914289000058], [88.64038677900004, 24.308408344000043], [88.65802788700006, 24.31418635800003], [88.66649105700003, 24.315132858000027], [88.67225231300006, 24.31482349500004], [88.68170361000006, 24.31594602100006], [88.69026576800007, 24.31521899100005], [88.69870818400005, 24.313696497000024], [88.72527060800007, 24.297475871000074], [88.73529949600004, 24.22113514700004], [88.73227034000007, 24.17069458800006], [88.74189679400007, 24.159120835000067], [88.74506179700006, 24.149024971000074], [88.71247890200004, 24.122932866000042], [88.70615532900007, 24.10417748800006], [88.71450504600006, 24.08562577500004], [88.72326464300005, 24.07099274500007], [88.73383172400008, 24.066723153000055], [88.74250810600006, 24.055393388000027], [88.74030785900004, 24.048544496000034], [88.72898159800008, 24.047959848000062], [88.73001519300004, 24.039365329000077], [88.74068044400008, 24.034461691000047], [88.73647908600003, 24.025476559000026], [88.73166606100006, 24.013640166000073], [88.73008554700004, 24.000150070000075], [88.73150943800005, 23.993791276000024], [88.74402492600007, 24.00533075900006], [88.75333333300006, 24.007384656000056], [88.76306823400006, 24.00455654900003], [88.76341323400004, 23.995448606000025], [88.76587617200005, 23.988137574000064], [88.76806921400004, 23.981107673000054], [88.75831619800005, 23.98364269500007], [88.74767118100004, 23.985500628000068], [88.73876725400004, 23.984048548000032], [88.73567818600009, 23.97661564400005], [88.73661783500006, 23.96864334000003], [88.73299123600003, 23.961418795000043], [88.73428093600006, 23.959096268000053], [88.73474778800005, 23.957132314000035], [88.73926346400003, 23.953805118000048], [88.73917587000005, 23.948575704000064], [88.74031878100004, 23.943243240000072], [88.74059674400007, 23.937287683000022], [88.74294497000005, 23.93108219900006], [88.73868800800005, 23.932355925000024], [88.73515472000008, 23.931048889000067], [88.73346966900004, 23.922895978000042], [88.73302434300007, 23.913051409000047], [88.73043632200006, 23.913110148000044], [88.72042797700004, 23.91629238300004], [88.71245860200008, 23.912985442000036], [88.70497173400008, 23.913142406000077], [88.69990964900006, 23.911055800000042], [88.70153601800007, 23.907538358000068], [88.70292089500003, 23.906152857000052], [88.70113084700006, 23.904393738000067], [88.70292515600005, 23.902119440000035], [88.70539315000008, 23.90203645500003], [88.69993425600006, 23.900982828000053], [88.69581015600005, 23.900141748000067], [88.68775693100008, 23.899932652000075], [88.68373406000006, 23.890029261000052], [88.67729756200004, 23.88533865900007], [88.66844082700004, 23.88326030500008], [88.66409935200005, 23.88007580900006], [88.66468548100005, 23.87598218900007], [88.66742673400006, 23.87047934800006], [88.66478223100006, 23.86998637000005], [88.65728693600005, 23.868608232000042], [88.65404273500008, 23.86725182300006], [88.65076022700003, 23.866775939000036], [88.64741531300007, 23.869129980000025], [88.64201309900005, 23.86857242800005], [88.63710113700006, 23.87155468900005], [88.63158517500005, 23.86653661200006], [88.62543922800006, 23.86583169200003], [88.62538625400003, 23.871462656000062], [88.62155522200004, 23.876774603000058], [88.61305513400004, 23.875793585000054], [88.60918420300004, 23.869172551000077], [88.60763321600007, 23.862871709000046], [88.59961810500005, 23.86909862500005], [88.59422790200006, 23.869209200000057], [88.58698445600004, 23.87088718700005], [88.58500718300007, 23.867433791000053], [88.57927862900004, 23.86166098600006], [88.57763677400004, 23.858759703000032], [88.57772176000003, 23.85302097700003], [88.58134823800003, 23.852681661000076], [88.58901013600007, 23.85412954900005], [88.58978613200009, 23.849822594000045], [88.58719511800007, 23.844612570000038], [88.58673310800003, 23.836539624000068], [88.58678122000003, 23.830084552000073], [88.59192720600004, 23.826038607000044], [88.59736924000003, 23.823296552000045], [88.60200124700003, 23.818322564000027], [88.59874521300009, 23.812686572000075], [88.59625410400008, 23.811086198000055], [88.59330577800006, 23.80965938500003], [88.59054704500005, 23.811027167000077], [88.58747266700004, 23.813685718000045], [88.58651122500004, 23.812716141000067], [88.59139327800006, 23.80772730600006], [88.59387181700004, 23.804824371000052], [88.59256724800008, 23.79863062100003], [88.58103726900003, 23.796979555000064], [88.58071523700005, 23.789821579000034], [88.57081319100007, 23.783262571000023], [88.55778721100006, 23.786064642000042], [88.56010099000008, 23.78196901900003], [88.56656669500006, 23.776953141000035], [88.56992966000007, 23.775932889000046], [88.57346262900006, 23.775255968000067], [88.57743543200007, 23.775203841000064], [88.57928295900007, 23.77208205100004], [88.58033015000007, 23.76322625000006], [88.57910478100007, 23.757650272000035], [88.57495509400007, 23.75275149500004], [88.57160712700005, 23.74680429400007], [88.57348570700003, 23.743142341000066], [88.57216814000003, 23.738446209000074], [88.57450048100009, 23.734646120000036], [88.57594377000004, 23.736252026000045], [88.57453891900008, 23.73312494700008], [88.57433608300005, 23.729087960000072], [88.57100934700009, 23.728423468000074], [88.56879921500007, 23.720313968000028], [88.56796316900005, 23.715124366000055], [88.56504334100003, 23.709638993000056], [88.56664049000005, 23.704601513000057], [88.56708978000006, 23.70017597100008], [88.56841545300006, 23.695717408000064], [88.56851073400009, 23.691815202000043], [88.57063748400003, 23.685367701000075], [88.57404372800005, 23.680099607000045], [88.57458753300006, 23.67636919800003], [88.57269859700006, 23.67398256100006], [88.57319017300006, 23.669110112000055], [88.56945771400007, 23.663805964000062], [88.56729991400005, 23.658887354000058], [88.56203887300006, 23.654952500000036], [88.55827060800004, 23.649230768000052], [88.56222030900005, 23.647421095000027], [88.56296096400007, 23.64244295000003], [88.56676872700007, 23.63642828600007], [88.57206611400005, 23.636297074000026], [88.57954207100005, 23.638434035000046], [88.58633111200004, 23.639339265000046], [88.59300143000007, 23.637829451000073], [88.59425427800005, 23.632130284000027], [88.59259111700004, 23.627391076000038], [88.59377370200008, 23.619789954000055], [88.58709619100006, 23.61566784300004], [88.58179397200007, 23.609767357000067], [88.58033086700004, 23.604063532000055], [88.58546049300008, 23.603080635000026], [88.59477408900005, 23.602090494000038], [88.59874221600006, 23.60594229800006], [88.60369567900005, 23.606132684000045], [88.60732035800004, 23.603057727000078], [88.60773648000009, 23.600679737000064], [88.61384564900004, 23.603431622000073], [88.61961654000004, 23.60265842000007], [88.62578756700003, 23.60669389700007], [88.62925162900007, 23.60861790200005], [88.63639532500008, 23.607285624000042], [88.64164966700008, 23.608957489000034], [88.64391878200007, 23.607012216000044], [88.64006306400006, 23.59886487500006], [88.63871328600004, 23.591247252000073], [88.64473087900006, 23.591058515000043], [88.64686924000006, 23.587156546000074], [88.64830925100006, 23.581255688000056], [88.65137015400006, 23.572148580000032], [88.65432611600005, 23.561807659000067], [88.65962012600005, 23.55298067800004], [88.66814318100006, 23.546676649000062], [88.68105718000004, 23.542805549000036], [88.68565515600005, 23.532268660000057], [88.69095318900008, 23.531350673000077], [88.69442413500008, 23.525397677000058], [88.69612515900008, 23.517069586000048], [88.70724811200006, 23.515535697000075], [88.71858312700004, 23.51168455000004], [88.73032946800004, 23.503702574000044], [88.73105383400008, 23.495308728000055], [88.74286264000006, 23.48566958300006], [88.74344660400004, 23.481410796000034], [88.75065916200003, 23.48092464100006], [88.76118918000003, 23.48058265800006], [88.76016021800007, 23.49063054900006], [88.77074220200006, 23.480104555000025], [88.76830223000007, 23.487435704000063], [88.77379422000007, 23.49943154700003], [88.78755211400005, 23.505751489000033], [88.78559881800004, 23.497814740000024], [88.79220373700008, 23.503159614000026], [88.80017754700003, 23.49695984400006], [88.79618069600008, 23.488190149000047], [88.79958512600007, 23.481782130000056], [88.79233853300008, 23.47738079900006], [88.78779471200005, 23.467596711000056], [88.79028971800005, 23.464120738000076], [88.79214025300007, 23.460673641000028], [88.79123229500004, 23.455021094000074], [88.78964877500005, 23.450880255000072], [88.79381717000007, 23.444787741000027], [88.79252238100008, 23.44391815700004], [88.78843178700004, 23.442722197000023], [88.78456690600007, 23.44357515200005], [88.78319747300009, 23.440245250000032], [88.77918750500004, 23.439842148000025], [88.77520839000005, 23.444205475000047], [88.77076073600006, 23.44827087300007], [88.76361669200008, 23.44443539200006], [88.76124086600004, 23.433051548000037], [88.76017359900004, 23.425798204000046], [88.75632963000004, 23.421775844000024], [88.75805384300008, 23.412216253000054], [88.75931058300006, 23.407364913000038], [88.75102162800005, 23.402722252000046], [88.75349625300004, 23.39309336100007], [88.75702416100006, 23.38782580000003], [88.76011928600008, 23.386338927000054], [88.76225472700008, 23.386362552000037], [88.75965102700007, 23.38083541700007], [88.76108000200009, 23.373342277000063], [88.76193718000007, 23.362915659000066], [88.75251022100008, 23.36200655700003], [88.74598525200008, 23.358813086000055], [88.74357611800008, 23.353999659000067], [88.74576614200004, 23.348923580000076], [88.73698626600003, 23.351824556000054], [88.73214018500005, 23.350309612000046], [88.73653112900007, 23.34640565500007], [88.73732422400008, 23.340923556000064], [88.73492917900006, 23.33377463100004], [88.73315623900004, 23.327551571000072], [88.74272619300007, 23.32816562900007], [88.74717815800005, 23.323042611000062], [88.74659712400006, 23.316097699000068], [88.74550211200005, 23.307786707000048], [88.73774415800005, 23.305094608000047], [88.72958823100004, 23.31031469000004], [88.73153015000008, 23.318400544000042], [88.72498019600005, 23.317325649000054], [88.72678716600007, 23.309597703000065], [88.72704315000004, 23.300109556000052], [88.71870717900003, 23.298743640000055], [88.71437725700008, 23.305923577000044], [88.70668015400008, 23.303911585000037], [88.71219511100009, 23.310513677000074], [88.70677721600003, 23.310278647000075], [88.69747011900006, 23.30366163900004], [88.69710617700008, 23.29370259700005], [88.70550115500004, 23.291823709000028], [88.71196025000006, 23.28479162600007], [88.71234917000004, 23.27725864300004], [88.72430612400007, 23.27129760100007], [88.72033511200004, 23.25952756600003], [88.72855625100004, 23.251253619000067], [88.74076818100008, 23.24628365500007], [88.75567871400006, 23.240962531000037], [88.76952785200007, 23.24407235700005], [88.77327636000007, 23.238536903000067], [88.77648235900006, 23.230901634000077], [88.77776135200008, 23.223880138000027], [88.78326848600005, 23.221648781000056], [88.78963429700008, 23.220262959000024], [88.79369910300005, 23.220008552000024], [88.80573810900006, 23.21881925100007], [88.80805432500006, 23.229821569000023], [88.80611272400006, 23.23688803300007], [88.80910992800005, 23.251321337000036], [88.81152207100007, 23.25618756500006], [88.81351910500007, 23.25250713400004], [88.82305045500004, 23.247681525000075], [88.82499524400004, 23.239978620000045], [88.82835219600008, 23.235977602000048], [88.83896318200004, 23.240338706000045], [88.85098646700004, 23.230954802000042], [88.85682459600008, 23.234909059000074], [88.86145194600005, 23.232842231000063], [88.87324624500008, 23.234193755000035], [88.87902216800006, 23.231234150000034], [88.88560080100007, 23.228188397000054], [88.88710411500006, 23.23159485000008], [88.89388896200006, 23.23103770800003], [88.89990765300007, 23.233255288000066], [88.90427760000006, 23.23588112300007], [88.91101898300008, 23.234112398000036], [88.91472795300007, 23.226645905000055], [88.91476168100007, 23.216737497000054], [88.91748929400006, 23.212740593000035], [88.91838015500008, 23.219730368000057], [88.92522854400005, 23.217911121000043], [88.92954004000006, 23.21417764800003], [88.93670282900007, 23.20860967300007], [88.94312544700006, 23.206582825000055], [88.95599690200004, 23.212683472000037], [88.96406297200008, 23.21585247300004], [88.96959483700005, 23.221042280000063], [88.97457889800006, 23.21995899600006], [88.97838865800009, 23.216283910000072], [88.97427452800008, 23.223053408000055], [88.98108089900006, 23.222564126000066], [88.97950557200005, 23.215991983000038], [88.98222409200008, 23.221064376000072], [88.99222332200009, 23.215409907000037], [88.99586729400005, 23.21209867700003], [88.98819224000005, 23.214641635000078], [88.98068423400008, 23.209922624000058], [88.98713457300005, 23.201740194000024], [88.98491375000003, 23.199283236000042], [88.98187132600003, 23.196197434000055], [88.98045095700007, 23.191518769000027], [88.97870261400004, 23.188913472000024], [88.97855745600003, 23.18543358100004], [88.97795957200003, 23.182633157000055], [88.97532622900007, 23.18424870000007], [88.97481818400007, 23.192122079000058], [88.96372213400008, 23.193251485000076], [88.95859071900009, 23.190138287000025], [88.95699716000007, 23.184651420000023], [88.94743117400003, 23.180838236000056], [88.937141, 23.172849479000035], [88.93362492200004, 23.165300434000073], [88.92922851800006, 23.163132379000047], [88.92941353000003, 23.161056948000066], [88.93082945600008, 23.157304477000025], [88.93224576800009, 23.151686837000057], [88.93061848600007, 23.146019333000027], [88.92284667700005, 23.14360677800005], [88.91996301700004, 23.135795838000035], [88.91817197400007, 23.131160993000037], [88.91035077300006, 23.12806054200007], [88.90466030600004, 23.12036233400005], [88.90146900100007, 23.11639038800007], [88.89861117500004, 23.11210922400005], [88.89463726700006, 23.110307668000075], [88.88789847400005, 23.10894741800007], [88.88335376200007, 23.11132327400003], [88.88158615400005, 23.10821369100006], [88.88060078300003, 23.10444118600003], [88.87528233300009, 23.10363357700004], [88.87052028100004, 23.101659510000047], [88.86902182800009, 23.097451711000076], [88.87401820500008, 23.08964177000007], [88.86913152700004, 23.086163945000067], [88.86433356400005, 23.079983990000073], [88.86615739400008, 23.074549341000022], [88.86728916800007, 23.071433996000053], [88.87146155100004, 23.06705008600005], [88.87422535400003, 23.05732082000003], [88.87451857400004, 23.053491200000053], [88.87506917600007, 23.046856184000035], [88.88412584100007, 23.04034610900004], [88.88189883700005, 23.034370826000043], [88.88068698900008, 23.028601313000024], [88.87739254600007, 23.024459797000077], [88.87250521200008, 23.019034669000064], [88.87445920100004, 23.014411548000055], [88.87761314400007, 23.010230653000065], [88.87869122400008, 23.00410868000006], [88.86861617600005, 23.005931576000023], [88.85183711500008, 23.00791154700005], [88.84666112200006, 23.006511602000046], [88.86075126900005, 23.002897661000077], [88.86384720900008, 22.99268263600004], [88.87114516500003, 22.978518562000033], [88.85840115100007, 22.971134608000057], [88.85631724200005, 22.953022657000076], [88.86211919600004, 22.94534064000004], [88.87595118000007, 22.948573710000062], [88.88888211000005, 22.953464548000056], [88.89269319300007, 22.94524659700005], [88.88705317800003, 22.93423864400006], [88.89864015500007, 22.92512768100005], [88.90674713000004, 22.915727546000028], [88.89717617000008, 22.91013866000003], [88.89988218400003, 22.900405594000063], [88.90237264400008, 22.89539086900004], [88.90606314300004, 22.89320433300003], [88.90536789800007, 22.88911182000004], [88.90545333700004, 22.886493461000043], [88.90922895600005, 22.883133104000024], [88.91209593900004, 22.880704619000028], [88.91105086200008, 22.87936274900005], [88.91507365200005, 22.879964892000032], [88.91913801300007, 22.878577196000037], [88.92350163200007, 22.879727872000046], [88.92749953500004, 22.874479742000062], [88.93224650500008, 22.873231617000044], [88.93893798400006, 22.87449672300005], [88.94157289100008, 22.877769969000042], [88.94657910800004, 22.879427703000033], [88.94979021600005, 22.876220619000037], [88.95156214900004, 22.87163370600007], [88.95313224700004, 22.865421710000078], [88.95683118100004, 22.86317066500004], [88.95816926800006, 22.85759854300005], [88.96417523700006, 22.851441701000056], [88.96850516100005, 22.84293557700005], [88.96574416200008, 22.833336622000047], [88.96377122900003, 22.822503684000026], [88.95896018500008, 22.81368759700007], [88.95925410300003, 22.809712696000076], [88.95864009100006, 22.80348364200006], [88.95922958800008, 22.79815597100003], [88.95325512600004, 22.797194688000047], [88.94501355900007, 22.792788685000062], [88.93824609500007, 22.792932049000058], [88.93518651900007, 22.787585965000062], [88.93474512700004, 22.78313392000007], [88.92849844400007, 22.78310670700006], [88.92557285800007, 22.77927323800003], [88.92552624800004, 22.76933562800008], [88.91404930100003, 22.76049744900007], [88.91242504300004, 22.75499723300004], [88.91705782200006, 22.755187400000068], [88.92145616600004, 22.749953194000057], [88.91774977000006, 22.745670173000065], [88.91645616700004, 22.737939380000057], [88.92455177200009, 22.72893990400007], [88.93266409300008, 22.715567734000047], [88.94724081000004, 22.70694307100007], [88.95598462500004, 22.703937599000028], [88.96041180100008, 22.698031239000045], [88.96178352100009, 22.691907125000057], [88.96106536000008, 22.68478588200003], [88.95293759400005, 22.68204690700003], [88.94963381900004, 22.68013101500003], [88.94814133200003, 22.67530418000007], [88.94691198300006, 22.669965983000054], [88.94506580600006, 22.663162799000077], [88.94300304500007, 22.66168566500005], [88.93568425200004, 22.65916947100004], [88.93607838900004, 22.656410808000032], [88.93347024000008, 22.652014990000055], [88.92878524000008, 22.653287566000074], [88.95771230700007, 22.620098152000025], [88.93790750500006, 22.565890584000044], [88.96566520400006, 22.539295604000074], [88.97388818700006, 22.500781595000035], [88.99589722000007, 22.46397263600005], [88.99690522800006, 22.435572569000044], [88.98344221500008, 22.41744469100007], [88.98612425600004, 22.395778646000053], [88.98368814000008, 22.372556583000062], [88.98738824700007, 22.35317058100003], [88.98506914200004, 22.325300584000047], [89.00892923600009, 22.316003546000047], [89.02427415300008, 22.297327661000054], [89.00639521900007, 22.297795706000045], [88.99872326300004, 22.282892681000078], [89.01946227000008, 22.267939701000046], [89.01658526600005, 22.25333457100004], [89.03421022900005, 22.254909698000063], [89.04857815200006, 22.21887556200005], [89.07055717900005, 22.187242593000065], [89.06689127000004, 22.157300591000023], [89.08658723300005, 22.158474562000038], [89.08930514900004, 22.142230599000072], [89.05885520400005, 22.12245266000008], [89.03944824800004, 22.09779863400007], [89.04119110100004, 22.059139252000023], [89.07571191800008, 22.001671687000055], [89.06468526200007, 21.939452924000022], [89.02664184600008, 21.92686080900006], [89.01622009300007, 21.971500396000067], [89.01559008000004, 21.927882961000023], [88.98750305200008, 21.88791656500007], [89.03080749500003, 21.846944809000036], [89.00494384800004, 21.807750702000078], [89.02744293200004, 21.75694465600003], [89.06872558600008, 21.711526870000057], [89.09622192400008, 21.657333374000075], [89.05122375400003, 21.619028092000065], [89.01992034900007, 21.65358352800007], [89.03244781500007, 21.601139070000045], [88.99333191000005, 21.611194612000077], [88.94955444300007, 21.66247177100007], [88.90955352800006, 21.639944078000042], [88.87872314400005, 21.725805282000067], [88.83472442700008, 21.774944307000055], [88.85291290300006, 21.737443924000047], [88.85291290300006, 21.660833358000048], [88.84619140600006, 21.63080596900005], [88.81747436500007, 21.623722076000035], [88.82458496100008, 21.67330551300006], [88.78955841000004, 21.657444002000034], [88.75164032000004, 21.658721925000066], [88.70285797100007, 21.725805282000067], [88.72000122100008, 21.80374908400006], [88.70291900600006, 21.829166412000063], [88.70163726800007, 21.844554901000038], [88.72660827600004, 21.899583818000053], [88.72372436600006, 21.94083404500003], [88.75164032000004, 21.97622299300008], [88.77825164800004, 22.015306473000066], [88.76280212400007, 22.04988861100003], [88.73488617000004, 22.057027817000062], [88.68530273400006, 22.067388536000067], [88.73947143500004, 22.01905632000006], [88.69322204600007, 22.013639450000028], [88.65113830500007, 22.07072258100004], [88.63780212400007, 22.041555406000043], [88.59864044200003, 22.027444840000044], [88.60121917700008, 21.969139100000064], [88.59249877900004, 21.952888490000078], [88.59872436500007, 21.94244384900003], [88.58249664300007, 21.888750076000065], [88.57707977300004, 21.870000839000056], [88.55496978800005, 21.815361024000026], [88.54374694800003, 21.867500306000068], [88.51000213600008, 21.867055893000042], [88.52788543700007, 21.919137956000043], [88.51041412500007, 21.940805435000073], [88.47705841100003, 21.894138336000026], [88.48371887200005, 21.881639480000047], [88.47372436500007, 21.834972381000057], [88.46910858100006, 21.79119491700004], [88.46622467000003, 21.72497177100007], [88.46622467000003, 21.653333665000048], [88.43497467000003, 21.606222153000033], [88.42038726800007, 21.65327835200003], [88.42285919200003, 21.71750068600005], [88.42163848900003, 21.641222001000074], [88.40953064000007, 21.59583282500006], [88.38541412400008, 21.640832901000067], [88.39497375400003, 21.693695068000068], [88.36952972400007, 21.724138260000075], [88.37580871600005, 21.693750383000065], [88.33911132800006, 21.721250535000024], [88.30869293200004, 21.72497177100007], [88.28538513200004, 21.720806122000056], [88.29875183100006, 21.689167024000028], [88.29291534400005, 21.62833404500003], [88.30208587700008, 21.568332672000054], [88.24663543700007, 21.561222076000035], [88.22247314400005, 21.62536049000005], [88.21661377000004, 21.672056199000053], [88.21205902100007, 21.72163963400004], [88.21538543700007, 21.77583313100007], [88.18372345000006, 21.839944841000033], [88.16955566400009, 21.895805359000065], [88.16077423100006, 21.965389251000033], [88.21116638200004, 22.029083252000078], [88.21702575600006, 22.109916688000055], [88.18077850300006, 22.191194534000033], [88.11997222900004, 22.206193925000036], [88.04994201800008, 22.217027664000057], [88.03830719100006, 22.207000734000076], [88.10494232200006, 22.18947220000007], [88.17283630400004, 22.132444383000063], [88.14830780000005, 22.059499740000035], [88.06163787900005, 22.01538848900003], [88.02541351300005, 21.96166610800003], [87.99874877900004, 21.898305894000032], [87.96871948300009, 21.848361969000052], [87.87958526600005, 21.80994415300006], [87.85414123500004, 21.746250152000073], [87.80080413800005, 21.695388794000053], [87.75083160400004, 21.696193696000023], [87.70664215100004, 21.660417558000063], [87.64669799800004, 21.646223070000076], [87.59835815400004, 21.637887955000053], [87.53583526600005, 21.623722076000035], [87.48497009300007, 21.61038970900006], [87.41583252000004, 21.586250306000068], [87.36583709700005, 21.579526901000065], [87.37080383300008, 21.562889099000074], [87.27997589100005, 21.556249618000038], [87.20163726800007, 21.549583435000045], [87.18497467100008, 21.553722381000057], [87.19999694800003, 21.547861099000045], [87.15164184600008, 21.52536201500004], [87.12580871600005, 21.517944337000074], [87.11791992200006, 21.51413917700006], [87.03916931100008, 21.47705650300003], [86.99330902100007, 21.415416719000063], [86.91541290300006, 21.333333969000023], [86.86788940400004, 21.264972688000057], [86.84205627400007, 21.21086120700005], [86.82705688500005, 21.169195176000073], [86.83789062500006, 21.109972001000074], [86.86125183100006, 21.052499771000043], [86.90372467100008, 20.983304979000025], [86.94127655000005, 20.90500068600005], [86.95874786400003, 20.858304977000046], [86.97372436500007, 20.814971924000076], [86.91830444300007, 20.790416717000028], [86.86761474600007, 20.775222778000057], [86.95583343500005, 20.765417099000047], [87.01122283900008, 20.734138490000078], [86.94249725400005, 20.716222763000076], [86.97413635200007, 20.709583284000075], [87.00580596900005, 20.701250078000044], [87.03250122100008, 20.702054977000046], [87.05500030500008, 20.708749771000043], [86.95996856700003, 20.64875030500008], [86.88080596900005, 20.598749161000057], [86.81833648700007, 20.55369377100004], [86.75955200200008, 20.515028], [86.74333191000005, 20.51872253500005], [86.73244476500008, 20.480388641000047], [86.73542022700008, 20.46166610800003], [86.70958709700005, 20.405805589000067], [86.73955535900006, 20.386638643000026], [86.74461364900003, 20.380777360000025], [86.77413940400004, 20.372917175000055], [86.77249908500005, 20.332056047000037], [86.72914123500004, 20.315416337000045], [86.68494415300006, 20.302083969000023], [86.71166992300004, 20.292083740000066], [86.77664184600008, 20.32958412100004], [86.79875183100006, 20.346666336000055], [86.71247100800008, 20.286222458000054], [86.67913818300008, 20.259611129000064], [86.60163879400005, 20.22455597000004], [86.53038787900005, 20.189945222000063], [86.53791809100005, 20.19163894600007], [86.51622009300007, 20.152500152000073], [86.45202636700003, 20.06997299300002], [86.42874908500005, 20.009195328000033], [86.37455749500003, 19.979166032000023], [86.34458160400004, 19.980777740000065], [86.31580352900005, 19.980388641000047], [86.37452697700007, 19.956638336000026], [86.31747436500007, 19.944583893000072], [86.26669311500007, 19.91955566400003], [86.24085998500004, 19.917083740000066], [86.21663665800008, 19.894556047000037], [86.15499878000008, 19.875389100000064], [86.09666442900004, 19.859556199000053], [86.07328033400006, 19.85455513000005], [86.05494690000006, 19.847917558000063], [85.99333190900006, 19.83705520600006], [85.93247222900004, 19.823722840000073], [85.89997100800008, 19.81458282500006], [85.85083007800006, 19.802055359000065], [85.79497528000007, 19.782917024000028], [85.75914001500007, 19.770389557000044], [85.70500183100006, 19.751249313000073], [85.63999938900008, 19.72541618300005], [85.63077545100003, 19.725389480000047], [85.65249633800005, 19.738750458000027], [85.61746978800005, 19.72455596900005], [85.53416442900004, 19.69044494600007], [85.56500244200004, 19.692054748000032], [85.48664093000008, 19.648721695000063], [85.42747497600004, 19.625389099000074], [85.31666564900007, 19.562889099000074], [85.24827575700004, 19.517889023000066], [85.17913818300008, 19.467889786000057], [85.09955597100009, 19.40500068700004], [85.05161285400004, 19.375415802000077], [85.05163574200003, 19.36788940400004], [85.04247283900008, 19.35122299300002], [84.94247436500007, 19.28122139100003], [84.91000366200007, 19.26038932800003], [84.82125091600005, 19.165000915000064], [84.79624939000007, 19.129999162000047], [84.76335907000004, 19.11205482400004], [84.72747039800004, 19.08872223000003], [84.75955200200008, 19.08663940400004], [84.76958465700005, 19.075805665000075], [84.71375274600007, 19.003334047000067], [84.67166900600006, 18.947055817000034], [84.57958221400008, 18.836666107000042], [84.51750183100006, 18.757917404000068], [84.44294738700006, 18.65999984800004], [84.36458587600004, 18.574972152000043], [84.35791778600003, 18.578306198000064], [84.34919738800005, 18.560417175000055], [84.32497406000005, 18.551250459000073], [84.34205627500006, 18.546667100000036], [84.31835937500006, 18.52122306900003], [84.24663543700007, 18.461250306000068], [84.15538787800006, 18.375833513000032], [84.11416626000005, 18.35205650300003], [84.13124847400007, 18.33166694600004], [84.08666992100007, 18.283695222000063], [84.02830505400004, 18.254583358000048], [83.99455261300005, 18.237499237000065], [83.94628143300008, 18.217472076000035], [83.93750000100005, 18.209527971000057], [83.86746978700006, 18.174583436000034], [83.8125, 18.154582977000075], [83.77413940500008, 18.137945175000027], [83.70999908400006, 18.10455513100004], [83.67585754400005, 18.082916261000037], [83.625, 18.046278], [83.57041931300006, 18.019138337000072], [83.55666351500008, 18.012887955000053], [83.54624938900008, 17.968305588000078], [83.47583007800006, 17.917083740000066], [83.45122528100006, 17.90500068800003], [83.43494415300006, 17.866222382000046], [83.38786316000005, 17.785804750000068], [83.34750366200007, 17.729583741000056], [83.28919219900007, 17.68622207800007], [83.26494598400006, 17.65122223000003], [83.22164154000006, 17.59955597100003], [83.16000366200007, 17.56038856500004], [83.11413574200003, 17.54624939000007], [83.06500244100005, 17.52541732900005], [82.99786377000004, 17.475833893000072], [82.92163848900003, 17.44124984900003], [82.89622497600004, 17.445861818000026], [82.85827636700003, 17.423721315000023], [82.85382074500006, 17.411303728000064], [82.78002929700006, 17.37788963400004], [82.64494323800005, 17.308721542000058], [82.54244232200006, 17.245416641000077], [82.44080352800006, 17.16705513000005], [82.29244232200006, 17.01872253500005], [82.27703094600008, 16.96747207800007], [82.24786377000004, 16.911638260000075], [82.25830841000004, 16.885416031000034], [82.28583526600005, 16.864583969000023], [82.32122039800004, 16.848361969000052], [82.35705566400003, 16.84163856600003], [82.36538696300005, 16.864139557000044], [82.36538696300005, 16.91497230500005], [82.33705902100007, 16.97747230500005], [82.36538696300005, 16.949167252000052], [82.36955261200006, 16.873332979000054], [82.35958099400005, 16.80333328200004], [82.34385681100008, 16.76160049400005], [82.33212280300006, 16.73526954600004], [82.28948187900005, 16.706852757000036], [82.30526041700006, 16.69887736000004], [82.34459686200006, 16.703500749000057], [82.33817291200006, 16.69065094000007], [82.35286712600004, 16.709489822000023], [82.34452819800003, 16.71310997100005], [82.35885620100004, 16.71184921400004], [82.36286926400004, 16.71467018100003], [82.35952758800005, 16.723890306000044], [82.34703826900005, 16.72654915000004], [82.37001037600004, 16.724039078000033], [82.35095214800003, 16.69426918000005], [82.32073974600007, 16.631629943000064], [82.31172943100006, 16.602819443000044], [82.28534776500004, 16.639690620000067], [82.26467719200008, 16.678206787000022], [82.26099094000006, 16.642911785000024], [82.29372406000005, 16.57666587800003], [82.26119232200006, 16.55666732800006], [82.29497528100006, 16.55788803100006], [82.26667022700008, 16.55208397000007], [82.18580627500006, 16.51791572700006], [82.07580566400003, 16.463750841000035], [82.04705810500008, 16.45913887200004], [82.02666473400006, 16.438749314000063], [81.96205902100007, 16.406639099000074], [81.94664001500007, 16.393749238000055], [81.89167022700008, 16.384555816000045], [81.81500244100005, 16.355361940000023], [81.72583007800006, 16.31122207800007], [81.72619628900003, 16.34250068600005], [81.70664215100004, 16.308750152000073], [81.68622589100005, 16.32999992500004], [81.64163971000005, 16.332889557000044], [81.57917022700008, 16.341222763000076], [81.55583190900006, 16.348749162000047], [81.55455780000005, 16.36166572700006], [81.47666931200007, 16.352056504000075], [81.39749908500005, 16.34124946700007], [81.33247375500008, 16.315416337000045], [81.27036285400004, 16.285833358000048], [81.22374725300006, 16.218305589000067], [81.20827484200004, 16.193750383000065], [81.18827819800003, 16.14291572700006], [81.19535827700008, 16.103305816000045], [81.14875030500008, 16.015861512000072], [81.13038635300006, 15.981666565000069], [81.13583374000007, 15.961222649000035], [81.06513400800003, 15.904717895000033], [81.02205657900004, 15.853333474000067], [81.00622558600008, 15.81000042100004], [81.00872039800004, 15.779166223000061], [81.03455352800006, 15.782500268000035], [80.99586486800007, 15.767055511000024], [81.01291656500007, 15.757527353000057], [80.96827697800006, 15.756278039000051], [80.95583343500005, 15.733722687000068], [80.94161224400005, 15.71205520600006], [80.89555358800004, 15.754194260000077], [80.91080474900008, 15.71544456600003], [80.86077880900007, 15.706222534000062], [80.83541870100004, 15.720000268000035], [80.81202697800006, 15.747471811000025], [80.78622436500007, 15.827472688000057], [80.78871917700008, 15.818333626000026], [80.81625366200007, 15.81166648900006], [80.76999664300007, 15.869527818000051], [80.70827484100005, 15.879555703000051], [80.64661407500006, 15.877055168000027], [80.60083007800006, 15.870444299000042], [80.54499816900005, 15.85294437400006], [80.52413940500008, 15.845360756000048], [80.45744323700006, 15.817944527000066], [80.40077972400007, 15.786222458000054], [80.33419799800004, 15.73705577800007], [80.26830291800007, 15.667055130000051], [80.26208496100008, 15.64916706200006], [80.23044586200007, 15.57250023000006], [80.22877502600005, 15.543333055000062], [80.20833587600004, 15.510416985000063], [80.20580291800007, 15.492083549000029], [80.20874786400003, 15.477472305000049], [80.15705871600005, 15.40999984900003], [80.10539245600006, 15.331666946000041], [80.10041809000006, 15.30666637400003], [80.08541870100004, 15.24497223000003], [80.08125305200008, 15.183305740000037], [80.06625366200007, 15.151666641000077], [80.05039215000005, 15.094139099000074], [80.05374908400006, 15.01411151900004], [80.06372070300006, 14.968333245000053], [80.07785797100007, 14.90913868000007], [80.08625030500008, 14.809971809000047], [80.09774450900005, 14.792588933000047], [80.12958526600005, 14.728333473000077], [80.11702728300008, 14.73080539800003], [80.13410949700005, 14.692055702000062], [80.15039062500006, 14.688333511000053], [80.16625213600008, 14.627499582000041], [80.18161010800003, 14.585416794000025], [80.16410827600004, 14.566222191000065], [80.18622589100005, 14.537471771000071], [80.17708587700008, 14.44330596900005], [80.17036438000008, 14.375833513000032], [80.14538574200003, 14.287500383000065], [80.12750244100005, 14.253722192000055], [80.10458374000007, 14.245778084000051], [80.13205719000007, 14.219139100000064], [80.13288879400005, 14.10580539700004], [80.12622070300006, 14.066694261000066], [80.14788818300008, 14.041666984000074], [80.16124725300006, 14.009166719000063], [80.18708038300008, 13.948333741000056], [80.21624755800008, 13.88080596900005], [80.24121856700003, 13.822472574000074], [80.24958038300008, 13.805000307000057], [80.23872375500008, 13.727444648000073], [80.23705291700009, 13.643333435000045], [80.26291656500007, 13.576639175000025], [80.29621887200005, 13.490777971000057], [80.31625366200007, 13.439167023000039], [80.32333374000007, 13.400388719000034], [80.32955932600004, 13.397472382000046], [80.32497406100003, 13.444527626000024], [80.33955383400007, 13.366666794000025], [80.34622192300003, 13.283305169000073], [80.31625366200007, 13.23080539700004], [80.30791473400006, 13.207471848000068], [80.32869720400004, 13.216666222000072], [80.31041717500005, 13.15747261200005], [80.29538726800007, 13.100805284000046], [80.30455780100004, 13.095777511000051], [80.28289032000004, 13.055832863000035], [80.27580261200006, 13.009583474000067], [80.26288604700005, 12.949138641000047], [80.25289154100005, 12.88080597100003], [80.24955749500003, 12.803333284000075], [80.23958587700008, 12.814167023000039], [80.23538970900006, 12.822472572000038], [80.24246978700006, 12.800389290000055], [80.25289154100005, 12.769971849000058], [80.23041534400005, 12.708305360000054], [80.20539093000008, 12.634166719000063], [80.17874908500005, 12.554972649000035], [80.15911102300004, 12.513722420000022], [80.15708160400004, 12.46997261000007], [80.11289215100004, 12.44330597000004], [80.07872009300007, 12.35999965800005], [80.02288818300008, 12.28166675600005], [79.98288726800007, 12.242500305000021], [79.99955749500003, 12.237500191000038], [79.94708252100008, 12.156639099000074], [79.88455200200008, 12.0625], [79.85622406000005, 12.0], [79.84202575700004, 11.951639175000025], [79.83122253400006, 11.903306007000026], [79.82538604700005, 11.903333664000058], [79.81291961700003, 11.873305322000022], [79.80705261200006, 11.826666832000058], [79.79621887200005, 11.774138450000066], [79.78791809100005, 11.728361131000042], [79.76036071800007, 11.675805092000076], [79.77375030600007, 11.677472114000068], [79.76205444300007, 11.62083339700007], [79.76291656500007, 11.529999734000057], [79.76830291900006, 11.485416413000053], [79.81124877900004, 11.432472229000041], [79.82375335700004, 11.376667024000028], [79.80580902100007, 11.366250039000022], [79.78916931200007, 11.370444299000042], [79.83708190900006, 11.335833551000064], [79.84371948300003, 11.259139062000031], [79.85624694800003, 11.196611404000066], [79.85791778600003, 11.078277589000038], [79.85455322200005, 10.981613414000037], [79.84583282600005, 10.825416565000069], [79.85041809100005, 10.767499924000049], [79.85458374000007, 10.647500038000032], [79.85958099400005, 10.546638489000031], [79.86705780100004, 10.428305626000054], [79.87625122100008, 10.335833549000029], [79.87625122100008, 10.318333626000026], [79.87208557100007, 10.300805092000076], [79.87333679200003, 10.295416832000058], [79.80413818300008, 10.280388832000028], [79.77958679200003, 10.30833339700007], [79.70996856700003, 10.327055931000075], [79.66705322400009, 10.329999924000049], [79.63955688500005, 10.346638681000059], [79.63163757300003, 10.339555742000073], [79.57330322200005, 10.312889099000074], [79.58413696300005, 10.329583168000056], [79.58750152500005, 10.34372234500006], [79.53997039800004, 10.339611053000056], [79.52330780000005, 10.333722115000057], [79.49461364800004, 10.332500458000027], [79.46333313000008, 10.349583627000072], [79.48332977300004, 10.33711147300005], [79.46663665800008, 10.32455539800003], [79.51916503900003, 10.312055588000021], [79.46330261200006, 10.316222192000055], [79.37666320800008, 10.298749925000038], [79.34083557100007, 10.287027360000025], [79.27375030500008, 10.238277435000043], [79.24205780000005, 10.164972305000049], [79.23958587700008, 10.129138948000048], [79.24246978800005, 10.073749543000076], [79.25833129900008, 10.034583092000048], [79.18580627500006, 9.959555627000043], [79.13747406000005, 9.902916908000066], [79.12169647200005, 9.861277580000035], [79.08036041300005, 9.80994415300006], [79.02205658100007, 9.74416637400003], [78.97538757300003, 9.672444343000052], [78.95919799800004, 9.624555588000021], [78.93208313000008, 9.57994461100003], [78.92455291700009, 9.524971963000041], [78.91038513200004, 9.456639290000055], [78.98036193800004, 9.364999771000043], [78.97250366200007, 9.33458328200004], [79.00624847400007, 9.339166641000077], [79.06497192400008, 9.297888756000077], [79.12083435000005, 9.288694382000074], [79.17580413800005, 9.284555436000062], [79.13913726800007, 9.269555092000076], [79.07166290300006, 9.258749962000024], [79.00416564900007, 9.270388603000072], [78.92377471900005, 9.259972574000074], [78.87002563500005, 9.252083778000042], [78.78833007800006, 9.22622203800006], [78.71958160400004, 9.19669437400006], [78.67163848900003, 9.189555168000027], [78.65497589100005, 9.15122223000003], [78.58080291700009, 9.127083778000042], [78.50914001500007, 9.129583360000026], [78.48374939000007, 9.128333091000059], [78.41999816900005, 9.110361099000045], [78.36830902100007, 9.092055321000032], [78.31747436500007, 9.032860756000048], [78.26875305200008, 9.01333332200005], [78.23249816900005, 8.97622203900005], [78.18205261200006, 8.908333778000042], [78.16708374100006, 8.83833313100007], [78.16038513200004, 8.79330539800003], [78.16000366200007, 8.752055168000027], [78.15660858100006, 8.75041675500006], [78.19455719000007, 8.76830577800007], [78.18000030600007, 8.747083665000048], [78.14414215100004, 8.69955539700004], [78.12377929700006, 8.650805473000048], [78.12583160400004, 8.63624954200003], [78.12833404500003, 8.59541702200005], [78.13708496200007, 8.581666946000041], [78.12372589100005, 8.52747249600003], [78.09371948200004, 8.453305244000035], [78.06041717500005, 8.384944917000041], [78.06080627400007, 8.371250152000073], [78.0, 8.346305847000053], [77.92916870100004, 8.296250343000054], [77.87000274600007, 8.264555932000064], [77.80913543700007, 8.241250039000022], [77.76997375500008, 8.191194535000022], [77.69333648700007, 8.162917137000022], [77.63747406000005, 8.15541648900006], [77.58413696200006, 8.13705539800003], [77.56708526600005, 8.088333130000024], [77.50830841100003, 8.081250190000048], [77.45417022700008, 8.091278076000037], [77.39663696300005, 8.107916833000047], [77.33747100800008, 8.125416757000039], [77.28833007800006, 8.154555322000022], [77.22499847400007, 8.192111017000059], [77.16413879400005, 8.249610902000029], [77.09830474900008, 8.287888528000053], [77.01247406000005, 8.350388527000064], [76.97666931200007, 8.383749961000035], [76.97086334300008, 8.408749580000062], [76.95622253400006, 8.424139024000056], [76.90372467000003, 8.484972001000074], [76.86955261200006, 8.526638986000023], [76.78458404600008, 8.633305549000056], [76.73041534400005, 8.699166299000069], [76.67955780000005, 8.77083301500005], [76.64038848900003, 8.824972153000033], [76.56999969500004, 8.875389099000074], [76.54125213600008, 8.926666261000037], [76.57164001500007, 8.920389175000025], [76.59291839600007, 8.939138412000034], [76.59455871600005, 8.946666719000063], [76.60372161800007, 8.954999924000049], [76.62333679200003, 8.965416908000066], [76.63580322300004, 8.952917100000036], [76.64580535900006, 8.965389252000023], [76.67044067300003, 8.959972383000036], [76.65374755800008, 8.973333359000037], [76.64416503900003, 8.97702789300007], [76.66124725300006, 8.98499965600007], [76.64455413800005, 8.997471811000025], [76.62416839600007, 8.981249809000076], [76.60749816900005, 8.990416528000026], [76.58039093000008, 8.96997261000007], [76.56330871600005, 8.954527856000027], [76.56497192400008, 8.971249582000041], [76.55371856700003, 8.968305588000021], [76.54166412400008, 8.932916641000077], [76.52619171100008, 8.979139329000077], [76.50878143300008, 9.032500268000035], [76.46291351300005, 9.137527466000051], [76.48662567100007, 9.12000036400002], [76.48122406100003, 9.158333778000042], [76.47789001500007, 9.16749954200003], [76.45625305200008, 9.172527314000035], [76.44205474900008, 9.23333358800005], [76.43205261200006, 9.22083378000002], [76.44786071800007, 9.17249965800005], [76.44869232200006, 9.16250038100003], [76.41205596900005, 9.246639252000023], [76.39333343500005, 9.321249961000035], [76.37372589100005, 9.330805780000048], [76.34622192400008, 9.395860673000072], [76.32619476300005, 9.453332901000067], [76.31375122100008, 9.509139062000031], [76.30541992200006, 9.566666603000044], [76.29289245600006, 9.65747261000007], [76.28375244100005, 9.746639253000069], [76.27874755800008, 9.773361206000061], [76.26205444300007, 9.85580539700004], [76.25122070300006, 9.903333665000048], [76.23791504000008, 9.954138756000077], [76.27694702100007, 9.93144416900003], [76.27539062500006, 9.960833551000064], [76.27458190900006, 9.983361244000037], [76.26663970900006, 10.026249887000063], [76.23955535900006, 10.033305169000073], [76.24205780100004, 9.987500191000038], [76.21458435000005, 10.015832902000056], [76.19291687000003, 10.079194069000039], [76.18624877900004, 10.113305093000065], [76.17661285400004, 10.140388489000031], [76.17705535900006, 10.182472229000041], [76.18080902100007, 10.192055702000062], [76.15455627500006, 10.190833092000048], [76.14211273200004, 10.242500306000068], [76.12786102300004, 10.299972534000062], [76.09786224400005, 10.37747192300003], [76.06788635300006, 10.446666718000074], [76.05789184600008, 10.478333474000067], [76.04452514700006, 10.51000023000006], [76.05413818400007, 10.533749580000062], [76.05836486800007, 10.542916298000023], [76.03121948200004, 10.534166336000055], [76.00369262700008, 10.582500459000073], [75.97628021200006, 10.645000459000073], [75.94705200200008, 10.714166641000077], [75.94039154000006, 10.738305092000076], [75.92416381900006, 10.784583091000059], [75.94080352800006, 10.801221849000058], [75.90958404600008, 10.822472572000038], [75.90955352800006, 10.795805932000064], [75.90039062500006, 10.836667061000071], [75.89291381800007, 10.885777474000065], [75.87708282500006, 10.955833435000045], [75.85539245600006, 11.029166221000025], [75.83872223000003, 11.092499734000057], [75.83916473400006, 11.126194001000044], [75.86875152600004, 11.11830520600006], [75.82583618100006, 11.123722076000035], [75.82499694800003, 11.154555321000032], [75.82414245700005, 11.177055359000065], [75.79541778600003, 11.186611176000042], [75.80083465600006, 11.231222153000033], [75.76875305300007, 11.255833626000026], [75.74874877900004, 11.310832977000075], [75.74622345000006, 11.347472192000055], [75.73371887200005, 11.346638679000023], [75.71289062500006, 11.397527695000065], [75.65247344900007, 11.467082977000075], [75.61538696300005, 11.497500419000062], [75.59625244100005, 11.553333284000075], [75.59371948200004, 11.577472687000068], [75.58372497500005, 11.588333130000024], [75.55458068800004, 11.658333778000042], [75.54080200200008, 11.712861062000059], [75.49708557100007, 11.73333358800005], [75.47744751000005, 11.767055511000024], [75.45835876400008, 11.776222229000041], [75.45747375500008, 11.779555322000022], [75.40621948200004, 11.83413887000006], [75.35541534400005, 11.864194870000063], [75.31705474800003, 11.920000078000044], [75.32250213600008, 11.940416336000055], [75.32333374000007, 11.947889329000077], [75.30458068900003, 11.96663856500004], [75.29785919200003, 11.975028039000051], [75.29041290300006, 11.96997261000007], [75.25003051700008, 12.004611015000023], [75.20044708300003, 12.005833626000026], [75.16705322400003, 12.07999992300006], [75.13461303700007, 12.162471771000071], [75.13041687000003, 12.206639290000055], [75.10708618100006, 12.229166984000074], [75.08374786400003, 12.290833474000067], [75.04953002900004, 12.366666793000036], [75.00708007800006, 12.43419456600003], [74.98872375500008, 12.472499847000051], [75.00080871600005, 12.492083551000064], [74.98538971000005, 12.481638908000036], [74.94208526600005, 12.579138757000067], [74.94125366200007, 12.58997249600003], [74.91791534400005, 12.63833332200005], [74.89244079600007, 12.703722001000074], [74.87622070400005, 12.726611137000077], [74.84461212200006, 12.796667100000036], [74.83374786400003, 12.83080577800007], [74.86875152500005, 12.839166641000077], [74.83122253400006, 12.857472421000068], [74.81539154100005, 12.891611099000045], [74.82122039800004, 12.854194642000039], [74.80958557100007, 12.904999734000057], [74.80452728200004, 12.929166794000025], [74.79208374000007, 12.986639023000066], [74.77705383300008, 13.07330513100004], [74.77874755900007, 13.09416675500006], [74.76955413800005, 13.09163856500004], [74.75872039900008, 13.141638756000077], [74.74119567900004, 13.201666832000058], [74.72877502500006, 13.254944801000022], [74.69541931100008, 13.343277931000046], [74.69999694800003, 13.345417024000028], [74.69452667200005, 13.409999847000051], [74.69789123600003, 13.429972650000025], [74.70288848900003, 13.428333283000029], [74.71119690000006, 13.439194679000025], [74.69791412300003, 13.465000152000073], [74.68452453600008, 13.50580596900005], [74.67541503900003, 13.578332901000067], [74.67205810500008, 13.632472040000039], [74.67996978800005, 13.618694305000076], [74.69953155500008, 13.627499580000062], [74.71583557100007, 13.642916679000052], [74.68164062500006, 13.65625], [74.66877746600005, 13.661694526000076], [74.65333557100007, 13.662860872000067], [74.63791656500007, 13.721638679000023], [74.62541961700003, 13.784944535000022], [74.61038971100004, 13.847472191000065], [74.58452606200007, 13.920805932000064], [74.56080627500006, 13.942055702000062], [74.53624725400005, 13.964166643000056], [74.51208496100008, 13.99416637400003], [74.52919769300007, 14.022055627000043], [74.50661468500005, 14.042083740000066], [74.49291992200006, 14.074972152000043], [74.48369598400006, 14.114166260000047], [74.47119140600006, 14.176666260000047], [74.45124816900005, 14.207500459000073], [74.43119812000003, 14.263305664000029], [74.45455932600004, 14.247471809000047], [74.51413726800007, 14.241222383000036], [74.48664093000008, 14.274582862000045], [74.43244171300006, 14.285361290000026], [74.42708587700008, 14.285805703000051], [74.41124725300006, 14.335778236000067], [74.39955902100007, 14.390805244000035], [74.38830566400003, 14.413749694000046], [74.37955474900008, 14.447472572000038], [74.35913848900003, 14.49788856500004], [74.37580871600005, 14.538749695000035], [74.36372375500008, 14.54577732100006], [74.35958099400005, 14.54249954200003], [74.33994293200004, 14.511221886000044], [74.30288696300005, 14.564167024000028], [74.30374908500005, 14.590000154000052], [74.34916687000003, 14.602916719000063], [74.31961059600008, 14.611611366000034], [74.29000091600005, 14.596194268000033], [74.28202819800003, 14.63247203800006], [74.28330230700004, 14.642916679000052], [74.27455902100007, 14.669138908000036], [74.26916503900003, 14.70958328200004], [74.26372528000007, 14.712499618000038], [74.21080780100004, 14.730416299000069], [74.19039154100005, 14.733305931000075], [74.16288757300003, 14.755777359000035], [74.13246917800006, 14.77455520600006], [74.10952758800005, 14.787444115000028], [74.11080932600004, 14.793749809000076], [74.12916564900007, 14.836250306000068], [74.16455841100003, 14.824972154000022], [74.16413879400005, 14.842861175000053], [74.13249969500004, 14.842055322000022], [74.10544586200007, 14.868305208000038], [74.06749725300006, 14.90541648900006], [74.04374694900008, 14.933333398000059], [74.04961395300006, 14.960000038000032], [74.04333496100008, 14.987055780000048], [74.02666473400006, 15.008722306000038], [73.99041748000008, 15.023305894000032], [73.97372436500007, 15.054972649000035], [73.93080902100007, 15.083722115000057], [73.92747497500005, 15.111249924000049], [73.95708465700005, 15.136638641000047], [73.94628143400007, 15.158305168000027], [73.92788696300005, 15.230028152000045], [73.90869140600006, 15.292499543000076], [73.88124847400007, 15.362500192000027], [73.82997131400003, 15.36958313100007], [73.79244232200006, 15.392916680000042], [73.81788635300006, 15.403333664000058], [73.85163879400005, 15.40041637400003], [73.86830902100007, 15.427916526000047], [73.81414031900005, 15.451250076000065], [73.80874633800005, 15.472444535000022], [73.80327606200007, 15.495444299000042], [73.77752685600007, 15.488750458000027], [73.75375366300005, 15.54330539800003], [73.73455810600007, 15.601638794000053], [73.75413513200004, 15.625389099000074], [73.77916717500005, 15.652055742000073], [73.73124694800003, 15.61997223000003], [73.70708465600006, 15.669138908000036], [73.69333648700007, 15.71711158900007], [73.69789123600003, 15.727472307000028], [73.66583251900005, 15.73455524600007], [73.66705322300004, 15.755000116000076], [73.66625213700007, 15.808305740000037], [73.64038848900003, 15.819110870000031], [73.61250305200008, 15.863694192000025], [73.60624695000007, 15.877499580000062], [73.58496856700003, 15.910416603000044], [73.53500366200007, 15.932055473000048], [73.50791931200007, 15.969194413000025], [73.50497436500007, 15.96372223000003], [73.48872375500008, 16.02413940400004], [73.45788574200003, 16.061695099000076], [73.45952606200007, 16.085805893000042], [73.46788787900005, 16.125804902000027], [73.46458435000005, 16.093305588000078], [73.44628143300008, 16.166666031000034], [73.44708251900005, 16.19830513100004], [73.43497467000003, 16.197916032000023], [73.41625213600008, 16.252471924000076], [73.42663574200003, 16.282054902000027], [73.40544128400006, 16.29497146700004], [73.38952636700003, 16.350805282000067], [73.40663909900007, 16.359556199000053], [73.37163543800006, 16.37375068800003], [73.38333129900008, 16.389554978000035], [73.44163513200004, 16.40788841400007], [73.43916320800008, 16.41205596900005], [73.38539123600003, 16.39913940400004], [73.36003112800006, 16.44124984700005], [73.37496948200004, 16.445388794000053], [73.33830261300005, 16.477916719000063], [73.32041931100008, 16.516666413000053], [73.32994079600007, 16.555360794000023], [73.36458587700008, 16.51416587800003], [73.36205291700003, 16.487443924000047], [73.38996887200005, 16.50794410800006], [73.43080902100007, 16.504554748000032], [73.39250183100006, 16.512887954000064], [73.36997223000003, 16.538749696000025], [73.35705566400003, 16.552499771000043], [73.40125274800005, 16.545778274000043], [73.37664031900005, 16.55208397000007], [73.34539032000004, 16.566638947000058], [73.32122039800004, 16.601610184000037], [73.34833526600005, 16.598722457000065], [73.37541961700003, 16.62666702300004], [73.39916992200006, 16.588750839000056], [73.39749908400006, 16.61788940400004], [73.36955261200006, 16.63080596900005], [73.34291839600007, 16.625833513000032], [73.33374786400003, 16.655027389000054], [73.33416748000008, 16.687915802000077], [73.30708313000008, 16.728305817000034], [73.30869293300003, 16.779972076000035], [73.34161377000004, 16.784526825000057], [73.34419250500008, 16.831222534000062], [73.29702758800005, 16.813333511000053], [73.29000091600005, 16.854583741000056], [73.30830383300008, 16.887027740000065], [73.28580474800003, 16.889610290000064], [73.28289032000004, 16.949138641000047], [73.30374908400006, 16.96997261000007], [73.33119201700003, 16.95166587800003], [73.31539154100005, 16.975805283000057], [73.27705383300008, 16.985805511000024], [73.27666473300008, 17.022888183000077], [73.26994323700006, 17.044584275000034], [73.28952789300007, 17.00333404500003], [73.30249786400003, 17.032917024000028], [73.29624938900008, 17.04663848900003], [73.29666900700005, 17.067083359000037], [73.28708648700007, 17.088277817000062], [73.27330780000005, 17.108778], [73.27208709700005, 17.149944305000076], [73.23708343500005, 17.191667557000073], [73.24791717500005, 17.21997261200005], [73.22536468500005, 17.26080513000005], [73.20291900600006, 17.28000068600005], [73.20541381800007, 17.298334123000075], [73.24375152600004, 17.279972076000035], [73.26041412400008, 17.27913856600003], [73.29955291800007, 17.29163932800003], [73.25669097900004, 17.29624939100006], [73.23497009300007, 17.317054748000032], [73.22577667200005, 17.349582673000043], [73.20749664300007, 17.379528046000075], [73.17500305200008, 17.404527664000057], [73.20500183100006, 17.433721543000047], [73.19247436600006, 17.437915803000067], [73.19119262800007, 17.510833741000056], [73.14580535900006, 17.542083740000066], [73.16247558600008, 17.567083360000026], [73.19708252100008, 17.580833435000045], [73.19247436600006, 17.587083816000074], [73.15455627400007, 17.592472076000035], [73.13038635200007, 17.63333320600003], [73.12374877900004, 17.661666871000023], [73.13827514700006, 17.70375061200002], [73.11788940500003, 17.764999389000025], [73.09747314500004, 17.80374908400006], [73.10997009300007, 17.834554672000024], [73.09833526600005, 17.847084047000067], [73.08080291800007, 17.89458275000004], [73.05622100800008, 17.913333893000072], [73.07583618100006, 17.933721544000036], [73.03497314400005, 17.955389023000066], [73.05080413900004, 17.980388643000026], [73.09093093900003, 17.98833274800006], [73.04580688500005, 17.98791694700003], [73.03916931200007, 17.981250763000048], [73.02083587600004, 18.025388719000034], [73.03833007900005, 18.047082901000067], [73.01455688500005, 18.034166336000055], [73.0, 18.068695068000068], [72.98036193900003, 18.11080551300006], [72.99124908500005, 18.155776978000063], [72.98247528100006, 18.19286155700007], [72.93377685500008, 18.216667177000033], [72.93785858100006, 18.270805359000065], [72.97374725300006, 18.262472153000033], [73.00164032000004, 18.247083665000048], [73.06663513200004, 18.222055436000062], [73.07577514600007, 18.153722763000076], [73.08496856600004, 18.169584274000044], [73.07333374000007, 18.240417480000076], [73.04875183100006, 18.287500383000065], [73.08458709700005, 18.321666717000028], [73.04877471900005, 18.279193878000058], [73.00583648700007, 18.284610748000034], [72.96878051800007, 18.304166794000025], [72.95958709700005, 18.319972992000032], [72.92250061100003, 18.346250534000035], [72.92786407500006, 18.384971618000066], [72.90541839700006, 18.428304672000024], [72.90460968000008, 18.5], [72.92253112800006, 18.530389785000068], [72.97288513200004, 18.507472992000032], [72.99872589100005, 18.482500076000065], [72.93753051900006, 18.542861940000023], [72.90208435100004, 18.593305589000067], [72.89955902100007, 18.63330650300003], [72.86705780000005, 18.662500383000065], [72.86374664300007, 18.71500015400005], [72.86791992200006, 18.800806046000048], [72.90914154000006, 18.792943955000055], [72.97166442900004, 18.791221620000044], [72.98622131300004, 18.74330520600006], [72.99038696300005, 18.74669456600003], [72.98497009300007, 18.801221847000022], [72.99830627400007, 18.806194307000055], [72.98542022700008, 18.856637956000043], [72.92669677700007, 18.850444794000055], [72.90875244100005, 18.897443773000077], [72.94750213800006, 18.891222], [72.96038818300008, 18.91247177100007], [72.96252441400003, 18.95041656500007], [72.97538757400008, 18.958360672000026], [72.98371887200005, 18.96663856600003], [73.02960968000008, 18.98997306800004], [73.05002594000007, 19.01286125200005], [73.05247497500005, 19.020416261000037], [73.01875305200008, 19.00163841400007], [73.0, 19.016222001000074], [72.99416351300005, 19.06624984700005], [72.99333190900006, 19.09044456400005], [72.97958374000007, 19.120000839000056], [72.98374939000007, 19.14997291700007], [72.98205566400003, 19.174569131000055], [72.95622253400006, 19.13997268600008], [72.95541381800007, 19.093334199000026], [72.95497131400003, 19.075387956000043], [72.96041870100004, 19.045000077000054], [72.91627502400007, 19.000000001000046], [72.88625335700004, 19.009971620000044], [72.86044311500007, 18.98580551300006], [72.85036468500005, 18.957471847000022], [72.83997345000006, 18.917943954000066], [72.81747436500007, 18.89622306900003], [72.81996917700008, 18.916221620000044], [72.79452514600007, 18.93913841400007], [72.80538940400004, 18.975805283000057], [72.82252502600005, 19.017889024000056], [72.81919097900004, 19.04205513100004], [72.83330535900006, 19.09205627500006], [72.81663513300003, 19.12622261200005], [72.83169555600006, 19.161222459000044], [72.80705261200006, 19.15163803100006], [72.78958130000007, 19.139944076000063], [72.79621887200005, 19.17661094700003], [72.81874847500006, 19.22747230500005], [72.81994628900003, 19.24625015400005], [72.79794311500007, 19.207500459000073], [72.77791595500008, 19.219999314000063], [72.78541565000006, 19.280805588000078], [72.80500030600007, 19.298721314000034], [72.85744476300005, 19.315416336000055], [72.90166473400006, 19.28705596900005], [72.85788726800007, 19.346666336000055], [72.82830810500008, 19.33455467300007], [72.77500152600004, 19.35375023000006], [72.76372528100006, 19.405805589000067], [72.74624633800005, 19.464166641000077], [72.79830932600004, 19.495361328000058], [72.84455871600005, 19.514165879000075], [72.88747406000005, 19.525388717000055], [72.84038543700007, 19.52413940400004], [72.79247283900008, 19.506250382000076], [72.76330566400003, 19.50622177100007], [72.72208404600008, 19.557500839000056], [72.73083496100008, 19.59375], [72.72416687000003, 19.63208389400006], [72.70874786300004, 19.68161201600003], [72.69622039800004, 19.72411155700007], [72.68872070300006, 19.749139786000057], [72.69083404500003, 19.804555894000032], [72.66539001400008, 19.824138641000047], [72.68830871600005, 19.86624908600004], [72.67455291800007, 19.923360824000042], [72.68952941900005, 19.956638336000026], [72.74416351300005, 19.941223145000038], [72.72416687000003, 19.96872139000004], [72.71794128400006, 20.014944076000063], [72.71583557200006, 20.08122253500005], [72.74038696300005, 20.149944305000076], [72.76333618200005, 20.21372222900004], [72.74541473400006, 20.21911048800007], [72.75497436600006, 20.264554977000046], [72.77291870100004, 20.304971695000063], [72.81330871700004, 20.354583740000066], [72.82872009300007, 20.40500068600005], [72.82878112800006, 20.41911125200005], [72.85871887200005, 20.469165803000067], [72.88708496100008, 20.52249908600004], [72.89208221400008, 20.553361894000034], [72.89624786400003, 20.600833893000072], [72.90911102300004, 20.630416871000023], [72.88916778600003, 20.658721924000076], [72.85791778500004, 20.710805893000042], [72.86663818400007, 20.736278535000054], [72.93041992200006, 20.75913810800006], [72.86494445800008, 20.74875068700004], [72.86416626000005, 20.791221618000066], [72.84872436500007, 20.810028077000027], [72.81708526600005, 20.842472076000035], [72.78622436500007, 20.90833282500006], [72.82125091500006, 20.91749954200003], [72.84252929700006, 20.949583053000026], [72.84080505400004, 20.95708274800006], [72.83419799800004, 20.963693618000036], [72.77791595500008, 20.945833207000078], [72.74375152600004, 20.96997261000007], [72.72875213800006, 21.025806428000067], [72.76333618200005, 21.04794502200008], [72.78125, 21.047472001000074], [72.82166290300006, 21.032054901000038], [72.8125, 21.045360565000067], [72.81916809100005, 21.090415956000072], [72.79164123500004, 21.071250915000064], [72.74666595500008, 21.085388183000077], [72.70372009300007, 21.09669494800005], [72.73997497500005, 21.140417100000036], [72.76999664300007, 21.178777696000054], [72.71997070300006, 21.144556047000037], [72.67416381800007, 21.154582979000054], [72.65166473400006, 21.088750839000056], [72.63458252000004, 21.086666107000042], [72.63416290200007, 21.127889633000052], [72.63664245600006, 21.131250383000065], [72.62083435100004, 21.17874908600004], [72.65789031900005, 21.224166871000023], [72.69625091600005, 21.19583320600003], [72.72833251900005, 21.20458412100004], [72.67910766600005, 21.220388412000034], [72.64830780000005, 21.234582901000067], [72.63747406000005, 21.26205635200006], [72.63625335700004, 21.289167404000068], [72.62208557100007, 21.29497146700004], [72.60369110100004, 21.289167404000068], [72.61077880900007, 21.317054748000032], [72.62952423100006, 21.326665880000064], [72.63502502400007, 21.335416794000025], [72.65583038400007, 21.346195222000063], [72.68330383300008, 21.355417251000063], [72.65502929700006, 21.35202789400006], [72.66535949800004, 21.38997268600008], [72.69789123500004, 21.447471619000055], [72.73124694900008, 21.450000763000048], [72.75122070300006, 21.44497299300008], [72.73872375500008, 21.45249939100006], [72.71336364700005, 21.469583511000053], [72.65914154100005, 21.45041656500007], [72.66541290300006, 21.475805283000057], [72.70038604700005, 21.522443773000077], [72.77161407400007, 21.59291648800007], [72.82250213600008, 21.61038970900006], [72.85077667300004, 21.67124939000007], [72.89746856700003, 21.663694381000028], [72.91166687000003, 21.682916641000077], [72.85169220100005, 21.684555055000033], [72.77416992300004, 21.667083740000066], [72.70833587700008, 21.680416109000078], [72.65413665800008, 21.682056427000077], [72.59333038300008, 21.678722382000046], [72.52874755900007, 21.67083358800005], [72.54289245600006, 21.734167100000036], [72.55833435100004, 21.757055284000046], [72.57128143300008, 21.800806047000037], [72.58372497600004, 21.824138642000037], [72.59455871700004, 21.852527620000046], [72.61872100800008, 21.90586090100004], [72.65666961800008, 21.948694230000058], [72.71916961600004, 21.940416336000055], [72.74375152600004, 21.987472534000062], [72.71752929700006, 21.952028275000032], [72.68250274700006, 21.965415956000072], [72.61413574200003, 21.948722841000063], [72.55913543700007, 21.911222459000044], [72.52246856700003, 21.903749466000022], [72.50711059600008, 21.94330596900005], [72.51750183100006, 21.972055436000062], [72.52330780100004, 21.983722688000057], [72.51750183100006, 21.99625015400005], [72.51916503900003, 22.01291656500007], [72.51705932600004, 22.035833359000037], [72.53202819800003, 22.090805054000043], [72.54792022700008, 22.142471315000023], [72.57583618100006, 22.194555284000046], [72.64583587600004, 22.216222763000076], [72.71169281000005, 22.184583665000048], [72.76916503900003, 22.18538856500004], [72.78202819900008, 22.213306427000077], [72.80830383300008, 22.234582901000067], [72.81747436500007, 22.25208282500006], [72.85336303700007, 22.24538803200005], [72.89416503900003, 22.242889406000074], [72.87538909900007, 22.279167177000033], [72.78205871600005, 22.246665956000072], [72.73413848800004, 22.235416414000042], [72.69660949700005, 22.25208282500006], [72.64583587600004, 22.28036117700003], [72.58413696300005, 22.292083742000045], [72.53375244100005, 22.29916572600007], [72.53080749500003, 22.283750534000035], [72.45788574200003, 22.239166260000047], [72.42500305200008, 22.21538925300007], [72.42622375500008, 22.222444535000022], [72.41291809000006, 22.23994445900007], [72.39702606200007, 22.302473070000076], [72.35622406000005, 22.314138412000034], [72.34497070300006, 22.293722153000033], [72.32952880900007, 22.29833412200003], [72.32910919300008, 22.27208328200004], [72.31830597000004, 22.23538970900006], [72.29669189600008, 22.238750458000027], [72.29000091500006, 22.243749620000074], [72.29538726800007, 22.203306198000064], [72.30705261200006, 22.14749908400006], [72.28121948200004, 22.09250068700004], [72.25291442900004, 22.044166566000058], [72.21583557200006, 22.007888795000042], [72.18291473400006, 22.020833969000023], [72.23538971000005, 22.00333404500003], [72.24041748000008, 21.943332672000054], [72.21252441400003, 21.952888490000078], [72.16999816900005, 21.953777313000046], [72.21080780000005, 21.950387954000064], [72.24952697800006, 21.910804750000068], [72.25705719000007, 21.87666702200005], [72.25375366200007, 21.81830597000004], [72.21788787900005, 21.848304750000068], [72.20417022700008, 21.840389252000023], [72.18872070300006, 21.835832595000056], [72.17916870100004, 21.81538963400004], [72.20122528100006, 21.810832979000054], [72.21244812000003, 21.79874992400005], [72.22747039800004, 21.770389558000034], [72.23711395300006, 21.758361816000047], [72.23122406000005, 21.73166656500007], [72.24666595500008, 21.70708274800006], [72.28121948200004, 21.690000534000035], [72.30371856700003, 21.63752746600005], [72.27955627400007, 21.592472077000025], [72.26288604700005, 21.53419494700006], [72.23705291800007, 21.464166641000077], [72.17041778600003, 21.38252830500005], [72.10539245600006, 21.30580520600006], [72.11166381800007, 21.297945024000057], [72.09580230700004, 21.261222839000027], [72.09913635200007, 21.219528198000035], [72.07003021200006, 21.18038940400004], [72.01330566400003, 21.14955520600006], [71.97663879400005, 21.122304916000076], [71.93413543700007, 21.114055634000067], [71.87666320800008, 21.08913803200005], [71.79416656500007, 21.05088806300006], [71.77994537300003, 21.060888290000037], [71.80661010700004, 21.036693574000026], [71.77246856700003, 21.062555313000075], [71.75538635200007, 21.041389467000045], [71.78080749500003, 21.034276962000035], [71.73327636700003, 21.017665864000037], [71.68113708500005, 21.0], [71.62625122000003, 20.981637956000043], [71.61914062500006, 20.96872139100003], [71.57955932600004, 20.953277589000038], [71.53538513200004, 20.946666717000028], [71.57414245600006, 20.972917556000027], [71.53663635200007, 20.953750611000032], [71.49294281000005, 20.934165956000072], [71.49666595400004, 20.916221618000066], [71.47247314500004, 20.885389329000077], [71.40830230700004, 20.866222383000036], [71.36914062500006, 20.867055893000042], [71.35244751000005, 20.848722458000054], [71.30080413800005, 20.834554672000024], [71.24663543700007, 20.81038856500004], [71.20541381900006, 20.79830551300006], [71.15291595600007, 20.76749992500004], [71.14624786400003, 20.761611938000044], [71.08872222900004, 20.759166719000063], [71.08247375500008, 20.75374984700005], [71.06872558600003, 20.75], [71.05247497600004, 20.73041725300004], [70.99455261200006, 20.72497177100007], [70.98419189500004, 20.719610216000035], [70.95166778600003, 20.70294380200005], [70.90247345000006, 20.697055818000024], [70.87750244100005, 20.727916717000028], [70.85663604900003, 20.70708274800006], [70.82250213600008, 20.692083359000037], [70.76999664300007, 20.717861175000053], [70.70244598400006, 20.738721849000058], [70.66419220000006, 20.757917405000057], [70.65997314400005, 20.772943498000075], [70.63830566400003, 20.772916794000025], [70.60250091600005, 20.77788925300007], [70.54333496100003, 20.801221849000058], [70.47086334200003, 20.83786201600003], [70.41419220000006, 20.87874984700005], [70.39955902100007, 20.888334276000023], [70.35336303700007, 20.92288971100004], [70.26747131400003, 20.967889787000047], [70.22080230700004, 21.002916336000055], [70.13913726800007, 21.07622146700004], [70.09252929700006, 21.11124992500004], [70.0, 21.205389024000056], [69.91208648700007, 21.30161094600004], [69.83538818400007, 21.389165880000064], [69.78749847400007, 21.450387954000064], [69.80371856700003, 21.45913887100005], [69.74786376900005, 21.488306046000048], [69.62750244100005, 21.611221313000044], [69.54747009200008, 21.66538810700007], [69.44833374000007, 21.756277084000033], [69.43914032000004, 21.761222839000027], [69.38246917700008, 21.822055816000045], [69.38669586200007, 21.85705566400003], [69.35500335800003, 21.835388185000056], [69.29166412400008, 21.887083053000026], [69.24497222900004, 21.932083130000024], [69.21044159000007, 21.98583412200003], [69.14289093000008, 22.038305284000046], [69.08041381900006, 22.108304977000046], [69.01619720400004, 22.17330551300006], [68.96705627500006, 22.23252868800006], [68.93785858100006, 22.297445297000024], [68.95708465600006, 22.35580635200006], [68.98039245600006, 22.408306123000045], [69.03247070300006, 22.453722], [69.07707977300004, 22.466667175000055], [69.04541778600003, 22.424972534000062], [69.04708099400005, 22.38916587800003], [69.06169128400006, 22.391250610000043], [69.09371948200004, 22.394138336000026], [69.13410949700005, 22.399583817000064], [69.16410827600004, 22.403722764000065], [69.18663787900005, 22.404556274000072], [69.19666290300006, 22.38872146700004], [69.16913604700005, 22.37038803100006], [69.17285919200003, 22.35833358900004], [69.16416931100008, 22.347055436000062], [69.15789032000004, 22.30827713000008], [69.22413635300006, 22.25622177100007], [69.29291534400005, 22.278305054000043], [69.32917022700008, 22.302917480000076], [69.35166931200007, 22.32708358800005], [69.42747497500005, 22.319555284000046], [69.48000335700004, 22.33208275000004], [69.52416992200006, 22.37044525300007], [69.52041626000005, 22.409166337000045], [69.52208709700005, 22.42333412100004], [69.54916381800007, 22.392026902000055], [69.55919647200005, 22.35455513000005], [69.58827972400007, 22.351222992000032], [69.57375335800003, 22.32747268600008], [69.59786224400005, 22.34247207800007], [69.60749816900005, 22.329584123000075], [69.62083435100004, 22.36458397000007], [69.66083526600005, 22.32955551300006], [69.65538787800006, 22.379138948000048], [69.69953155500008, 22.402471542000058], [69.71830749500003, 22.46205520600006], [69.73247528100006, 22.449527740000065], [69.75080871500006, 22.42788887000006], [69.78833007800006, 22.404527664000057], [69.83041381800007, 22.44830513100004], [69.88416290300006, 22.457027436000033], [69.92038726800007, 22.449943543000074], [69.90452575700004, 22.479110718000072], [69.93666839600007, 22.50958251900005], [69.95583343500005, 22.505388260000075], [69.95166778500004, 22.529556274000072], [70.0, 22.547056199000053], [70.02711486800007, 22.545804977000046], [70.05083465600006, 22.556249618000038], [70.08791351300005, 22.543333053000026], [70.12041473400006, 22.540000917000043], [70.12122344900007, 22.539138794000053], [70.14375305200008, 22.55333328200004], [70.17791748100007, 22.554971695000063], [70.19452667200005, 22.576639175000025], [70.20996856700003, 22.56872177200006], [70.21128082200005, 22.58333397000007], [70.21125030500008, 22.602500916000054], [70.22288513200004, 22.61916732800006], [70.25458526600005, 22.66749954200003], [70.26535797100007, 22.684165956000072], [70.26750183100006, 22.687055588000078], [70.26750183100006, 22.700445176000073], [70.25955200300007, 22.718334199000026], [70.29961395200007, 22.742500306000068], [70.32044220000006, 22.786666870000033], [70.33875274600007, 22.837499618000038], [70.35121917700008, 22.885000228000024], [70.41497039800004, 22.921194076000063], [70.44080352800006, 22.958749771000043], [70.43580627400007, 22.965415956000072], [70.40247345000006, 22.98205566400003], [70.37416839600007, 22.927917482000055], [70.30413818400007, 22.93952751300003], [70.24497222900004, 22.971250534000035], [70.22624969500004, 23.04583358700006], [70.21414184600008, 23.022888184000067], [70.23041534400005, 22.97586059500003], [70.22413635200007, 22.95288848900003], [70.15000152500005, 22.94622230500005], [70.12538909900007, 22.98833275000004], [70.12416839600007, 22.945388795000042], [70.13586425800008, 22.928722381000057], [70.08288574300008, 22.911666870000033], [70.02997589100005, 22.91291618300005], [70.00541687000003, 22.906665802000077], [69.96499633800005, 22.89708328200004], [69.92247009400006, 22.889554977000046], [69.89289093000008, 22.909166337000045], [69.88333130000007, 22.88122177100007], [69.83369445800008, 22.861639024000056], [69.79333496200007, 22.847055436000062], [69.79039001500007, 22.841611863000026], [69.74619293200004, 22.81830597000004], [69.73205566500008, 22.814138412000034], [69.72122192400008, 22.797500610000043], [69.71791839600007, 22.770833969000023], [69.70913696300005, 22.749584198000036], [69.71205902100007, 22.739139557000044], [69.66705322300004, 22.765832901000067], [69.65830230700004, 22.747917175000055], [69.60708618100006, 22.77163887200004], [69.56919097900004, 22.764554977000046], [69.55666351300005, 22.787082673000043], [69.51750183100006, 22.785360336000053], [69.48169708300003, 22.785360336000053], [69.46333313000008, 22.772861481000064], [69.38833618100006, 22.811222076000035], [69.35955810500008, 22.834972382000046], [69.35375213600008, 22.85499954200003], [69.34833526600005, 22.817888261000064], [69.32083129900008, 22.83619499200006], [69.28169250500008, 22.823722839000027], [69.23041534400005, 22.832500459000073], [69.22291565100005, 22.866638185000056], [69.19580841000004, 22.836221695000063], [69.17375183100006, 22.85494422900007], [69.12122345000006, 22.877500535000024], [69.11164093000008, 22.890417100000036], [69.07955932600004, 22.909111024000026], [69.06916809000006, 22.91705513000005], [69.05747222900004, 22.921222687000068], [69.00997161900005, 22.951250078000044], [69.00705719000007, 22.949193956000045], [68.98247528100006, 22.992027283000027], [68.93000030500008, 22.989555359000065], [68.88402557500007, 23.014528274000043], [68.82072448700006, 23.05283355800003], [68.77908325200008, 23.074527742000043], [68.69574737500005, 23.127861024000026], [68.65027618400006, 23.16161155800006], [68.71741485700005, 23.12536048800007], [68.69325256300004, 23.150388717000055], [68.64572143500004, 23.168693542000028], [68.63322448800005, 23.180389406000074], [68.59655761700003, 23.240333557000042], [68.62741851800007, 23.21869468700004], [68.60910797100007, 23.242889405000028], [68.64072418200004, 23.25536155700007], [68.65572357200006, 23.267833709000058], [68.62611389200003, 23.28327751200004], [68.67947387700008, 23.301639557000044], [68.65327453600008, 23.301221847000022], [68.63158416700003, 23.325387954000064], [68.61196899400005, 23.364166260000047], [68.61902618400006, 23.32536125300004], [68.57158660900006, 23.36291694700003], [68.59744262700008, 23.358749389000025], [68.57155609100005, 23.374555588000078], [68.55574798600003, 23.39705467300007], [68.52705383300008, 23.434139252000023], [68.50994110100004, 23.454555511000024], [68.50824737600004, 23.492055893000042], [68.46910858200005, 23.481222154000022], [68.47824859600007, 23.51291656500007], [68.45122528000007, 23.523305893000042], [68.44283294600007, 23.533306122000056], [68.42533111600005, 23.523332597000035], [68.44741821300005, 23.567054748000032], [68.46949768100006, 23.60333251900005], [68.50074768100006, 23.66377830600004], [68.55330657900004, 23.718778610000072], [68.62825012300004, 23.76044464100005], [68.67869567900004, 23.803388595000058], [68.71910858100006, 23.827110292000043], [68.78744506900006, 23.857084276000023], [68.79244232200006, 23.882110597000064], [68.77202606200007, 23.870832445000076], [68.74330902100007, 23.84961128300006], [68.67744445800008, 23.85627746700004], [68.64910888700007, 23.84130477900004], [68.62496948200004, 23.820472719000065], [68.57788848900003, 23.808361053000056], [68.52163696300005, 23.778778076000037], [68.50872039800004, 23.750860214000056], [68.45952606200007, 23.76916694600004], [68.44247436500007, 23.73711204500006], [68.44866943300008, 23.78919410700007], [68.43455505400004, 23.780027389000054], [68.41703033500005, 23.739999771000043], [68.39702606200007, 23.657499313000073], [68.37622070300006, 23.636638642000037], [68.39282989500003, 23.60913848900003], [68.36744689900007, 23.607944488000044], [68.32241821300005, 23.577054979000025], [68.26914215100004, 23.556222915000035], [68.28827667200005, 23.596250535000024], [68.26786041300005, 23.621665956000072], [68.24663543700007, 23.567888261000064], [68.17202758800005, 23.616666793000036], [68.20330810500008, 23.64038848900003], [68.21997070300006, 23.64622306800004], [68.23416900600006, 23.645416259000058], [68.29575347900004, 23.677944183000022], [68.32872009300007, 23.71836090100004], [68.34955596900005, 23.730028152000045], [68.32702636700003, 23.736639024000056], [68.28949737600004, 23.714166641000077], [68.26208496100003, 23.730833054000072], [68.25413513200004, 23.672082901000067], [68.22327423100006, 23.69544410800006], [68.21289062600005, 23.759222032000025], [68.20872497600004, 23.81838798600006], [68.25164032000004, 23.844583511000053], [68.25708007800006, 23.875], [68.29358292000006, 23.92189299100005], [68.35047588000003, 23.967407971000057], [68.38887333700006, 23.966902854000068], [68.67205974800004, 23.971096456000055], [68.75647418000005, 24.023279009000078], [68.76826449000004, 24.28228370200003], [68.83808, 24.29213], [68.85673894000007, 24.21388256700004], [68.90149, 24.27117000100003], [68.96498, 24.27604], [69.02105, 24.22833], [69.09182, 24.270350001000054], [69.16963, 24.245800001000077], [69.26737, 24.26419000100003], [69.35774, 24.271910001000037], [69.44448, 24.28048], [69.53109, 24.27408], [69.61684, 24.27247], [69.68908, 24.2086], [69.77163, 24.17104], [69.87722, 24.17104], [69.98279, 24.171030001000076], [70.06857, 24.20345], [70.10992, 24.295000001000062], [70.20022, 24.31494], [70.28915, 24.342080001000056], [70.37275, 24.35346], [70.46732, 24.38768], [70.54952, 24.41255], [70.58965, 24.38314], [70.5766, 24.315730001000077], [70.57134000100007, 24.25175], [70.66177, 24.22092], [70.75198, 24.21874], [70.85156, 24.244900001000076], [70.88716, 24.27134], [70.91807, 24.3234], [70.99057, 24.361500001000024], [71.0695, 24.380010001000073], [71.11824, 24.425290001000064], [71.02621, 24.43733], [71.00071, 24.49498], [70.99265, 24.56399], [71.01897, 24.63882], [71.08181, 24.668710001000022], [71.04964649600004, 24.753565930000036], [70.98317889200007, 24.875955684000076], [70.93240513900008, 24.955339450000054], [70.89110681900007, 25.13644475600006], [70.80900076500006, 25.22304884500005], [70.74668494900004, 25.29588051500008], [70.69385873600004, 25.369154140000035], [70.67271788700003, 25.452346171000045], [70.66854574300004, 25.55544375200003], [70.67389895100007, 25.659104565000064], [70.63678176200006, 25.71330104900005], [70.51403884400008, 25.684085443000072], [70.33974234300007, 25.68686843000006], [70.23714017500004, 25.774502890000065], [70.14819307500005, 25.867116229000032], [70.09664329800006, 25.959660091000046], [70.15578722700008, 26.18928155800006], [70.16934682800007, 26.312512285000025], [70.17852833400008, 26.414539596000054], [70.17946917500007, 26.505726022000033], [70.06009617400008, 26.599514559000056], [69.91975497000004, 26.580627199000048], [69.75379376800004, 26.62965891400006], [69.54302985400005, 26.729799356000058], [69.49078133200004, 26.839282793000052], [69.50881536500003, 26.961668384000063], [69.54297917900004, 27.07949640100003], [69.59374372400003, 27.188771410000072], [69.67012610400008, 27.251491121000072], [69.74317160900006, 27.310775513000067], [69.82866254500004, 27.376508769000054], [69.91520192800004, 27.46923671600007], [69.99743089600008, 27.54500078800004], [70.05147388500006, 27.617951133000076], [70.08758757100003, 27.700392027000078], [70.15550111700003, 27.82873668900004], [70.26748837100007, 27.921596392000026], [70.37223289400004, 28.011824310000065], [70.52399415800005, 28.03215464500005], [70.67860770000004, 27.874887542000067], [70.73892635800007, 27.744160934000035], [70.79659617100003, 27.715904013000056], [70.89507449500007, 27.708224323000024], [70.98282853000006, 27.742221443000062], [71.08998368600004, 27.78740020500004], [71.21582549900006, 27.83698709500004], [71.42909831700007, 27.873446271000034], [71.56646843700008, 27.87654806200004], [71.70154234300003, 27.891059977000054], [71.80512304000007, 27.929018720000045], [71.87305945100007, 27.954029022000043], [71.91268069400007, 28.042279584000028], [71.97192460800005, 28.17794007300006], [72.13225751300007, 28.312947541000028], [72.22409826300003, 28.448144889000048], [72.27012166800006, 28.579027202000077], [72.31480809700008, 28.686930328000074], [72.36609100200008, 28.74494545600004], [72.44371932900003, 28.798175171000025], [72.51060922100004, 28.828719007000075], [72.58233268000004, 28.867454085000077], [72.65535617100005, 28.90663980200003], [72.74574638100006, 28.952767153000025], [72.83187603200008, 28.98503144400007], [72.90785106200008, 29.013522151000075], [72.97306354200003, 29.08580219600003], [73.00976368800008, 29.15851800100006], [73.08441976700004, 29.23618904800003], [73.13203317900008, 29.316910411000038], [73.17525312800007, 29.39060396700006], [73.26487802500003, 29.54269612300004], [73.29912115500008, 29.625813459000028], [73.32186319100003, 29.697043051000037], [73.34312942200006, 29.766832566000062], [73.46237920200008, 29.969914281000058], [73.52426219100005, 29.992502681000076], [73.59971111800007, 30.019570544000032], [73.66957343600006, 30.03600949300005], [73.74611567200003, 30.053864357000066], [73.80737099900006, 30.06893394900004], [73.85628866600007, 30.11237257700003], [73.90661868600006, 30.14828013700003], [73.96932489700004, 30.195619020000038], [73.96286026400003, 30.26123688900003], [73.93426570400004, 30.313213088000055], [73.90264713700003, 30.349098560000073], [73.88940902400003, 30.368976468000028], [73.91286734200008, 30.38244137500004], [73.92011748400006, 30.39607835700008], [73.93824245000008, 30.40319853400007], [73.94932214900007, 30.41727041400003], [73.96601034000008, 30.430467451000027], [73.97107863300005, 30.442131275000065], [73.93744749000007, 30.448351837000075], [73.93284683200005, 30.48420978000007], [73.94734890000007, 30.479456850000076], [73.96444237100008, 30.45991876000005], [73.98116767400006, 30.50257781700003], [74.01192857000007, 30.53362491000007], [74.05574780000006, 30.52068649200004], [74.08120312100004, 30.533440948000077], [74.07643762100008, 30.551880071000028], [74.09597407600006, 30.611426924000057], [74.15336245200007, 30.63524553800005], [74.17610391700003, 30.654391862000068], [74.19786036600004, 30.670295017000058], [74.21569916100003, 30.69054682700005], [74.22304615100006, 30.707945857000027], [74.23093642900005, 30.722549093000055], [74.24843091800005, 30.72590563600005], [74.26907071100004, 30.730299151000054], [74.28654764400005, 30.735581325000055], [74.27174023700007, 30.75615777300004], [74.27521398800008, 30.773790130000066], [74.30185500200008, 30.779368805000047], [74.30139447400006, 30.80384379700007], [74.31923073500008, 30.82648698400004], [74.32168365600006, 30.83917850200004], [74.33513176800005, 30.85081131800007], [74.33879026500006, 30.85138587600005], [74.36338618900004, 30.847187794000035], [74.38217663500006, 30.860388495000052], [74.36653822400007, 30.890091170000062], [74.39400613800007, 30.90629199600005], [74.42442542600008, 30.915920932000063], [74.42161122300007, 30.92091371300006], [74.41377585000004, 30.929605078000066], [74.43805584600005, 30.941940138000064], [74.46087138100006, 30.956668515000047], [74.47137393100007, 30.97007310300006], [74.49203258900008, 30.974335675000077], [74.51345416000004, 30.975001811000027], [74.54382751700007, 30.99499602700007], [74.54248789500008, 31.017198807000057], [74.55983354700004, 31.043014837000044], [74.56394850200007, 31.050383772000032], [74.58852952000007, 31.050750906000076], [74.61144048100005, 31.044154286000037], [74.64475265300007, 31.049463631000037], [74.68439587100005, 31.064531445000057], [74.69936668900004, 31.08765391000003], [74.69818638700008, 31.10670546600005], [74.68238269400007, 31.127127879000057], [74.65799952800006, 31.133351755000035], [74.64035268900005, 31.119690639000055], [74.62490432900006, 31.13201018700005], [74.60411647700005, 31.13286532400008], [74.60380225100005, 31.117524867000043], [74.61046234600008, 31.103404557000033], [74.60576387200007, 31.09454506700007], [74.59433192500006, 31.088716775000023], [74.58762554300006, 31.08739618100003], [74.57326096200006, 31.084534607000023], [74.55790966800004, 31.083696605000057], [74.54924925800003, 31.10069099100008], [74.54845742600008, 31.11821945400004], [74.53137855500006, 31.125900553000065], [74.51119876200005, 31.132110857000043], [74.51367855400008, 31.148452663000057], [74.51146580500006, 31.159015040000043], [74.50992129400004, 31.174125851000042], [74.51956934700007, 31.18409460600003], [74.52161040400006, 31.20092453700005], [74.52561212500007, 31.212958014000037], [74.51870584300008, 31.22604343100005], [74.52817974300007, 31.239998619000062], [74.52698810700008, 31.258940180000025], [74.52280785600004, 31.274006502000077], [74.53294621000003, 31.288979785000038], [74.53758826500007, 31.30046770000007], [74.53540732600004, 31.304758419000052], [74.52797382200004, 31.313389966000045], [74.53748370800008, 31.319219899000075], [74.53690495200004, 31.329655381000066], [74.54606555500004, 31.33489024100004], [74.54809245800004, 31.343063163000068], [74.55304897900004, 31.356499453000026], [74.55519193800006, 31.366645642000037], [74.56989945800007, 31.372289069000033], [74.58050464000007, 31.37762686700006], [74.58726591000004, 31.39803667500007], [74.59444286100006, 31.411081082000067], [74.60125488000006, 31.41993409400004], [74.61385841000003, 31.421820551000053], [74.62515869300006, 31.42959766900003], [74.63339381100008, 31.41919191900007], [74.64425794200008, 31.41781183200004], [74.65398640600006, 31.427516534000063], [74.64530638100007, 31.43523054700006], [74.63953131200003, 31.44684059800005], [74.65293410100008, 31.45444020900004], [74.64730013800005, 31.466011038000033], [74.63841461500004, 31.473032078000074], [74.63228388300007, 31.477588437000065], [74.62960914200005, 31.482155023000075], [74.63464348800005, 31.484162397000034], [74.63205204000008, 31.486493385000074], [74.62336199700007, 31.48287830000004], [74.61509791700007, 31.488324539000075], [74.60908071400007, 31.49966869600007], [74.60000927700008, 31.49969021900006], [74.59035923400006, 31.496884713000043], [74.57863710700008, 31.498399686000027], [74.57941564200007, 31.50048645800007], [74.58405857700006, 31.505668754000055], [74.58321941500003, 31.508486936000054], [74.58278103600003, 31.513778718000026], [74.59058299500003, 31.522421317000067], [74.60383051900004, 31.523957644000063], [74.61372450100004, 31.534146615000054], [74.61496034500004, 31.546369724000044], [74.61611091100008, 31.55749858300004], [74.60693467500005, 31.563094801000034], [74.61396881100006, 31.567455116000076], [74.60691409500004, 31.570080975000053], [74.58850862300005, 31.57944138700003], [74.58095475900006, 31.58724083800007], [74.57925083300006, 31.594921489000058], [74.57695667700006, 31.60049317800008], [74.56927285600005, 31.606213108000077], [74.55467324600005, 31.613192239000057], [74.54847203300005, 31.63023015500005], [74.54662542100004, 31.645700248000026], [74.53776398900004, 31.652345309000054], [74.53794291700007, 31.661873983000078], [74.53265417800003, 31.67238132600005], [74.53199551900008, 31.68108493400007], [74.52088689700008, 31.68743249000005], [74.50451855500006, 31.69455743800006], [74.49927941200008, 31.707288924000068], [74.48875353500006, 31.72096472800007], [74.50322623800008, 31.734420741000065], [74.53591331800004, 31.74840161700007], [74.55941881200005, 31.757856789000073], [74.55600914200005, 31.76947013100005], [74.55528446400007, 31.788105207000058], [74.56358464800007, 31.80025168800006], [74.56486258100006, 31.808581144000073], [74.57066141200005, 31.833835951000026], [74.58803560800004, 31.849664303000054], [74.60384926700004, 31.86841865200006], [74.62316766400005, 31.88552131800003], [74.64434611200005, 31.894533327000033], [74.65711076100007, 31.90378745000004], [74.66782746400008, 31.91855326600006], [74.67587292600007, 31.92131785600003], [74.69820085000003, 31.926394179000056], [74.71792488800008, 31.923584752000068], [74.71988558600003, 31.940111599000033], [74.74018652900008, 31.941613888000063], [74.75560059300005, 31.95376963600006], [74.78868805700006, 31.956570898000052], [74.81368987800005, 31.960355210000046], [74.83052849900008, 31.98593119000003], [74.86262658000004, 32.02951138200007], [74.87431330400005, 32.038004658000034], [74.88200962200006, 32.053038654000034], [74.89866610700005, 32.05161803100003], [74.91720205400003, 32.057737323000026], [74.92962673700004, 32.06612002700007], [74.94806833100006, 32.063089845000036], [74.97420501100004, 32.04436270800005], [75.00340262900005, 32.042065311000044], [75.02756673700003, 32.04893475700004], [75.04073097900005, 32.042598600000076], [75.05620216200003, 32.05354780600004], [75.06513977900005, 32.06432772900007], [75.07620160900007, 32.05915993600007], [75.09838662300007, 32.06456059800007], [75.11311555400005, 32.07185336800006], [75.15825736200003, 32.08125081800006], [75.17709287600007, 32.07319613100003], [75.19779263700008, 32.085254908000024], [75.19792341700008, 32.09862600800005], [75.20365393400004, 32.115953442000034], [75.21631164700005, 32.119850005000046], [75.23519838800007, 32.10363150500007], [75.25689523900007, 32.10128843600006], [75.26277187500006, 32.11191670200003], [75.281018, 32.12162], [75.28296904900003, 32.145526750000045], [75.30374467000007, 32.16425820200004], [75.31621854200006, 32.17428967400008], [75.31067974900003, 32.197534147000056], [75.33580027100004, 32.21948699700005], [75.35596425000006, 32.218309272000056], [75.36702341300008, 32.22475388700008], [75.37421201200004, 32.24128013300003], [75.37086722600003, 32.25871824400008], [75.37899993800005, 32.266756964000024], [75.372888, 32.278491], [75.34814650800007, 32.27863945800004], [75.34476301000007, 32.29182609500003], [75.32853767900008, 32.305749571000035], [75.33704708500005, 32.31839439500004], [75.32562661000003, 32.332928449000065], [75.30820714800006, 32.343836055000054], [75.29955771500005, 32.35330245700004], [75.28963137400007, 32.35580008100004], [75.28860736500008, 32.358654613000056], [75.28745152100004, 32.360257630000035], [75.28714643600006, 32.361769191000064], [75.28804355000005, 32.37009705000003], [75.25824992200006, 32.37234300100005], [75.25688202100008, 32.386386705000064], [75.23928342000005, 32.38688834200008], [75.21026830600005, 32.39824373600004], [75.19507740700004, 32.41131715200004], [75.19840885400004, 32.42176154900005], [75.18512586300005, 32.42575879000003], [75.15657125300004, 32.42032285800008], [75.13166338800005, 32.412772897000025], [75.13154377500007, 32.431146573000035], [75.11218517800006, 32.45879931500008], [75.10618672700008, 32.47560393200007], [75.07276862700007, 32.47854528400006], [75.04646063700005, 32.487047752000024], [75.02850672500006, 32.49511360300005], [75.01377262000005, 32.46550116000003], [75.00207927500003, 32.45701678800003], [74.98830101100003, 32.453471895000064], [74.96650242200008, 32.45822583300003], [74.94905146700006, 32.446982871000046], [74.94310802700005, 32.457464139000024], [74.93542415900004, 32.47151316800006], [74.91624280200006, 32.46553826600007], [74.90047505200005, 32.467119414000024], [74.88092301000006, 32.47655786100006], [74.88000511800004, 32.48429067300003], [74.86817, 32.48533400100007], [74.863853, 32.487391], [74.857683, 32.494076], [74.851699, 32.492222], [74.846696, 32.490368], [74.844156, 32.491739], [74.83967150200004, 32.494007174000046], [74.83536904500005, 32.49572225700007], [74.83352957400007, 32.49586474800003], [74.82621716400007, 32.495785451000074], [74.81939726800005, 32.49841811300007], [74.80382283200004, 32.48254963000005], [74.77896343100008, 32.480495261000044], [74.75531136300003, 32.48290908000007], [74.73827958500004, 32.47985884800005], [74.72753939500006, 32.47709540300008], [74.71401699000006, 32.477190267000026], [74.71268487200007, 32.48879900900005], [74.69980319600006, 32.49110892600004], [74.68817606500005, 32.48691663900007], [74.68195607700005, 32.49358650900007], [74.68591722500008, 32.50351256700003], [74.68365978900005, 32.51459119100008], [74.69058298900006, 32.531835572000034], [74.67581742700008, 32.53799703800007], [74.66095706300007, 32.54938939400006], [74.67020086800005, 32.55291555200006], [74.67375620100006, 32.563997303000065], [74.66775773500007, 32.56818393900005], [74.66583301200006, 32.56561229300007], [74.66162444600008, 32.56401613600008], [74.65860737900005, 32.564767920000065], [74.65375106900007, 32.56375517400005], [74.65161978400005, 32.567750379000074], [74.65106051900005, 32.582079760000056], [74.65572147200004, 32.591376593000064], [74.64696227300004, 32.59770447900007], [74.64000514100007, 32.60849929500006], [74.64656889100007, 32.614562447000026], [74.65520786500008, 32.63113849400003], [74.65596363500003, 32.632924754000044], [74.66995588000003, 32.64019635400007], [74.67797739300005, 32.65054986100006], [74.69272183400005, 32.65677098700007], [74.68141690000004, 32.67050889200004], [74.65548809100005, 32.694604183000024], [74.65730322100006, 32.71406504600003], [74.66273809500007, 32.72692722900007], [74.66499641300004, 32.74467971000007], [74.67336154300006, 32.75546481300006], [74.67742697700004, 32.768588237000074], [74.68217992200005, 32.781114063000075], [74.69636825100008, 32.80838227900006], [74.70481616900008, 32.818495889000076], [74.70510078600006, 32.83720834800005], [74.68486955900005, 32.83709677100006], [74.66811088000003, 32.825265270000045], [74.65168684300005, 32.82735872600006], [74.63515967600006, 32.810848462000024], [74.64282652200006, 32.79632612900008], [74.65564520900006, 32.783889025000065], [74.63779767400007, 32.780627630000026], [74.63054327300006, 32.767352420000066], [74.63907542000004, 32.756808199000034], [74.63385606900005, 32.75142106900006], [74.62185296600006, 32.759945224000035], [74.60260908200007, 32.75691701300008], [74.59362436700007, 32.75580272700006], [74.58054246100005, 32.75053041500007], [74.57138863800003, 32.75809734100005], [74.55399082900004, 32.75687123500006], [74.54443226400008, 32.745141560000036], [74.53688516900007, 32.74907090800008], [74.53006665000004, 32.74569705500005], [74.51162185300007, 32.74554959100004], [74.50948735100008, 32.76317205500004], [74.48501800500003, 32.768621961000065], [74.46030661100008, 32.78589880100003], [74.41325134000004, 32.77348132800006], [74.34865134000006, 32.784781328000065], [74.20165134000007, 32.871781328000054], [74.09255134000006, 32.92218132800008], [73.95061506400003, 33.011576406000074], [73.816154, 33.010344], [73.74876856700007, 33.053591581000035], [73.64823960100006, 33.083899279000036], [73.670317, 33.152224], [73.618313, 33.289016], [73.62338059600006, 33.452521682000054], [73.62582508700007, 33.549341233000064], [73.57243075000008, 33.62999729300003], [73.59049235200007, 33.75303594300004], [73.57044547900006, 33.787480679000055], [73.56932151300003, 33.80545968800004], [73.57393587700005, 33.82001627900007], [73.58009447000006, 33.83625320400006], [73.59323069000004, 33.87562526600004], [73.57865181400007, 33.91396980700006], [73.54537103700005, 33.95209395300003], [73.50979402900003, 34.01861525900006], [73.499042, 34.207557], [73.42605361900007, 34.34215395600006], [73.42882275300008, 34.42037889100004], [73.448734, 34.559146], [73.56772336200004, 34.587627302000044], [73.665792, 34.580061], [73.715534, 34.736071], [73.85289024300005, 34.81464191300006], [73.994771, 34.86495], [74.08747250000005, 34.99891550000007], [74.11233971300004, 35.153153675000056], [73.95774834700006, 35.165247546000046], [73.74990850000006, 35.220888], [73.69286950000003, 35.33259], [73.75466150000005, 35.443103], [73.70167803300006, 35.53180043500004], [73.54187087200006, 35.54101403400006], [73.40159485300006, 35.54116804600005], [73.33525952000008, 35.649133419000066], [73.23596450000008, 35.667694], [73.111786, 35.759194], [73.200315, 35.78712], [73.103468, 35.863766], [72.99133803900008, 35.86205642500005], [72.82026175000004, 35.887202150000064], [72.76653282200004, 35.842713006000054], [72.67418903900005, 35.82167664100007], [72.56361224300008, 35.862644655000054], [72.51067505000003, 35.90216433100005], [72.53010810800004, 36.06043320400005], [72.54038131200008, 36.19062814600005], [72.66766152300005, 36.266246943000056], [72.74959151000007, 36.32265736700003], [72.96363614300003, 36.475050915000054], [73.04940270600008, 36.67944723200003], [73.40886596300004, 36.75856724300007], [73.78971704000008, 36.72470226000007], [73.76595125700004, 36.83996846200006], [73.775706, 36.90903], [74.085201, 36.852104], [74.53698, 36.976625], [74.812074, 37.065055], [74.960359, 36.996196], [75.18331, 36.99143], [75.418961, 36.94482], [75.535973, 36.749049], [75.780634, 36.725003], [76.14928430200024, 36.42454783200009], [77.30890344300013, 35.719784648000115], [77.51873419405028, 35.48565732389375]]], [[[93.84583282500006, 7.244555475000027], [93.87078094400005, 7.211194515000045], [93.88872528100006, 7.179111004000049], [93.90080261200006, 7.117861272000027], [93.91622161900005, 7.06997203800006], [93.93499755800008, 7.027055740000037], [93.94541931200007, 7.001638889000048], [93.94166564900007, 6.96869421100007], [93.92208099300007, 6.920833112000025], [93.91291809100005, 6.873305321000032], [93.92416381900006, 6.837888717000055], [93.89167022700008, 6.795388698000068], [93.85955810600007, 6.796666622000032], [93.84833526600005, 6.755388738000022], [93.82791900700005, 6.778333187000044], [93.82455444300007, 6.820000171000061], [93.80169677800006, 6.857083320000072], [93.79541778600009, 6.890805722000039], [93.76583099300007, 6.907111169000075], [93.75538635200007, 6.953305721000049], [93.73371887200005, 6.985777855000038], [93.69997406000005, 7.022055625000064], [93.67624664300007, 7.033277988000066], [93.66786193900003, 7.085000039000022], [93.66038513200004, 7.123305320000043], [93.67955780000005, 7.179111004000049], [93.74913787800006, 7.202027799000064], [93.78250122100008, 7.210361004000049], [93.81122589100005, 7.224166871000023], [93.84583282500006, 7.244555475000027]]], [[[93.73622131300004, 7.423250200000041], [93.77124786400003, 7.38327789300007], [93.75536346500007, 7.342472076000035], [93.71955871600005, 7.298305513000059], [93.66661071700008, 7.247889042000054], [93.63994598400006, 7.306222440000056], [93.64536285500009, 7.356638908000036], [93.68080902100007, 7.378722191000065], [93.72413635200007, 7.395360948000075], [93.71955871600005, 7.438277723000056], [93.73622131300004, 7.423250200000041]]], [[[93.37750244100005, 8.021249772000033], [93.40953064100006, 7.959111215000064], [93.45869445800008, 7.920750142000031], [93.45744323800005, 7.869527817000062], [93.39910888700007, 7.896166801000049], [93.35578155500008, 7.882833480000045], [93.34577941900005, 7.924527645000069], [93.34619140600006, 7.940721990000043], [93.31786346500007, 7.928305627000043], [93.33997345000006, 8.007888795000042], [93.37750244100005, 8.021249772000033]]], [[[93.53747558600008, 8.236222267000073], [93.54747009300007, 8.179583549000029], [93.51249694800003, 8.148722650000025], [93.53333282500006, 8.114527702000032], [93.56122589100005, 8.075833321000061], [93.54333496100008, 8.046222688000057], [93.52208709700005, 8.014944076000063], [93.49708557100007, 8.036639213000058], [93.51667022700008, 8.057055473000048], [93.53833007800006, 8.05288887100005], [93.54083252000004, 8.077944756000022], [93.51789093100007, 8.069167138000068], [93.49208068800004, 8.074138641000047], [93.48288726800007, 8.098333358000048], [93.46289062500006, 8.167471887000033], [93.49955749500003, 8.211638450000066], [93.53747558600008, 8.236222267000073]]], [[[92.54914093000008, 10.880389213000058], [92.55494689900007, 10.880389213000058], [92.59285736100009, 10.814110756000048], [92.57160949700005, 10.79536151900004], [92.60121917700008, 10.766638757000067], [92.62119293200004, 10.762472154000022], [92.61872100800008, 10.705778122000027], [92.60744476400004, 10.667860985000061], [92.55874633800005, 10.617500306000068], [92.57785797100007, 10.56997203800006], [92.54205322300004, 10.522472381000057], [92.49580383300008, 10.507888794000053], [92.43164062500006, 10.544528007000054], [92.38372039800004, 10.532444], [92.41455841000004, 10.605833055000062], [92.38705444300007, 10.664138794000053], [92.38449859600007, 10.77083301700003], [92.41994476300005, 10.80208301500005], [92.46244812000003, 10.842055322000022], [92.51583099400005, 10.877861023000037], [92.51791381800007, 10.892472267000073], [92.54914093000008, 10.880389213000058]]], [[[92.97544097900004, 12.033249856000054], [93.01622009300007, 12.018305780000048], [93.03627777100007, 11.958305359000065], [93.06041717500005, 11.902472497000076], [93.02122497600004, 11.911666870000033], [93.02419281000005, 11.936249733000068], [93.01669311500007, 11.953694344000041], [93.00794219900007, 11.966610909000053], [93.00164032000004, 11.964555740000037], [92.99747467100008, 11.947889329000077], [92.95833587700008, 11.982916832000058], [92.95874786300004, 12.021583558000032], [92.97544097900004, 12.033249856000054]]], [[[92.70955657900004, 12.227416993000077], [92.71455383300008, 12.17994403800003], [92.73330688500005, 12.177833557000042], [92.75791931100008, 12.149888992000058], [92.73958587700008, 12.08905601500004], [92.72497558600008, 12.04955577800007], [92.73705291700009, 12.051610948000075], [92.76541900600006, 12.047389030000033], [92.79166412500007, 12.041166305000047], [92.75083160400004, 12.032860757000037], [92.74541473400006, 12.01408291000007], [92.77291870100004, 12.003250122000054], [92.76374816900005, 11.978333473000077], [92.73913574200003, 11.974583626000026], [92.72911071700008, 11.954527855000038], [92.73083496100008, 11.931221963000041], [92.74375152600004, 11.905777933000024], [92.78583526600005, 11.932861328000058], [92.79582977300004, 11.899582864000024], [92.79788970900006, 11.873332979000054], [92.78830719000007, 11.832083702000034], [92.77872467100008, 11.788332939000043], [92.77371978800005, 11.742500305000021], [92.75122070300006, 11.703305244000035], [92.72791290300006, 11.69830513100004], [92.71375274700006, 11.693333626000026], [92.69750213600008, 11.658694267000044], [92.67624664300007, 11.630027772000062], [92.69833374000007, 11.622860910000043], [92.70541381800007, 11.64663887000006], [92.73744201600005, 11.652083398000059], [92.73952484200004, 11.670805932000064], [92.76455688400006, 11.643305780000048], [92.75663757300003, 11.63624954200003], [92.75369262700008, 11.58494472500007], [92.74205780000005, 11.546638488000042], [92.73619079600007, 11.509139061000042], [92.71705627400007, 11.478333474000067], [92.69416809100005, 11.506221771000071], [92.65541839600007, 11.516638756000077], [92.65125274700006, 11.55666637400003], [92.63077545200008, 11.562083246000043], [92.61374664300007, 11.589972497000076], [92.63705444400006, 11.61916637400003], [92.63874816900005, 11.629972458000054], [92.61042022700008, 11.643305780000048], [92.60539245600006, 11.696666719000063], [92.59580230700004, 11.719555855000067], [92.57205200200008, 11.691611290000026], [92.56038665700004, 11.747471811000025], [92.55496978800005, 11.811249734000057], [92.54911041400004, 11.824583053000026], [92.52705383300008, 11.83586120700005], [92.53455352800006, 11.886694909000028], [92.56208038300008, 11.919166565000069], [92.58580780000005, 11.921222687000068], [92.59586334200009, 11.882861137000077], [92.61372375500008, 11.867500305000021], [92.61702728300008, 11.90747261000007], [92.62372589100005, 11.96997261000007], [92.62875366300005, 12.025777818000051], [92.62622070300006, 12.067416191000063], [92.63788604800004, 12.127416612000047], [92.66371917700008, 12.193277359000035], [92.67996978800005, 12.173694612000077], [92.69247436500007, 12.212833406000073], [92.70955657900004, 12.227416993000077]]], [[[92.82661438000008, 12.302861214000075], [92.88372039800004, 12.29491710600007], [92.89746856700003, 12.264499664000027], [92.87291717500005, 12.229916574000072], [92.87122345000006, 12.197472572000038], [92.85955810500008, 12.17994403800003], [92.83330535900006, 12.16033363300005], [92.82205200200008, 12.134888649000061], [92.81833648800006, 12.102861406000045], [92.80960845900006, 12.08905601500004], [92.76999664300007, 12.06033325200002], [92.74710845900006, 12.089944840000044], [92.76455688400006, 12.148305893000042], [92.78038787900005, 12.220777511000051], [92.75455474900008, 12.239083291000043], [92.77416992200006, 12.256194116000074], [92.78538513200004, 12.29411125300004], [92.80163574300008, 12.301194192000025], [92.82661438000008, 12.302861214000075]]], [[[92.90950012200005, 12.910778046000075], [92.91449737500005, 12.88241672600003], [92.94241333100007, 12.85786151900004], [92.95536041200006, 12.817444801000022], [92.94286346500007, 12.770750047000035], [92.97699737600004, 12.729916574000072], [92.97538757300003, 12.70161151800005], [92.96702575700004, 12.628222465000022], [92.96327972400007, 12.616167068000038], [92.97872161900005, 12.565750122000054], [92.97785949700005, 12.504083635000029], [92.95536041200006, 12.480750085000068], [92.94080352800006, 12.460361482000053], [92.95202636700003, 12.454055786000026], [92.93125152600004, 12.425749780000046], [92.90166473400006, 12.43619442000005], [92.88664245600006, 12.444499971000027], [92.85788726800007, 12.464944841000033], [92.89291382000005, 12.435777665000046], [92.89041900800004, 12.414944649000063], [92.86083221400008, 12.419528007000054], [92.81536102300004, 12.449110985000061], [92.82080841100009, 12.430333138000037], [92.84747314500004, 12.397861481000064], [92.86788940400004, 12.359916687000066], [92.90247345000006, 12.335361481000064], [92.88664245600006, 12.327027322000049], [92.86411285400004, 12.312027931000046], [92.81580352800006, 12.31372261000007], [92.77541351500008, 12.30574989400003], [92.74619293200004, 12.302472116000047], [92.70788574200003, 12.323277473000076], [92.71199798600009, 12.38327789300007], [92.71208190900006, 12.436638832000028], [92.71622467000003, 12.49324989300004], [92.71289062500006, 12.54744434500003], [92.70324707100008, 12.599527360000025], [92.71741485600006, 12.61366653400006], [92.73371887200005, 12.624944687000038], [92.76078033400006, 12.666999817000033], [92.78949737500005, 12.635777475000054], [92.79455566400009, 12.68161106100007], [92.77491760200007, 12.668666839000025], [92.74366760300006, 12.685750007000024], [92.74825286900005, 12.720333099000072], [92.73622131300004, 12.772388458000023], [92.73030853400007, 12.81247234500006], [92.74949646000005, 12.809971809000047], [92.75824737600004, 12.837027551000062], [92.79033660900006, 12.827388764000034], [92.81655883800005, 12.893694879000066], [92.85825347900004, 12.876194002000034], [92.90161132900005, 12.892861366000034], [92.90950012200005, 12.910778046000075]]], [[[93.04872131500008, 13.54583358800005], [93.05039215100004, 13.479166985000063], [93.04205322300004, 13.450805664000029], [93.02416992300004, 13.422082902000056], [93.05666351400004, 13.402055742000073], [93.07119751000005, 13.395000459000073], [93.06327819800003, 13.371277810000038], [93.09330749600008, 13.33791637400003], [93.06788635300006, 13.31247234500006], [93.05208587600004, 13.335778238000046], [93.01502990800003, 13.348722459000044], [92.98163604700005, 13.338749885000027], [92.96375274600007, 13.334166527000036], [93.00252533000008, 13.298749924000049], [93.00708007800006, 13.300833703000023], [93.02791595500008, 13.29163932800003], [93.03166961600004, 13.278721811000025], [93.06916809100005, 13.264527322000049], [93.05416870200008, 13.218722343000024], [93.04372406000005, 13.17833328200004], [93.04875183100006, 13.129138946000069], [93.04369354200009, 13.086638450000066], [93.03080749500003, 13.044555665000075], [93.0, 13.023722649000035], [92.98078155500008, 13.009555818000024], [92.94372558600008, 13.037471771000071], [92.94205474800003, 13.07583332200005], [92.94036102300004, 13.067500116000076], [92.91916656500007, 13.067889214000047], [92.89455413800005, 13.082471847000022], [92.89702606200007, 13.044972419000032], [92.90833282500006, 13.047916412000063], [92.91449737500005, 13.0], [92.94075012300004, 12.977000236000038], [92.92910766600005, 12.958694459000071], [92.90994262700008, 12.982000352000057], [92.88947296100008, 12.95494461100003], [92.86699676500007, 12.921610832000056], [92.87491607700008, 12.881194114000039], [92.83489227300004, 12.894555092000076], [92.80325317400008, 12.947028160000059], [92.80821991000005, 12.989527703000022], [92.83496856700003, 13.010416984000074], [92.79619598400006, 13.020000458000027], [92.80452728200004, 13.067472459000044], [92.82164001500007, 13.07288932800003], [92.82291412300003, 13.098333358000048], [92.82166290400005, 13.11538887100005], [92.84580230700004, 13.122916221000025], [92.84830474900008, 13.140444755000033], [92.81788635300006, 13.15666675600005], [92.83914184500009, 13.174528122000027], [92.83039093000008, 13.214166641000077], [92.86208343500005, 13.235833168000056], [92.82869720500008, 13.274167061000071], [92.84083557100007, 13.299611091000031], [92.84288787900005, 13.354944229000068], [92.85994720500008, 13.357889175000025], [92.87330627400007, 13.38786125300004], [92.85541534400005, 13.405777931000046], [92.88625335700004, 13.403333665000048], [92.89163971000005, 13.43208313100007], [92.87997436500007, 13.467916488000071], [92.90997314500004, 13.496250154000052], [92.91872406000005, 13.504166603000044], [92.93080902100007, 13.521222115000057], [92.97669220000006, 13.539610864000053], [92.99288940500008, 13.552472116000047], [93.02458190900006, 13.54749965600007], [93.04872131500008, 13.54583358800005]]], [[[88.16872406000005, 21.785804750000068], [88.16541290200007, 21.71750068600005], [88.12913513200004, 21.67788887100005], [88.14497375500008, 21.631250383000065], [88.08460998600003, 21.63252830500005], [88.03955841100003, 21.665861131000042], [88.05374908400006, 21.700000763000048], [88.06288909900007, 21.73333358700006], [88.08333587800007, 21.78122139000004], [88.10458374000007, 21.82999992400005], [88.14952850500003, 21.85752868800006], [88.16874694800003, 21.797500610000043], [88.16872406000005, 21.785804750000068]]]]}}]}