S. No.,Zone,Phase,Cycle,UPC,Unnamed: 5,Survey_UPC,Project Name,Start Chainage,End Chainage,Start Lat,Start Long,End Lat,End Long
1,E,Phase 1,Cycle 1,N_02026_05005_AS,N/02026/05005/AS,N_02026_05003_AS,Nalbari-Bijni( AS-09) from 983.00 km to 961.50 km of Old NH-31,2800,61500,22.9807286715,77.6007005825,22.5481370311667,77.8127396381667
2,E,Phase 1,Cycle 1,N_02026_05005_AS,N/02026/05005/AS,N_02026_05002_AS,Nalbari-Bijni( AS-08) from km.1013 to km.983 of Old NH-31,2800,61500,22.9807286715,77.6007005825,22.5481370311667,77.8127396381667
3,E,Phase 1,Cycle 1,N_02026_06003_AS,N/02026/06003/AS,N_02026_06001_AS,Nalbari to Bijni section of NH-31 from km. 1040.30 to Km. 1013.00 (Contract Package EW-11/ AS-07) in Assam,2800,61500,22.9807286715,77.6007005825,22.5481370311667,77.8127396381667
4,E,Phase 1,Cycle 1,N_08067_03001_BR,N/08067/03001/BR,N_08067_03001_BR,Bhojpur Buxar section of NH-84 from km.27.37 to km. 75.00,2800,61500,22.9807286715,77.6007005825,22.5481370311667,77.8127396381667
5,E,Phase 1,Cycle 1,N_04001_25001_OR,N/04001/25001/OR,N_04001_25001_OR,Binjhabahal - Telebani from km. 414.000 to km. 491.71,414982,493302,21.4496272728333,85.2562084458333,21.540958578,84.5944442704
6,E,Phase 1,Cycle 1,N_02005_03001_UP,N/02005/03001/UP,N_02005_03001_UP,Agra - Etawah Bypass Section of NH- 2 from Km. 199.660 to Km. 323.525 in the State of Uttar Pradesh,199660,323520,27.2061967,78.03192,26.7642614,79.0449999
7,E,Phase 1,Cycle 1,N_02008_02001_UP,N/02008/02001/UP,N_02008_02001_UP,Agra Bypass connecting km 176.8 of NH-2 to km 13.03 of NH-3 (km 0.000 to km 32.800),0,32790,27.2633538,77.8127896,27.0665625,77.9799134
8,E,Phase 1,Cycle 1,N_02005_04001_UP,N/02005/04001/UP,N_02005_04001_UP,6 of Etawah - Chakeri from km. 323.475 to km. 483.687 of NH-19,2800,61500,22.9807286715,77.6007005825,22.5481370311667,77.8127396381667
9,E,Phase 1,Cycle 1,N_02005_08001_UP,N/02005/08001/UP,N_02005_08001_UP,6 of Handia to Varanasi Section from Km 712.900 to Km 785.544,2800,61500,22.9807286715,77.6007005825,22.5481370311667,77.8127396381667
10,E,Phase 1,Cycle 1,"N_02005_09002_UP
","N/02005/09002/UP
",N_02005_09001_UP,"Varanasi bypass (Ring Road, Phase-I) from Harhua (Km 0.000) to Sandaha (Km 16.550)",245000,317630,25.3651906,82.170761,25.2721586,82.8577781
11,E,Phase 1,Cycle 1,"N_02005_10002_UP
","N/02005/10002/UP
",N_02005_10001_UP,"4 Bypass connecting NH-2 (Rakhauna Village km. 782.546 of NH-2) with NH-56 (Vajidpur Village km. 271.300 of NH-56) of Varanasi Ring Road (Pkg-I, Phase -II) from km. 0.00 to km. 16.400 i/c Interchange Loop at NH-2",245000,317630,25.3651906,82.170761,25.2721586,82.8577781
12,E,Phase 1,Cycle 1,N_08040_03001_UP,N/08040/03001/UP,N_08040_03001_UP,Varanasi (Km 12.01) to Birnon (Km 84.160) [Varanasi - Gorakpur] ( PKG-II),2800,61500,22.9807286715,77.6007005825,22.5481370311667,77.8127396381667
13,E,Phase 1,Cycle 1,N_02008_09001_UP,N/02008/09001/UP,N_02008_09001_UP,Jhansi - Lalitpur section 1/2 from km. 0.00 to km. 49.70 (Package - NS1/BOT/UP-2),245000,317630,25.3651906,82.170761,25.2721586,82.8577781
14,E,Phase 1,Cycle 1,"N_02021_06010_UP
","N/02021/06010/UP
",N_02021_06001_UP,Ayodhya - Gorakhpur Section from km. 137.97 to km. 252.86 of Old NH- 28 (Pkg No.l/NHAI/OMT/Pkg- 11/2011),245000,317630,25.3651906,82.170761,25.2721586,82.8577781
15,E,Phase 1,Cycle 1,N_02021_07001_UP,N/02021/07001/UP,N_02021_07001_UP,Four laning of Gorakhpur Bypass from km. 79.670 of NH - 29E to km. 251.700 of NH - 28,2800,61500,22.9807286715,77.6007005825,22.5481370311667,77.8127396381667
16,E,Phase 1,Cycle 1,N_02021_07002_UP,N/02021/07002/UP,N_02021_07002_UP,Gorakhpur Bypass (Km. 0.000 to Km. 32.27 connecting NH28),2800,61500,22.9807286715,77.6007005825,22.5481370311667,77.8127396381667
17,E,Phase 1,Cycle 1,N_02022_01001_UP,N/02022/01001/UP,N_02022_01001_UP,Gorakhpur - Kasia - UP/Bihar Border OMT-27A,245000,317630,25.3651906,82.170761,25.2721586,82.8577781
18,E,Phase 1,Cycle 1,N_04020_04001_UP,N/04020/04001/UP,N_04020_04001_UP,4 L of Moradabad - Bareilly section of NH-24 from km 149.25 to km 271.05,148000,269790,28.8145255,78.7044409,28.2544268,79.514351
19,E,Phase 1,Cycle 1,N_04021_01001_UP,N/04021/01001/UP,N_04021_01001_UP,Ghaziabad - Aligarh,23600,150960,28.638171,77.458536,27.86128,78.133982
20,E,Phase 1,Cycle 1,N_04021_03001_UP,N/04021/03001/UP,N_04021_03001_UP,Aligarh-Kanpur (Pkg II) [Bhadwas to Kalyanpur],195733,240893,27.633605,78.5027082,27.4465298,78.8787058
21,E,Phase 1,Cycle 1,N_04021_04001_UP,N/04021/04001/UP,N_04021_04001_UP,Aligarh-Kanpur (Pkg III) [Kalyanpur - Naviganj],240897,302107,27.4465985,78.8785395,27.1891028,79.3918778
22,E,Phase 1,Cycle 1,N_04040_02001_UP,N/04040/02001/UP,N_04040_02001_UP,4 PS of EPE Cossing to start of Shamli Bypass from Km. 92.20 to Km. 155.025 of existing NH-709-B,0,61400,28.8792994,77.2483543,29.3989707,77.2949085
23,E,Phase 1,Cycle 1,N_05048_02002_UP,N/05048/02002/UP,N_05048_02002_UP,Panipat - Shamli,0,35580,29.3271317,76.9865797,29.4112705,77.2947634
24,E,Phase 1,Cycle 1,N_08035_01001_UP,N/08035/01001/UP,N_08035_01001_UP,Shakarpur( Km 8.800) to Akbarpur (Km 73.512) of NH-235 in UttarPradesh (Meerut - Bulandshahar),2800,61500,22.9807286715,77.6007005825,22.5481370311667,77.8127396381667
25,E,Phase 1,Cycle 1,N_08035_02001_UP,N/08035/02001/UP,N_08035_02001_UP,Meerut - Muzaffarnagar,53250,130140,28.918314,77.641475,29.5278302,77.724848
26,E,Phase 1,Cycle 1,"N_08050_01003_UP
","N/08050/01003/UP
",N_08050_01001_UP,Ghaghra Bridge to Varanasi Section of NH-233 (Package-1),2800,61500,22.9807286715,77.6007005825,22.5481370311667,77.8127396381667
27,E,Phase 1,Cycle 1,N_08056_03001_UP,N/08056/03001/UP,N_08056_03001_UP,Gagalheri-Saharanpur- Yamunanagar (UP/ Haryana Border) Section of NH-73,34400,85850,30.0762398,77.3441423,29.9889023,77.6864533
28,E,Phase 1,Cycle 1,N_02004_01001_WB,N/02004/01001/WB,N_02004_01001_WB,6 of Dhankuni to Kharagpur from km 17.600 to km 129.000 of Old NH-06,17600,129000,22.65803016,88.312062,22.38443122,87.3712547
29,E,Phase 1,Cycle 1,N_15001_01001_WB,N/15001/01001/WB,N_04001_26001_WB,4 of Chichra - Kharagpur section from Km. 129.600 to Km. 185.150 including rehabilitation of existing 4 lane from km. 134.40 to Km.129.60 of Old NH-6,2800,61500,22.9807286715,77.6007005825,22.5481370311667,77.8127396381667
30,E,Phase 1,Cycle 1,N_06040_02001_WB,N/06040/02001/WB,N_06040_02001_WB,Kolaghat-Haldia from km. 0.00 to km. 53.72 including ROB cum Flyover from km. 52.08 to km. 53.472,134700,209225,26.25484444,82.0371326,25.8261007104725,82.5314201163669
31,E,Phase 1,Cycle 1,N_02021_03001_UP,N/02021/03001/UP,N_02021_03001_UP,Lucknow Ring Road Pkg-2 (Behta Road to Sitapur Road),79000,93520,26.9907959,81.0288583,26.8890232,81.0803239
32,E,Phase 1,Cycle 1,"N_07013_03003_UP
","N/07013/03003/UP
",N_07013_03001_UP,Jarwal to Bahraich,42546,93116,27.124003,81.51678383,27.5521891,81.5763755
33,E,Phase 1,Cycle 1,"N_07013_03003_UP
","N/07013/03003/UP
",N_07013_03002_UP,Barabanki to Jarwal Road(28C Pkg-1),42546,93116,27.124003,81.51678383,27.5521891,81.5763755
34,E,Phase 1,Cycle 1,"N_07013_04001_UP
","N/07013/04001/UP
",N_07013_04001_UP,Bahraich Bypass - Rupadiha,99000,152840,27.59664533,81.5797955,28.01845417,81.60002467
35,E,Phase 1,Cycle 1,N_02005_05001_UP,N/02005/05001/UP,N_02005_05001_UP,6L of Chakeri - Allahabad from 483.687 to km. 628.753 of Old NH-02,483687,629157,26.380812,80.416593,25.58685058,81.49431128
36,E,Phase 1,Cycle 1,N_02021_09001_UP,N/02021/09001/UP,N_02021_09001_UP,Jajmau-Ramadevi (rehabilitation of Ganga Bridge and upgradation of 4L divided carriageway,75500,80950,26.4443133,80.4174599,26.4072537,80.3822668
37,E,Phase 1,Cycle 1,N_04017_11001_UP,N/04017/11001/UP,N_04017_11001_UP,Kanpur - Kabrai from km. 0.00 to km. 123.863,0,123860,26.421126,80.319148,,
38,E,Phase 1,Cycle 1,N_04021_05002_UP,N/04021/05002/UP,N_04021_05002_UP,Aligarh-Kanpur section (Package-IV from Naviganj - Mitrasen),302108,373078,27.1891801,79.3914967,26.9637764,79.9937293
39,E,Phase 1,Cycle 1,N_04021_05003_UP,N/04021/05003/UP,N_04021_05003_UP,Aligarh-Kanpur section (Package-V from Mitrasen-Kanpur),373085,433725,26.9637943,79.9937281,26.5124353,80.2454785
40,E,Phase 1,Cycle 1,N_08018_01001_UP,N/08018/01001/UP,N_08018_01001_UP,Unnao - Lalganj Section from km 0.000 to 70.000,2800,61500,22.9807286715,77.6007005825,22.5481370311667,77.8127396381667
41,E,Phase 1,Cycle 1,N_08034_03013_UP,N/08034/03013/UP,N_08034_03013_UP,Repair and Maintenance of Rouza Chouraha (Ghazipur)- Phephna (Ballia) Section from Km 405.030 to Km 473.400 on NH-31 (Pkg-1),134700,209225,26.25484444,82.0371326,25.8261007104725,82.5314201163669
42,E,Phase 1,Cycle 1,"N_08034_04002_UP
","N/08034/04002/UP
",N_08034_04001_UP,"Repair and Maintenance of Ballia Morh, Mau to Phephana Ballia Section from Km 320 to Km 375.570 on NH-128B in the State of Uttar Pradesh.",320000,375560,25.9592402,83.5711227,25.7695185,84.0461189
43,E,Phase 1,Cycle 1,N_08067_02001_BR,N/08067/02001/BR,N_08067_02001_BR,Koilwar Bhojpur from km. 137.375 of NH- 30 to km. 27.37 of NH-84,2800,61500,22.9807286715,77.6007005825,22.5481370311667,77.8127396381667
44,E,Phase 1,Cycle 1,N_08020_02001_UP,N/08020/02001/UP,N_08020_02001_UP,Four Laning of Sultanpur to Varanasi (PKG-I) [from Sultanpur (Km 134.700) to Jaunpur (Km 209.230)],134700,209225,26.25484444,82.0371326,25.8261007104725,82.5314201163669
45,E,Phase 1,Cycle 1,N_08020_03001_UP,N/08020/03001/UP,N_08020_03001_UP,Four Laning of Sultanpur to Varanasi (PKG-II) [from Jaunpur (Km 209.230) to Varanasi (Km 272.590)],209230,272650,25.826668166,82.5307633625,25.430821338,82.8603619255
46,E,Phase 1,Cycle 1,N_04021_02001_UP,N/04021/02001/UP,N_04021_02001_UP,"Aligarh-Kanpur, Pkg I [Aligarh-Bhadwas] section of NH-34",140200,186030,27.8612694,78.1340757,27.6333068,78.5033458
47,E,Phase 1,Cycle 1,N_02005_20001_WB,N/02005/20001/WB,N_02005_20001_WB,Sister Nivedita Bridge (2nd Vivekananda Bridge) & its approaches from km. 653.010 to km. 659.050 of Old NH-2. (New NH-12),653010,659050,22.65740927,88.31524226,22.65212997,88.37241878
48,E,Phase 1,Cycle 1,N_09089_01001_WB,N/09089/01001/WB,N_09089_01001_WB,Short term improvement and Routine Maintenance of NH-2E (Belghoria Expressway) from Km.0.000 to Km.7.363 excluding from Km.2.900 to 4.250 (BHS),0,7360,22.6525108208333,88.4380859305,22.6543479436667,88.3709738871667
49,E,Phase 1,Cycle 2,N_02023_01002_BR,N/02023/01002/BR,N_02023_01002_BR,Kotwa (Motihari) — Mehsi - Muzaffarpur from km. 440.000 to km. 520.000 ofNH- 27 (Old NH-28) under TOT Bundle-3,2800,61500,22.9807286715,77.6007005825,22.5481370311667,77.8127396381667
50,E,Phase 1,Cycle 2,N_04010_11001_JH,N/04010/11001/JH,N_04010_11001_JH,4 of Piska More (Km. 2.90) to Palma (Km. 26.00) of NH- 23,2800,61500,22.9807286715,77.6007005825,22.5481370311667,77.8127396381667
51,E,Phase 1,Cycle 2,N_02005_16001_JH,N/02005/16001/JH,N_02005_16001_JH,Khairatunda to Barwa Adda Section of NH 2 from km. 360.300 to km. 400.132 (Pkg II),360300,401570,23.969890471333,86.051625337,23.8522225135,86.426109958
52,E,Phase 1,Cycle 2,N_05004_04003_JH,N/05004/04003/JH,N_05004_04003_JH,Balance work of Ranchi-Mahulia Section of NH-33 from Km 140.000 (Rampur) to Km 217.300 (Chowka) (Pkg-II),140000,216990,23.273524397,85.4201605398333,22.9656064788333,85.9981419315
53,E,Phase 1,Cycle 2,N_05004_04004_JH,N/05004/04004/JH,N_05004_04004_JH,Balance work of Ranchi-Mahulia Section of NH-33 from Km 217.300 (Chowka) to Km 233.350 (Saharbeda) (pkg-III),217300,233460,22.9656744293333,85.9975148728333,22.892443373,86.1129183096667
54,E,Phase 1,Cycle 2,N_05004_04005_JH,N/05004/04005/JH,N_05004_04005_JH,Balance work of Ranchi-Mahulia Section of NH-33 from Km 233.350 (Saharbeda) to Km 277.568 (Mahulia) (Package -IV),233350,277520,22.8924404168333,86.1130288565,22.6556521793333,86.405802326
55,E,Phase 1,Cycle 2,N_08008_07001_JH,N/08008/07001/JH,N_08008_07001_JH,Bijupara (Km. 34.00) to Kuru (Km. 55.00) of NH-75 in Jharkhand,34000,54940,23.483578827,85.0170834355,23.5367075316667,84.8311290935
56,E,Phase 1,Cycle 2,N_08008_08001_JH,N/08008/08001/JH,N_08008_08001_JH,4 of Kutchery Chowk - Piska More - Bijupara from Km. 0.00 - Km. 34.00 of NH - 75,2800,61500,22.9807286715,77.6007005825,22.5481370311667,77.8127396381667
57,E,Phase 1,Cycle 2,N_08025_06001_JH,N/08025/06001/JH,N_08025_06001_JH,4 of Hazaribagh-Ranchi stretch of NH33 from Km 40.5 to Kml 14 including Kujju bypass,41650,114960,23.9644544661667,85.3730836106667,23.4454826906333,85.4326667265333
58,E,Phase 1,Cycle 2,N_02004_04001_OR,N/02004/04001/OR,N_02004_04001_OR,6 of Chandikhole (km 62.000) to Bhadrak (km136.500),62000,136540,20.7074712485,86.134610295333,21.142485925833,86.562455766167
59,E,Phase 1,Cycle 2,N_04001_22001_OR,N/04001/22001/OR,N_04001_22001_OR,CG/OD Border - Baragarh - Sambalpur from km. 0.00 to km. 88.00,1000,88440,21.4948061015,83.977911465333,21.307597391333,83.262797576833
60,E,Phase 1,Cycle 2,N_04001_25001_OR,N/04001/25001/OR,N_04001_25001_OR,Binjhabahal - Telebani from km. 414.000 to km. 491.71,414982,493302,21.4496034678333,85.2562391921666,21.5403320811124,84.5968218607729
61,E,Phase 1,Cycle 2,N_04001_27001_OR,N/04001/27001/OR,N_04001_27001_OR,Singhara - Binjhabahal from km. 310.806 to km. 414.982,15,414975,21.646295545,85.5976998898333,21.4496865116666,85.2555953855
62,E,Phase 1,Cycle 2,N_04001_28001_OR,N/04001/28001/OR,N_04001_28001_OR,Baharagora (199.606 Km) to Singhara (310.806 Km) of NH-6,199200,308380,22.2779999248333,86.725144353,21.8593854268333,85.9307053095
63,E,Phase 1,Cycle 2,N_05004_03001_OR,N/05004/03001/OR,N_05004_03001_OR,Balasore - Baripada - Jharpokharia - section of NH-5 (km 0.00 to km 80.6),0,81250,22.18174702,86.6466459619999,21.5529836742265,86.925307186164
64,E,Phase 1,Cycle 2,N_09060_02001_OR,N/09060/02001/OR,N_09060_02001_OR,Balance Work of Puri Bypass Road of Bhubaneswar-Puri Section from km. 56.500 to km. 67.500,56500,67150,19.851590352,85.8362497521666,19.7860016315325,85.7875116135872
65,E,Phase 1,Cycle 2,N_02005_03001_UP,N/02005/03001/UP,N_02005_03001_UP,Agra - Etawah Bypass Section of NH- 2 from Km. 199.660 to Km. 323.525 in the State of Uttar Pradesh,199660,324000,27.206883142,78.029895812167,26.762039950167,79.048799960667
66,E,Phase 1,Cycle 2,N_02008_02001_UP,N/02008/02001/UP,N_02008_02001_UP,Agra Bypass connecting km 176.8 of NH-2 to km 13.03 of NH-3 (km 0.000 to km 32.800),1025200,1058020,27.260566805,77.815602926167,27.065187684,77.983219496
67,E,Phase 1,Cycle 2,N_02005_04001_UP,N/02005/04001/UP,N_02005_04001_UP,6 of Etawah - Chakeri from km. 323.475 to km. 483.687 of NH-19,2800,61500,22.9807286715,77.6007005825,22.5481370311667,77.8127396381667
68,E,Phase 1,Cycle 2,"N_02020_02002_UP
","N/02020/02002/UP
",N_02020_02001_UP,4 of Orai - Bhognipur - Barah from km. 220.0 to km. 255.00 of Old NH-25 & from km. 421.20 to km. 449.00 on Old NH-02 (Pkg No. EW-II/BOT-UP),1515713,1578863,26.022483413667,79.538808697667,26.3806134520553,80.0026137061667
69,E,Phase 1,Cycle 2,N_02005_06001_UP,N/02005/06001/UP,N_02005_06001_UP,"Allahabad Bypass (3B) (Packages ABP-I, II, III )",628750,713220,25.586881178,81.4938331455,25.364964491667,82.171890531333
70,E,Phase 1,Cycle 2,N_02005_08001_UP,N/02005/08001/UP,N_02005_08001_UP,6 of Handia to Varanasi Section from Km 712.900 to Km 785.544,712900,785550,25.365157302833,82.170706576667,25.27207017,82.8577798905
71,E,Phase 1,Cycle 2,N_06019_02002_UP,N/06019/02002/UP,N_06019_02002_UP,4 PS of Prayagraj to UP/MP Border section of NH-27 (New NH-30) from Km. 4.285 to Km 45.627,4280,46040,25.404144186167,81.839156028333,25.047536541,81.733516622833
72,E,Phase 1,Cycle 2,"N_02005_09002_UP
","N/02005/09002/UP
",N_02005_09001_UP,"Varanasi bypass (Ring Road, Phase-I) from Harhua (Km 0.000) to Sandaha (Km 16.550)",2800,61500,22.9807286715,77.6007005825,22.5481370311667,77.8127396381667
73,E,Phase 1,Cycle 2,"N_02005_10002_UP
","N/02005/10002/UP
",N_02005_10001_UP,"4 Bypass connecting NH-2 (Rakhauna Village km. 782.546 of NH-2) with NH-56 (Vajidpur Village km. 271.300 of NH-56) of Varanasi Ring Road (Pkg-I, Phase -II) from km. 0.00 to km. 16.400 i/c Interchange Loop at NH-2",0,15770,25.269780306167,82.825039442333,25.376698240667,82.913518333333
74,E,Phase 1,Cycle 2,N_04019_07001_UP,N/04019/07001/UP,N_04019_07001_UP,Lalganj-Hanumana km 96.80 - km 140.200,96800,140220,25.029121248167,82.386333456833,24.79821144,82.110988761167
75,E,Phase 1,Cycle 2,N_04019_08001_UP,N/04019/08001/UP,N_04019_08001_UP,Dagamagpur to Lalganj (km 49.1 - km 96.8),49100,96850,25.097526327333,82.799509595,25.028565799667,82.384806136667
76,E,Phase 1,Cycle 2,N_08040_03001_UP,N/08040/03001/UP,N_08040_03001_UP,Varanasi (Km 12.01) to Birnon (Km 84.160) [Varanasi - Gorakpur] ( PKG-II),12000,84170,25.384932634667,83.060735639333,25.673664877833,83.551317646667
77,E,Phase 1,Cycle 2,N_02008_09001_UP,N/02008/09001/UP,N_02008_09001_UP,Jhansi - Lalitpur section 1/2 from km. 0.00 to km. 49.70 (Package - NS1/BOT/UP-2),1269455,1319165,25.459107081,78.481208001667,25.0635385359448,78.4388813331481
78,E,Phase 1,Cycle 2,N_02008_10001_UP,N/02008/10001/UP,N_02008_10001_UP,Jhansi - Lalitpur section 2/2 from km. 49.70 to km. 99.005 (Package - NS1/BOT/UP-3),49700,99110,25.064799466667,78.439615496167,24.671418400833,78.440141164167
79,E,Phase 1,Cycle 2,N_04020_06001_UP,N/04020/06001/UP,N_04020_06001_UP,Four Laning of Lucknow-Sitapur from km 488.270 to km 413.200,90370,217830,26.254686542833,82.037245373,26.8014703895,81.004666596333
80,E,Phase 1,Cycle 2,N_05018_01001_UP,N/05018/01001/UP,N_05018_01001_UP,Lucknow-Raibarelli,12700,82720,26.767977367667,80.9456581375,26.213150497667,81.252247310833
81,E,Phase 1,Cycle 2,N_08020_01001_UP,N/08020/01001/UP,N_08020_01001_UP,Lucknow (11.500) to Sultanpur (138.925) of NH-56 in Uttar Pradesh,90370,217830,26.254686542833,82.037245373,26.8014703895,81.004666596333
82,E,Phase 1,Cycle 2,N_02021_07001_UP,N/02021/07001/UP,N_02021_07001_UP,Four laning of Gorakhpur Bypass from km. 79.670 of NH - 29E to km. 251.700 of NH - 28,300,16680,26.8623172165,83.315324933167,26.742801015405,83.2532450014999
83,E,Phase 1,Cycle 2,N_02021_07002_UP,N/02021/07002/UP,N_02021_07002_UP,Gorakhpur Bypass (Km. 0.000 to Km. 32.27 connecting NH28),253500,284870,26.7430302315,83.25341632,26.7437657565,83.529854401
84,E,Phase 1,Cycle 2,N_02022_01001_UP,N/02022/01001/UP,N_02022_01001_UP,Gorakhpur - Kasia - UP/Bihar Border OMT-27A,285000,366170,26.745390809333,83.5292278275,26.6043382475,84.267686134
85,E,Phase 1,Cycle 2,N_04021_01001_UP,N/04021/01001/UP,N_04021_01001_UP,Ghaziabad - Aligarh,23600,151000,28.638834087833,77.457615458,27.860796829333,78.135360362667
86,E,Phase 1,Cycle 2,N_04020_04001_UP,N/04020/04001/UP,N_04020_04001_UP,4 L of Moradabad - Bareilly section of NH-24 from km 149.25 to km 271.05,148000,271110,28.821699228333,78.695365436333,28.255372711833,79.5138456705
87,E,Phase 1,Cycle 2,N_04021_03001_UP,N/04021/03001/UP,N_04021_03001_UP,Aligarh-Kanpur (Pkg II) [Bhadwas to Kalyanpur],195730,240950,27.633811943833,78.502182994833,27.446194265833,78.879472667667
88,E,Phase 1,Cycle 2,N_04021_04001_UP,N/04021/04001/UP,N_04021_04001_UP,Aligarh-Kanpur (Pkg III) [Kalyanpur - Naviganj],240895,302265,27.4469065585,78.877723254833,27.188900238917,79.3927188845835
89,E,Phase 1,Cycle 2,N_08050_01003_UP,N/08050/01003/UP,N_08050_01003_UP,Ghaghra Bridge to Varanasi Section of NH-233 (Package-1),124150,180430,26.594645055667,82.619147329667,26.278755226333,83.003825638333
90,E,Phase 1,Cycle 2,N_02004_01001_WB,N/02004/01001/WB,N_02004_01001_WB,6 of Dhankuni to Kharagpur from km 17.600 to km 129.000 of Old NH-06,17600,129010,22.658030187167,88.312011401667,22.38434686,87.371162398333
91,E,Phase 1,Cycle 2,N_02004_02001_WB,N/02004/02001/WB,N_02004_02001_WB,Four Laning of Balasore to Kharagpur from km. 0.00 to km. 119.30,0,119380,21.550152369333,86.922149971667,22.378168298167,87.368200216833
92,E,Phase 1,Cycle 2,N_15001_01001_WB,N/15001/01001/WB,N_15001_01001_WB,4 of Chichra - Kharagpur section from Km. 129.600 to Km. 185.150 including rehabilitation of existing 4 lane from km. 134.40 to Km.129.60 of Old NH-6,16080,72280,22.304116535833,86.873497203833,22.38224054,87.368270797333
93,E,Phase 1,Cycle 2,N_06040_02001_WB,N/06040/02001/WB,N_06040_02001_WB,Kolaghat-Haldia from km. 0.00 to km. 53.72 including ROB cum Flyover from km. 52.08 to km. 53.472,0,53240,22.434498999167,87.8620264875,22.048714143,88.087392691
94,E,Phase 1,Cycle 2,N_08005_04001_WB,N/08005/04001/WB,N_08005_04001_WB,Farakka (295.000) to Raiganj (395.000) of NH-34 in the state of West Bengal,294900,394640,24.808080679833,87.9442268885,25.569984516167,88.1330163135
95,E,Phase 1,Cycle 2,N_05004_04002_JH,N/05004/04002/JH,N_05004_04002_JH,Balance work of Ranchi-Mahulia Section of NH-33 from Km 113.730 (Vikas) to Km 140.000 (Rampur) (Pkg-I),113730,139500,23.4450832916667,85.4320757433333,23.273514429,85.4201650228333
96,E,Phase 1,Cycle 2,N_08038_01001_BR,N/08038/01001/BR,N_08038_01001_BR,Two Laning of Mokama-Munger section of NH-80 from Km 1.430 to Km 70.000 in Bihar under NHDP Phase-III on DBFOT Annuity basis,1430,70020,25.3703168046666,85.9848175833333,25.3402658842174,86.4643191334427
97,E,Phase 1,Cycle 2,"N_09077_01001_BR-RCW
","N/09077/01001/BR-RCW
",N_09077_01001_BR,"Construction of Approaches to Rail cum Road bridge across river Ganga at Munger Ghat near Munger on NH-80 from Km 0.00 (Km 74.7) to Km 9.394 (start point of Rail cum Road viaduct) and Km 0.075 (end point of Rail cum Road Viaduct) to Km 5.198 (Km 262.8 of NH-31) in Bihar on EPC mode,",0,9420,25.3461597171666,86.5148790706666,25.389995906,86.4660296795
98,E,Phase 1,Cycle 2,N_02026_06003_AS,N/02026/06003/AS,N_02026_06003_AS,"Tolling, Operation, Maintenance & Transfer of Kaljhar-Patacharkuchi Section from Km. 1013.000 to Km. 1040.300 of NH-27 in the State of Assam",1013000,1040460,26.421482029,91.014094290333,26.508631472,91.250418291
99,E,Phase 1,Cycle 2,N_02025_07004_WB,N/02025/07004/WB,N_02025_07004_WB,Strengthening & Improvement of NH-31 (new NH 27) from Km 447.000 To 551.000 Daikhola-Islampur-Ghoshpukur Section (Excluding Islampur Bypass) in the State of West Bengal on O&M basis,2800,61500,22.9807286715,77.6007005825,22.5481370311667,77.8127396381667
100,E,Phase 1,Cycle 2,N_02025_02001_WB,N/02025/02001/WB,N_02025_02001_WB,Islampur Bypass of NH-31 (New NH-27) of 10.31 km length in the state of West Bengal,2611000,2621360,26.234878851,88.1553628565,26.282927979167,88.222712822333
101,E,Phase 1,Cycle 2,"N_02025_04007_WB
","N/02025/04007/WB
",N_02025_04001_WB,Ghoshpukur (km 0.000) to Dhupguri (km 83.785) of NH-31D,0,83810,26.587170018167,88.285326425667,26.576646495333,88.9715562585
102,E,Phase 1,Cycle 2,N_02005_17001_WB,N/02005/17001/WB,N_02005_17001_WB,Barwa Adda (Km. 398.240) to Panagarh (Km. 521.120),398240,521110,23.852602927667,86.424317344167,23.432462688167,87.484818260833
103,E,Phase 1,Cycle 2,N_02005_18002_WB,N/02005/18002/WB,N_02005_18002_WB,6L of Palsit-Panagarh from Km. 521.120 to Km. 588.870 of NH-19,521100,588930,23.432631788333,87.484487813333,23.164261136167,88.031726583667
104,E,Phase 1,Cycle 2,N_02021_02002_UP,N/02021/02002/UP,N_02021_02002_UP,Lucknow Ring Road Pkg-1 (Sultanpur Road to Behta Road) [Bypass connecting NH-56 at km. 17.40 and terminating near Behta Road],0,32090,26.794581392333,81.058985276333,26.777830823833,80.819872985167
105,E,Phase 1,Cycle 2,N_02021_03001_UP,N/02021/03001/UP,N_02021_03001_UP,Lucknow Ring Road Pkg-2 (Behta Road to Sitapur Road),32000,64940,26.7776238505,80.8199755415,27.001777700667,80.925197355833
106,E,Phase 1,Cycle 2,N_02021_04002_UP,N/02021/04002/UP,N_02021_04002_UP,Lucknow Ring Road Pkg 3A (Sitapur Road to Kursi Road),64900,79540,27.001859940833,80.924969579,26.990857119833,81.028543838167
107,E,Phase 1,Cycle 2,"N_07013_03003_UP
","N/07013/03003/UP
",N_07013_03001_UP,Jarwal to Bahraich,42546,92996,27.123925947167,81.516790656833,27.552504160333,81.5767137135
108,E,Phase 1,Cycle 2,"N_07013_03003_UP
","N/07013/03003/UP
",N_07013_03002_UP,Barabanki to Jarwal Road(28C Pkg-1),42546,92996,27.123925947167,81.516790656833,27.552504160333,81.5767137135
109,E,Phase 1,Cycle 2,"N_07013_04001_UP
","N/07013/04001/UP
",N_07013_04001_UP,Bahraich Bypass - Rupadiha,99000,152840,27.596665114833,81.5797921405,28.018013058,81.599762772667
110,E,Phase 1,Cycle 2,N_02005_05001_UP,N/02005/05001/UP,N_02005_05001_UP,6L of Chakeri - Allahabad from 483.687 to km. 628.753 of Old NH-02,2800,61500,22.9807286715,77.6007005825,22.5481370311667,77.8127396381667
111,E,Phase 1,Cycle 2,N_02021_09001_UP,N/02021/09001/UP,N_02021_09001_UP,Jajmau-Ramadevi (rehabilitation of Ganga Bridge and upgradation of 4L divided carriageway,75500,80960,26.444659686833,80.417788295333,26.407457872167,80.382517990833
112,E,Phase 1,Cycle 2,N_04017_11001_UP,N/04017/11001/UP,N_04017_11001_UP,Kanpur - Kabrai from km. 0.00 to km. 123.863,7430,131300,26.421094702833,80.3192068125,25.3890340305,80.008369088667
113,E,Phase 1,Cycle 2,N_04021_05002_UP,N/04021/05002/UP,N_04021_05002_UP,Aligarh-Kanpur section (Package-IV from Naviganj - Mitrasen),302100,373090,27.189137229,79.391549850333,26.96308997,79.994406782667
114,E,Phase 1,Cycle 2,N_04021_05003_UP,N/04021/05003/UP,N_04021_05003_UP,Aligarh-Kanpur section (Package-V from Mitrasen-Kanpur),373085,433795,26.963840154833,79.9935951575,26.5117508639169,80.2460591995206
115,E,Phase 1,Cycle 2,N_08018_01001_UP,N/08018/01001/UP,N_08018_01001_UP,Unnao - Lalganj Section from km 0.000 to 70.000,2800,61500,22.9807286715,77.6007005825,22.5481370311667,77.8127396381667
116,E,Phase 1,Cycle 2,N_02005_07001_UP,N/02005/07001/UP,N_02005_07001_UP,"Management, Operation & Maintenance of Naini Cable Stayed Bridge across River Yamuna including approaches from Km 0.000 to 5.410",0,5420,25.439902398833,81.863193047,25.4035522069312,81.8391375558923
117,E,Phase 1,Cycle 2,N_08018_03001_UP,N/08018/03001/UP,N_08018_03001_UP,Short Term Maintenance of Prayagraj Bypass Junction-Mungra Badshahpur Section from Km 21.000 to 53.170 of NH-319D,21000,53270,25.4896352195,81.993731557833,25.677681315833,82.215733807667
118,E,Phase 1,Cycle 2,N_05014_01001_BR,N/05014/01001/BR,N_05014_01001_BR,4L of Hajipur-Muzaffarpur Section of the existing NH-77 from Km. 0+000 (Ramashish Chowk) to Km. 46+300 and new bypass starting at Km. 46+300 and connecting NH-28 of E-W Corridor at Km. 515+045,0,45870,25.705953831,85.2196516595,26.0778681136666,85.3770771731666
119,E,Phase 1,Cycle 2,N_08017_01001_BR,N/08017/01001/BR,N_08017_01001_BR,Patna Bakhtiyarpur section of NH-30 from km. 181.300 to km. 231.950,181900,183400,25.5842753503333,85.1225736908333,25.5847035411666,85.1374503656666
120,E,Phase 1,Cycle 2,N_08067_02001_BR,N/08067/02001/BR,N_08067_02001_BR,Koilwar Bhojpur from km. 137.375 of NH- 30 to km. 27.37 of NH-84,33250,77100,25.5687497705,84.8245023045,25.598327106,84.4183672366666
121,E,Phase 1,Cycle 2,N_05005_07001_BR,N/05005/07001/BR,N_05005_07001_BR,6L of Kanhauli - Ramnagar (Patna Ring Road PKG-I) from Km 0.000 to Km 39.160 of SH-78/ new NH-131G,300,39200,25.5797997353333,84.9156250565,25.4442054398333,85.2198719988333
122,E,Phase 1,Cycle 2,N_08020_02001_UP,N/08020/02001/UP,N_08020_02001_UP,Four Laning of Sultanpur to Varanasi (PKG-I) [from Jaunpur (Km 209.230) to Varanasi (Km 272.590)],134700,209230,26.254889497167,82.037058431833,25.826257299167,82.5312472395
123,E,Phase 1,Cycle 2,N_08020_03001_UP,N/08020/03001/UP,N_08020_03001_UP,Four Laning of Sultanpur to Varanasi (PKG-II) [from Jaunpur (Km 209.230) to Varanasi (Km 272.590)],209230,272620,25.8266739645,82.530797337667,25.430306381167,82.861066924
124,E,Phase 1,Cycle 2,N_02005_20001_WB,N/02005/20001/WB,N_02005_20001_WB,Sister Nivedita Bridge (2nd Vivekananda Bridge) & its approaches from km. 653.010 to km. 659.050 of Old NH-2. (New NH-12),653010,659070,22.657398932333,88.315303309333,22.6521554355,88.372675414667
125,E,Phase 1,Cycle 2,N_09089_01001_WB,N/09089/01001/WB,N_09089_01001_WB,Short term improvement and Routine Maintenance of NH-2E (Belghoria Expressway) from Km.0.000 to Km.7.363 excluding from Km.2.900 to 4.250 (BHS),0,7500,22.652495411833,88.438051640333,22.654199513,88.369594785833
126,E,Phase 1,Cycle 2,N_09073_01001_BR,N/09073/01001/BR,N_09073_01001_BR,O&M Period for 2 laning of Muzaffarpur-Sonbarsa Section of NH-77 from km 2.800 to km 89.000 in the State of Bihar under NHDP Phase-III on DBFOT Annuity Basis,2800,85500,26.1725326693333,85.3922549848333,26.840862911,85.5662066321666
127,E,Phase 1,Cycle 2,"N_02025_07004_WB
","N/02025/07004/WB
",N_02023_03001_BR,2nd Flyover (LCW) Parallel to Existing Flyover in Kishanganj Town,2800,61500,22.9807286715,77.6007005825,22.5481370311667,77.8127396381667
128,E,Phase 1,Cycle 2,N_04030_02001_OR,N/04030/02001/OR,N_04030_02001_OR,Rehabilitation and Upgradation to 4-laning of Angul-Sambalpur section of NH-42 from Km.112.000 to Km.265.000 in the State of Odisha under NHDP-IV on EPC mode – 150.858 Km.,112000,262860,20.8222015156666,85.0504898488333,21.4574145934322,84.0151244039895
129,E,Phase 1,Cycle 2,N_04001_23001_OR,N/04001/23001/OR,N_04001_23001_OR,Four Laning of Teleibani - Sambalpur from Km.493.30 to Km.521.30 and Km.545.176 to Km.567.40,493300,566076,21.5402745153333,84.5969071973333,21.4835035418333,83.9954147548333
130,E,Phase 1,Cycle 2,N_02004_09001_OR,N/02004/09001/OR,N_02004_08001_OR,Khandagiri Chowk Grade Separator (Km.412.000) on NH 16,410790,413040,20.2494378681666,85.7836350438333,20.2678829676666,85.7924361986666
131,E,Phase 1,Cycle 2,N_02004_05001_OR,N/02004/05001/OR,N_02004_05001_OR,6L of Bhubaneswar-Jagatpur- Chandikhole section of NH-16.,15,418990,20.2968296304435,85.835480577693,20.2968269394583,85.835462874
132,E,Phase 1,Cycle 2,N_08024_02003_UP,N/08024/02003/UP,N_08024_02003_UP,"Improvement and Up-Gradation of Existing Road to 4L PS from Km 175.080 to 229.070, from End of Hardoi Bypass to End of Hardoi District of NH 731 (Pkg-3)",175080,229150,27.330732144,80.185417694333,27.010365737,80.561211578167
133,E,Phase 1,Cycle 2,N_02004_09001_OR,N/02004/09001/OR,N_02004_09001_OR,Tangi to Bhubaneswar (km 355.0 to km 414.0) of NH-5 (New NH-16),410790,413040,20.2494378681666,85.7836350438333,20.2678829676666,85.7924361986666
134,E,Phase 1,Cycle 2,N_02004_03001_OR,N/02004/03001/OR,N_02004_03001_OR,Bhadrak (KM 136.500) to Baleshwar (KM 199.141),136500,199140,21.1421204411666,86.5623020513333,21.5501412993333,86.922174954
135,E,Phase 1,Cycle 2,N_02021_01014_UP,N/02021/01014/UP,N_02021_01014_UP,Strenthening and major maintenance work from Km 8.000 to Km 68.900 of NH-28 (new NH-27) of Lucknow-Ayodhya Section Pkg-1,15400,69040,26.894075096167,81.077338134167,26.789696500667,81.566870989167
136,E,Phase 1,Cycle 2,N_02021_04003_UP,N/02021/04003/UP,N_02021_04003_UP,"Operation and Maintenance of Lucknow Bypass Section (Km. 0.000 to Km. 22.875) of NH-56 A&B, Lucknow Outer Ring Road-3B (Km.79.516/79.000 to Km. 94.457/93.473) and Lucknow Outer Ring Road-Kisan Path (Km.0.491/0.495 to Km. 11.660/12.210)",79500,94590,26.990903811667,81.028149691667,26.889908351833,81.0809545955
137,E,Phase 1,Cycle 2,N_02021_01013_UP,N/02021/01013/UP,N_02021_01013_UP,"Strengthening, Improvement and routine maintenance of Lucknow-Kanpur section from km. 27.700 to km. 75.500 of NH-27 (Old NH-25) including construction of Drain & Service Road, rehabilitation of Unnao RoB",27300,75530,26.649803122667,80.796025903333,26.444162602833,80.417372945833
138,E,Phase 1,Cycle 2,"N_08064_01001_WB-RCW
","N/08064/01001/WB-RCW
",N_08064_01001_WB,2L PS of JH / WB Border (km. 70.524) - Purulia (km.84.400) & Purulia (km. 94.30) - Chandil (Junction with NH-33) (km. 153.705) of Old NH-32,70520,153720,23.4492941375,86.212018553833,22.9571738559543,86.0093226795148
139,E,Phase 1,Cycle 2,N_08062_01001_OR,N/08062/01001/OR,N_08062_01001_OR,4 Laning of Talcher to end of Kamakhyanagar Bypass km 8.844 - km 15.725 of NH-149 and km 301.875 - km 335.946 of NH-53 (Pkg-I),8500,336910,20.920657665833,85.222425671167,20.928648741667,85.571803862333
140,E,Phase 1,Cycle 2,N_08062_02001_OR,N/08062/02001/OR,N_08062_02001_OR,4 laning of End of Kamakhyanagar Bypass - Duburi from km. 335.946 to km 388.382 (Pkg-II),336900,388070,20.928923966167,85.570965354833,20.9891851635,85.978146685833
141,E,Phase 1,Cycle 2,N_08062_05001_OR,N/08062/05001/OR,N_08062_05001_OR,Rehabilitation and Upgradation of NH-149 from Km.0.000 to Km.68.280 (Pallahara to Pitiri section) to 2-lanes with paved shoulders under NHDO-IV in the state of Odisha on EPC Mode,0,68280,21.446019621,85.177106785667,20.945529850167,85.271027848667
142,E,Phase 1,Cycle 2,N_09084_01002_ML,N/09084/01002/ML,N_09084_01002_ML,"Strengthening/ improvement including regular maintenance work from the ch. Km 69.200 to 120.200 of the project ""Two Lane with paved shoulders configuration in Jowai Meghalaya Assam Border Section of NH44(New NH-6) from Km 69.200 to Km 173.200 (design Ch 171.455)",69200,125180,25.46637221,92.233167922667,25.169689640167,92.380883360833
143,E,Phase 1,Cycle 2,N_09083_02001_ML,N/09083/02001/ML,N_09083_02001_ML,Two- Laning of Shillong Bypass Connectuig NH-40 and NH-44 from Km 61.800 of NH-40 to Km 34.850 of NH-44 in the State of Meghalaya under SARDP-NE on BOT (Annuity) Mode.,0,48800,25.677962061833,91.905206116667,25.551744372167,92.059616588167
144,E,Phase 1,Cycle 2,N_04010_10001_JH,N/04010/10001/JH,N_04010_10001_JH,4L of Palma to Gumla from km. 26.00 to km. 89.170 of NH-23,26000,89180,23.317285320667,85.0946111585,23.053223172167,84.580376812333
145,E,Phase 1,Cycle 2,"N_02026_01003_WB
","N/02026/01003/WB
",N_02026_01003_WB,Short term Improvement and Routine Maintenance from Km.228.000 to Km.254.500 of Salsalabari to Assam Bengal Border section of NH-31C (New NH-27),2800,61500,22.9807286715,77.6007005825,22.5481370311667,77.8127396381667
146,E,Phase 1,Cycle 2,N_02005_19002_WB,N/02005/19002/WB,N_02005_19002_WB,6L of Palsit - Dankuni from Km 588.870 to Km 652.700,588870,651560,23.1643802615,88.031675967,22.665162625,88.304183796
147,E,Phase 1,Cycle 3,"N_08025_04001_JH-RCW
","N/08025/04001/JH-RCW
",N_08025_04001_JH,Barhi-Koderma Section of NH31 km 0.00 - km 27.5,0,27510,24.3056568661666,85.4174740666666,24.4529376496666,85.570808989
148,E,Phase 1,Cycle 3,N_04010_11001_JH,N/04010/11001/JH,N_04010_11001_JH,4 of Piska More (Km. 2.90) to Palma (Km. 26.00) of NH- 23,2800,61500,22.9807286715,77.6007005825,22.5481370311667,77.8127396381667
149,E,Phase 1,Cycle 3,N_05004_04003_JH,N/05004/04003/JH,N_05004_04003_JH,Balance work of Ranchi-Mahulia Section of NH-33 from Km 140.000 (Rampur) to Km 217.300 (Chowka) (Pkg-II),140000,217320,23.2751975225,85.4183187183333,22.9656675421666,85.9974883611666
150,E,Phase 1,Cycle 3,N_05004_04004_JH,N/05004/04004/JH,N_05004_04004_JH,Balance work of Ranchi-Mahulia Section of NH-33 from Km 217.300 (Chowka) to Km 233.350 (Saharbeda) (pkg-III),217300,233260,22.9656751293333,85.9974283054999,22.894211301,86.111748805
151,E,Phase 1,Cycle 3,N_05004_02004_JH,N/05004/02004/JH,N_05004_02004_JH,4 of Mahulia (km 277.500) to Baharagora (km 333.500) of NH-33 and Baharagora (km 199.200) to Chichira (km. 183.587) of NH-06,183535,333525,22.3040483266666,86.8735605718333,22.2782978078333,86.72492543
152,E,Phase 1,Cycle 3,N_08008_07001_JH,N/08008/07001/JH,N_08008_07001_JH,Bijupara (Km. 34.00) to Kuru (Km. 55.00) of NH-75 in Jharkhand,2800,61500,22.9807286715,77.6007005825,22.5481370311667,77.8127396381667
153,E,Phase 1,Cycle 3,N_08008_08001_JH,N/08008/08001/JH,N_08008_08001_JH,4 of Kutchery Chowk - Piska More - Bijupara from Km. 0.00 - Km. 34.00 of NH - 75,2800,61500,22.9807286715,77.6007005825,22.5481370311667,77.8127396381667
154,E,Phase 1,Cycle 3,N_08025_06001_JH,N/08025/06001/JH,N_08025_06001_JH,4 of Hazaribagh-Ranchi stretch of NH33 from Km 40.5 to Kml 14 including Kujju bypass,41650,115000,23.96454939,85.37309863,23.4455488693333,85.4327563819999
155,E,Phase 1,Cycle 3,N_05004_04005_JH,N/05004/04005/JH,N_05004_04005_JH,Balance work of Ranchi-Mahulia Section of NH-33 from Km 233.350 (Saharbeda) to Km 277.568 (Mahulia) (Package -IV),233600,277580,22.8913066841666,86.1145889828333,22.6555767476666,86.4058834181666
156,E,Phase 1,Cycle 3,N_08024_02003_UP,N/08024/02003/UP,N_08024_02003_UP,"Improvement and Up-Gradation of Existing Road to 4L PS from Km 175.080 to 229.070, from End of Hardoi Bypass to End of Hardoi District of NH 731 (Pkg-3)",175080,229080,27.3306782498333,80.1854193365,27.010180584,80.5614463691666
157,E,Phase 1,Cycle 3,N_08020_01001_UP,N/08020/01001/UP,N_08020_01001_UP,Lucknow (11.500) to Sultanpur (138.925) of NH-56 in Uttar Pradesh,90370,217800,26.2544783676666,82.0375824861666,26.8015968548333,81.0040330753333
158,E,Phase 1,Cycle 3,N_05018_01001_UP,N/05018/01001/UP,N_05018_01001_UP,Lucknow-Raibarelli,12700,82710,26.7680761775,80.9456771891666,26.213054914,81.2522081141666
159,E,Phase 1,Cycle 3,N_02005_08001_UP,N/02005/08001/UP,N_02005_08001_UP,6 of Handia to Varanasi Section from Km 712.900 to Km 785.544,712900,785560,25.3651357533333,82.1707979186666,25.272110204,82.8579048556666
160,E,Phase 1,Cycle 3,N_06019_02002_UP,N/06019/02002/UP,N_06019_02002_UP,4 PS of Prayagraj to UP/MP Border section of NH-27 (New NH-30) from Km. 4.285 to Km 45.627,2800,61500,22.9807286715,77.6007005825,22.5481370311667,77.8127396381667
161,E,Phase 1,Cycle 3,N_04019_08001_UP,N/04019/08001/UP,N_04019_08001_UP,Dagamagpur to Lalganj (km 49.1 - km 96.8),2800,61500,22.9807286715,77.6007005825,22.5481370311667,77.8127396381667
162,E,Phase 1,Cycle 3,N_08040_03001_UP,N/08040/03001/UP,N_08040_03001_UP,Varanasi (Km 12.01) to Birnon (Km 84.160) [Varanasi - Gorakpur] ( PKG-II),2800,61500,22.9807286715,77.6007005825,22.5481370311667,77.8127396381667
163,E,Phase 1,Cycle 3,N_08050_03001_UP,N/08050/03001/UP,N_08050_03001_UP,4 Laning of Ghaghra Bridge to Varanasi Section of NH-233 from Km. 240.340 to km. 299.350 [Package-III from start of Gossai Bazar Bypass to Varanasi] in the state of Uttar Pradesh under NHDP Phase-IV on EPC Mode,2800,61500,22.9807286715,77.6007005825,22.5481370311667,77.8127396381667
164,E,Phase 2,Cycle 1,N_05045_01001_UP,N/05045/01001/UP,N_05045_01001_UP,Agra -Aligarh,153010,234210,27.885500561667,78.0735885705,27.203155450833,78.040006292
165,E,Phase 2,Cycle 1,N_04021_02001_UP,N/04021/02001/UP,N_04021_02001_UP,Aligarh-Kanpur (Pkg I) [Aligarh-Bhadwas],149900,195790,27.861334934167,78.133693322167,27.633422414,78.5029537225
166,E,Phase 2,Cycle 1,N_02020_01001_UP,N/02020/01001/UP,N_02020_01001_UP,Jhansi-Orai from Km. 90.300 to Km. 225.713 of NH-27 (OMT-Pkg 12),90300,225710,25.457544129833,78.506962472833,26.022592833667,79.5393496715
167,E,Phase 2,Cycle 1,"N_08086_01002_AS
","N/08086/01002/AS
",N_02027_17003_AS,"Strengthening work of stretch of Khanapara to Jagiroad from Km. 163.400 to Km. 205.000 (Balance Portion of Guwahati Bypass, Package no. AS-03 & AS-20) of NH 37",171000,205070,26.099492030667,91.876244428833,26.111653599333,92.175765992833
168,E,Phase 2,Cycle 1,"N_02027_05008_AS
","N/02027/05008/AS
",N_02027_15001_AS,"6L Standalone Flyovers at Raha, Demow, Borghat, Kathiatali junctions and ROB at Jagiroad on stretches of NH 36 and NH 27",0,1430,26.120863438333,92.206666796167,26.179346240167,92.737354259333
169,E,Phase 2,Cycle 1,N_08005_06001_WB,N/08005/06001/WB,N_08005_06001_WB,4L of Dalkhola Bypass including ROB from Km. 446.740 to Km. 452.162 of NH-34,447602,452132,25.874821992,87.870517976333,25.882810350833,87.829540607167
170,E,Phase 2,Cycle 1,N_08005_05001_WB,N/08005/05001/WB,N_08005_05001_WB,Balance Work for Raiganj Dalkola section from km 398.00 to km 452.700 (excl. Dalkola Bypass),397100,452050,25.564552989833,88.135964340833,25.887919036167,87.823552436
171,E,Phase 2,Cycle 1,N_09059_01001_OR,N/09059/01001/OR,N_09059_01001_OR,Rimuli Koida km 163 - km 206 of NH 215,163000,206200,21.976154648333,85.585019374167,21.964238806167,85.270914898833
172,E,Phase 2,Cycle 1,N_05057_01002_OR,N/05057/01002/OR,N_05057_01002_OR,2L PS of Kanaktora - Jharsuguda from Km 0.0 to Km 68.0 including by-pass at Beipahar at Km. 52.00 of NH-200,0,3000,21.808436110333,83.839370630833,21.8288577035,83.845838068833
173,E,Phase 2,Cycle 1,N_08005_03001_WB,N/08005/03001/WB,N_08005_03001_WB,Berhampore (191.700) to Farakka (292.300) of NH-34 in the State of West Bengal,191700,290900,24.046141692833,88.247500750167,24.790320239167,87.915789185667
174,E,Phase 2,Cycle 1,N_09060_01002_OR,N/09060/01002/OR,N_09060_01002_OR,O&M of 4L Bhubneshwar - Puri Section from km. 0.00 to km. 56.500 of NH-316,0,56500,20.308651519667,85.872773367,19.852337289833,85.836316927667
175,E,Phase 2,Cycle 1,N_04018_04009_OR,N/04018/04009/OR,N_04018_04009_OR,"Development of 6L Greenfield Kandili to Tumbigura Section of NH-130CD Road from Km. 342+500 to Km. 365+033 under Raipur-Visakhapatnam economic corridor NH-130CD in the state of Odisha, on Hybrid Annuity Mode
(Package OD-08)",342500,365025,18.460012954167,82.966148916667,18.42829482,83.0411048925
176,E,Phase 2,Cycle 1,N_04018_04007_OR,N/04018/04007/OR,N_04018_04007_OR,"Development of 6L Greenfield Baunsagura to Baraja Section of NH-130CD Road from Km. 293+000 to Km. 338+500 under Raipur-Visakhapatnam economic corridor NH-130CD in the state of Odisha, on Hybrid Annuity Mode
(Package OD-06)",293000,338500,18.824199706167,82.8125639705,18.481921419833,82.940069051333
177,E,Phase 2,Cycle 1,N_04018_04006_OR,N/04018/04006/OR,N_04018_04006_OR,"Development of 6L Greenfield Kaliagura to Baunsagura Section of NH-130CD Road from Km. 249+000 to Km. 293+000 under Raipur-Visakhapatnam economic corridor NH-130CD in the state of Odisha, on Hybrid Annuity Mode
(Package OD-05)",249000,293000,19.129053041333,82.563972333167,18.824263942333,82.812432796333
178,E,Phase 2,Cycle 1,N_04018_04008_OR,N/04018/04008/OR,N_04018_04008_OR,"Development of 6L Greenfield Baraja to Kandili Section of NH-130CD Road from Km. 338+500 to Km. 342+500 under Raipur-Visakhapatnam economic corridor NH-130CD in the state of Odisha, on Hybrid Annuity Mode
(Package OD-07)",338500,342530,18.481946750333,82.94019547,18.460048092,82.966138235
179,E,Phase 2,Cycle 1,N_02004_10001_OR,N/02004/10001/OR,N_02004_10001_OR,Puintola to Tangi (km 284.00 to km 355.00) of NH-5 (New NH-16),284000,339450,19.392155055833,85.064345850333,19.817687510167,85.267814744667
180,E,Phase 2,Cycle 1,N_02004_11002_OR,N/02004/11002/OR,N_02004_11002_OR,Puintola - Icchapuram km 419.60 - km 484.00 under TOT Bundle - 1,419600,484000,19.392114240667,85.0644202635,19.046088540167,84.631844475333
181,E,Phase 2,Cycle 1,N_02027_05008_AS,N/02027/05008/AS,N_02027_05008_AS,Four Lane divided carriageway Road with paved shoulders configuration from Km.5+500 to Km. 35.862 of NH-36 and Km. 00+000 to 22+000 of NH-54 including 2.107 km Doboka Bypass.,0,1430,26.120863438333,92.206666796167,26.179346240167,92.737354259333
182,E,Phase 2,Cycle 1,N_08008_03001_JH,N/08008/03001/JH,N_08008_03001_JH,4L from km 196.87 (Sankha) to km 219.6 (Khajuri) on NH-75 [Rehla / Garhwa Bypass],196870,219630,24.215559368833,83.926783178833,24.1672355505,83.750139989167
183,E,Phase 2,Cycle 1,N_09070_01001_JH,N/09070/01001/JH,N_09070_01001_JH,Hariharganj to Parwa Mode section from km 23.284 to km 57.049 of NH-98,30000,57040,24.524438156,84.265306336833,24.330550089333,84.146555994
184,E,Phase 2,Cycle 1,N_08050_02001_UP,N/08050/02001/UP,N_08050_02001_UP,Four Laning of Ghaghra Bridge to Varanasi (PKG-II) [Budhanpur Urban section (Km 180.420) to Gossai ki bazaar bypass (Km 240.340)],180420,240340,26.279562394333,83.002566385167,25.877599237,83.015112215667
185,E,Phase 2,Cycle 1,"N_08003_06001_OR
","N/08003/06001/OR
",N_08003_06002_OR,Completion of Balance Work Panikoili – Rimuli section of NH-215 (New NH-20) from Km.0.000 to Km.163.000 (Design Chainage Km0.000 to 166.173) in the state of Odisha in single percentage item rate Contract,0,59000,20.914557288167,86.228722837,21.341395613,86.036101454
186,E,Phase 2,Cycle 1,"N_08003_06001_OR
","N/08003/06001/OR
",N_08003_06012_OR,Strengthening of Pavement (Overlaying works) with DBM and BC of Panikoili to Rimuli section of NH-20 (Old NH-215) (Panikoili-Keonjhar-Rimuli) from Km 0+000 to Km 60+000 (O&M Stretch) in the state of Odisha,0,59000,20.914557288167,86.228722837,21.341395613,86.036101454
187,E,Phase 2,Cycle 1,"N_08003_06001_OR
","N/08003/06001/OR
",N_08003_06011_OR,Strengthening of Pavement (Overlaying works) with DBM and BC of Panikoili to Rimuli section of NH20 (PanikoiliKeonjharRimuli) from Km 60.000 to Km 113.300,0,59000,20.914557288167,86.228722837,21.341395613,86.036101454
188,E,Phase 2,Cycle 1,"N_08003_06001_OR
","N/08003/06001/OR
",N_08003_06010_OR,Strengthening of Pavement (Overlaying works) with DBM and BC of Panikoili to Rimuli section of NH20 (PanikoiliKeonjharRimuli) from Km 113.300 to Km 166.173,0,59000,20.914557288167,86.228722837,21.341395613,86.036101454
189,E,Phase 2,Cycle 1,N_08017_02001_BR,N/08017/02001/BR,N_08017_02001_BR,Bakhtiyarpur-Mokama,153300,197900,25.4496254485,85.537715297667,25.376753280167,85.9533534355
190,E,Phase 2,Cycle 1,N_02027_06003_AS,N/02027/06003/AS,N_02027_06003_AS,Maintenance of Lanka to Hatikhali Section of NH54E from Km 22+000 to Km 83+400 (New NH-27) in the state of Assam (PBMC),22000,83400,25.939602558833,92.954498344333,25.594653882333,93.098593004667
191,E,Phase 2,Cycle 1,N_02027_18001_AS,N/02027/18001/AS,N_02027_18001_AS,Maintenance of Hatikhali to Nrimbanglo Section of NH54E from Km 83+400 to Km 140+700 (New NH-27) in the state of Assam (PBMC),100000,140700,25.484559462167,93.140620050833,25.219990787,93.141052078
192,C,Phase 1,Cycle 1,N_04007_11001_MH,N/04007/11001/MH,N_04007_11003_MH,Solapur to Maharashtra - Karnataka Border Section of NH-9 (New NH-65) from Km. 249.00 to 309.000 pkg1,249000,349110,17.6838798305,75.9300990075,17.8288570773333,76.791760642
193,C,Phase 1,Cycle 1,N_04007_11001_MH,N/04007/11001/MH,N_04007_11002_MH,Solapur to Maharashtra - Karnataka Border Section of NH-9 (New NH-65) from Km. 309.000 To 348.800 pkg-02,249000,349110,17.6838798305,75.9300990075,17.8288570773333,76.791760642
194,C,Phase 1,Cycle 1,N_05029_02001_MP,N/05029/02001/MP,N_05029_02001_MP,Obaidullaganj Km. 2.800 to Km. 8.300 and Km. 20.700 to Itarsi Km. 63.000 of NH-69 in Madhya Pradesh,2800,61500,22.9807286715,77.6007005825,22.5481370311667,77.8127396381667
195,C,Phase 1,Cycle 1,N_02008_04001_MP,N/02008/04001/MP,N_02008_04001_MP,Agra-Gwalior,13000,103000,27.066375083,77.9834401638333,26.3310006235,78.1089371503333
196,C,Phase 1,Cycle 1,N_04004_01003_MP,N/04004/01003/MP,N_04004_01003_MP,Gwalior bypass,0,42050,26.3307770003333,78.1090617,26.1204521398333,78.2171900553333
197,C,Phase 1,Cycle 1,N_04004_01008_MP,N/04004/01008/MP,N_04004_01006_MP,4 Gwalior-Shivpuri section from km 0.000 to km 125.380 of NH - 46 (Old NH-3),0,125300,26.1235887253333,78.2149846666667,25.3569016655,77.6305398661667
198,C,Phase 1,Cycle 1,N_04004_03001_MP,N/04004/03001/MP,N_04004_03001_MP,Shivpuri to Guna Package -1,125430,223200,25.35568556,77.6305912386667,24.6154164043333,77.2588247615
199,C,Phase 1,Cycle 1,N_08013_02001_MP,N/08013/02001/MP,N_08013_02001_MP,Jhansi-Khajuraho from Km. 76.3 to Km. 161.7 near Bamitha Town,76400,161900,25.2350514218333,79.2910206346667,24.7671717666667,79.8805871701667
200,C,Phase 1,Cycle 1,N_04019_05001_MP,N/04019/05001/MP,N_04019_05001_MP,Rewa(Km 242.600) to Maihar (Km 311.000) of NH-7 (New NH-30) in Madhya Pradesh [Rewa - Katni - Jabalpur Pkg I],656000,725170,24.50899553,81.22662131,24.19081638,80.70824233
201,C,Phase 1,Cycle 1,N_04019_03001_MP,N/04019/03001/MP,N_04019_03001_MP,Maihar (Km 311.000) to Katni (Km 359.500) and Katni (Km 378.500) to Sleemnabad (Km 397.000)[Rewa - Katni - Jabalpur Pkg II],311000,399690,24.191890937,80.7096864011667,23.614646542,80.2374484851667
202,C,Phase 1,Cycle 1,N_04019_01003_MP,N/04019/01003/MP,N_04019_02001_MP,Sleemnabad (KM 397.000) to Jabalpur (Km 465.500) [Rewa - Katni - Jabalpur Pkg IV],465600,547300,23.161044756,79.8646902721667,22.5644531785,79.6033609403333
203,C,Phase 1,Cycle 1,N_04019_01003_MP,N/04019/01003/MP,N_04019_01001_MP,Jabalpur (Km 465.500) to Lakhnadon (Km 546.425) of NH-7 in Madhya Pradesh,465600,547300,23.161044756,79.8646902721667,22.5644531785,79.6033609403333
204,C,Phase 1,Cycle 1,N_02008_16002_MP,N/02008/16002/MP,N_02008_16002_MP,Lalitpur - Sagar - Lakhnadon OMT,99000,415130,24.6714766111667,78.4400671663333,22.5679224741667,79.6038353056667
205,C,Phase 1,Cycle 1,N_02008_17001_MP,N/02008/17001/MP,N_02008_17001_MP,Lakhnadon - Seoni MP 2,547400,596750,22.56758504,79.60373863,22.15729127,79.53664505
206,C,Phase 1,Cycle 1,N_02008_20001_MP,N/02008/20001/MP,N_02008_20001_MP,Delinked stretch of Seoni - MP/MH Border (MP 3),624480,653770,21.91223344,79.52477645,21.68588353,79.42348519
207,C,Phase 1,Cycle 1,N_02008_21001_MH,N/02008/21001/MH,N_02008_21001_MH,4 of MP/MH Border-Nagpur including Kamptee-Kanhan and Nagpur Bypass and Maintenance of Nagpur-Hyderabad from Km.14.585 to Km. 36.600,14585,36605,21.0231773745,79.0497746075,20.8448579595,78.9604554573333
208,C,Phase 1,Cycle 1,N_04001_15001_MH,N/04001/15001/MH,N_04001_15001_MH,Wainganga Bridge - MH/CG Border,405000,485020,21.0745620183333,80.447571803,21.1208257333333,79.7119666933333
209,C,Phase 1,Cycle 1,N_03010_05001_MH,N/03010/05001/MH,N_03010_05001_MH,4 of Saoner - Dhapewada - Kalmeshwar Gondkhiari (Pkg II) from km 4.700 to km 33.575,4700,33580,21.3772757508333,78.9175704921667,21.1393733895,78.881625355
210,C,Phase 1,Cycle 1,N_04001_07001_MH,N/04001/07001/MH,N_04001_07001_MH,Talegaon - Amravati from km. 100.000 to km. 166.725,100000,165920,21.1055092878333,78.1855709046667,20.8393197753333,77.7203168368333
211,C,Phase 1,Cycle 1,N_04014_08001_MH-RCW,N/04014/08001/MH-RCW,N_04014_08001_MH,Four Laning of Wardha - Butibori of NH-361 (Pkg - IV) from km. 465.50 to km. 524.69,465500,524720,20.6888915546667,78.5395385268333,20.911126179,78.9898371108333
212,C,Phase 1,Cycle 1,M_04014_07001_MH-RCW,M/04014/07001/MH-RCW,N_04014_07001_MH,Four Laning of Yavatmal to Wardha (Pkg-III) of NH-361 from Km 400.575 to Km 465.500,400575,465515,20.3658937046667,78.0978879935,20.6898560586667,78.5402495523333
213,C,Phase 1,Cycle 1,N_02009_09002_MH,N/02009/09002/MH,N_02009_11001_MH,Kelapur(Km 153.000) to Pimpalkhuti(Km 175.000) of NH-7,153000,175010,19.9957142765,78.5354921658333,19.8160427115,78.5782944993333
214,C,Phase 1,Cycle 1,N_09031_01001_MH,N/09031/01001/MH,N_09031_01001_MH,Warora - Wani from km. 313.850 to km. 332.160,313850,332160,20.2031622068333,79.0263394875,20.0692067675,78.9668021818333
215,C,Phase 1,Cycle 1,"
N_04023_05001_MH","
N/04023/05001/MH",N_04023_05001_MH,Karodi - Telwadi km 320.104 - km 375.00 of NH 211 (New NH- 52),320640,376000,19.896160309,75.205253499,20.2971761111667,75.0862180165
216,C,Phase 1,Cycle 1,N_04004_07001_MP,N/04004/07001/MP,N_04004_08001_MP,Service Road on Indore-Dewas,577550,610000,22.9267223723333,76.0120274615,22.663502016,75.9149252123333
217,C,Phase 1,Cycle 1,N_04004_06001_MP,N/04004/06001/MP,N_04004_06001_MP,Four laning of Biaora to Dewas Section from Km 426+100 to Km 566+450 of NH-3,191200,332600,23.8869754843333,76.8853040093333,22.9918064691667,76.0853382023333
218,C,Phase 1,Cycle 1,N_04001_02001_MH,N/04001/02001/MH,N_04001_02001_MH,4 of Vadape - Gonde (km 539.500 to km 440.00) section of Old NH-3,440000,539510,19.8284028448333,73.6748659866667,19.3223746426667,73.1085324178333
219,C,Phase 1,Cycle 1,N_01001_04003_MP,N/01001/04003/MP,N_01001_04003_MP,Delhi-Vadodara Greenfield Alignment (NH-148N) (Pkg-18) (Ch. 484+420 to Ch. 517+420) [Jodmi village to Bani village of Mandsaur district],484420,517430,24.3710068068333,75.6983175715,24.1228067675,75.5200818385
220,C,Phase 1,Cycle 1,N_01001_04005_MP,N/01001/04005/MP,N_01001_04005_MP,Delhi-Vadodara Greenfield Alignment (NH-148N) (Pkg-20) (Ch. 546+920 to Ch. 572+220) [Bardawadi village of Mandsaur district to Kamliya village of Ratlam district],546920,572240,23.9025850303333,75.3596544251667,23.7224125321667,75.2129970658333
221,C,Phase 1,Cycle 1,N_01001_04006_MP,N/01001/04006/MP,N_01001_04006_MP,Delhi-Vadodara Greenfield Alignment (NH-148N) (Pkg-21) (Ch. 572+220 to Ch. 602+420) [Kamliya village to Kandarwasa village of Ratlam district],572220,602420,23.7224148041667,75.2129654846667,23.5057573111667,75.0425697263333
222,C,Phase 1,Cycle 1,N_01001_04007_MP,N/01001/04007/MP,N_01001_04007_MP,"Delhi-Vadodara Greenfield Alignment (NH-148N) (Pkg-22) (Ch. 602+420 to Ch. 627+420) [Kandarwasa village to Bawadi village (Near Shivgarh) of Ratlam district]""",602420,627460,23.505619366,75.0424407275,23.3304756046667,74.8988796808333
223,C,Phase 1,Cycle 1,N_01001_04008_MP,N/01001/04008/MP,N_01001_04008_MP,Delhi-Vadodara Greenfield Alignment (NH-148N) (Pkg-23) (Ch. 627+420 to Ch.652+720) [Bawadi village (Near Shivgarh) of Ratlam district to Ranni Village of Jhabua district],627420,652720,23.3304225008333,74.8986624693333,23.1733603458333,74.7224775578333
224,C,Phase 1,Cycle 1,N_01001_04009_MP,N/01001/04009/MP,N_01001_04009_MP,Delhi-Vadodara Greenfield Alignment (NH-148N) (Pkg-24) (Ch. 652+720 to Ch.674+420) [Ranni Village to Miyati Village of Jhabua district],652720,673770,23.1731533605,74.7224129168333,23.0714446283333,74.5529066723333
225,C,Phase 1,Cycle 1,N_01001_04010_MP,N/01001/04010/MP,N_01001_04010_MP,Delhi-Vadodara Greenfield Alignment (NH-148N) (Pkg-25) (Ch.673.770 to Ch.696.920) [Miyati Village to MP-Gujarat Border],673770,696920,23.0714020625,74.5525734905,23.000546147,74.3421367906667
226,C,Phase 1,Cycle 1,N_04002_25002_GA,N/04002/25002/GA,N_04002_25002_GA,Operation and Maintenance of NH-17B from Km.0.000 (Verna Junction) to Km.13.100 (Varunapuri Junction) in the State of Goa,0,54010,23.252592858,77.5116829986667,23.4908979138333,77.7455616641667
227,C,Phase 1,Cycle 1,N_04002_25002_GA,N/04002/25002/GA,N_04017_01001_MP,Bhopal-Sanchi section from km. 0.000 to km. 53.775 of NH-86 (Extn.) in M.P.,0,54010,23.252592858,77.5116829986667,23.4908979138333,77.7455616641667
228,C,Phase 1,Cycle 1,N_06013_01002_MH,N/06013/01002/MH,N_06013_01002_MH,Sinnar- Shirdi section of NH-160 from Km. 0.000 to Km. 50+943,0,181042,19.8191062803333,74.0276692633333,19.8192958075,74.0222269248333
229,C,Phase 1,Cycle 1,N_02008_23001_MH,N/02008/23001/MH,N_02008_23001_MH,"4 Lane Stand Alone Ring Road/ Bypasses for Nagpur City, Package - I from Km 0.500 to Km 34.000 (ORR-I) has been completed.",500,34030,21.023515467,79.04500453,21.212331254,78.9882968305
230,C,Phase 1,Cycle 1,N_01001_04002_MP,N/01001/04002/MP,N_01001_04002_MP,Delhi-Vadodara Greenfield Alignment (NH-148N) (Pkg-17) (Ch. 452+420 to Ch. 484+420) [Jodmi village to Bani village of Mandsaur district],452420,484470,24.6161603508333,75.8572606175,24.3710523008333,75.698371143
231,C,Phase 1,Cycle 1,N_04004_07001_MP,N/04004/07001/MP,N_04004_07005_MP,Indore - Dewas,577550,610000,22.9267223723333,76.0120274615,22.663502016,75.9149252123333
232,C,Phase 1,Cycle 2,N_04007_11001_MH,N/04007/11001/MH,N_04007_11003_MH,Solapur to Maharashtra - Karnataka Border Section of NH-9 (New NH-65) from Km. 249.00 to 309.000 pkg1,249000,309000,17.68386022,75.93002806,17.85398328,76.44149443
233,C,Phase 1,Cycle 2,N_04007_11001_MH,N/04007/11001/MH,N_04007_11002_MH,Solapur to Maharashtra - Karnataka Border Section of NH-9 (New NH-65) from Km. 309.000 To 348.800 pkg-02,249000,309000,17.68386022,75.93002806,17.85398328,76.44149443
234,C,Phase 1,Cycle 2,N_05029_02001_MP,N/05029/02001/MP,N_05029_02001_MP,Obaidullaganj Km. 2.800 to Km. 8.300 and Km. 20.700 to Itarsi Km. 63.000 of NH-69 in Madhya Pradesh,2800,8390,22.98072509,77.60062244,22.95039779,77.64078423
235,C,Phase 1,Cycle 2,N_04004_01003_MP,N/04004/01003/MP,N_04004_01003_MP,Gwalior bypass,0,42030,26.33076886,78.10906066,26.1204179,78.21719037
236,C,Phase 1,Cycle 2,N_04004_01008_MP,N/04004/01008/MP,N_04004_01006_MP,4 Gwalior-Shivpuri section from km 0.000 to km 125.380 of NH - 46 (Old NH-3),0,125480,26.12356562,78.21488889,25.3563838,77.63056759
237,C,Phase 1,Cycle 2,N_04004_03001_MP,N/04004/03001/MP,N_04004_03001_MP,Shivpuri to Guna Package -1,125430,210740,25.35627138,77.6305697,24.69104221,77.34221002
238,C,Phase 1,Cycle 2,N_02018_04003_RJ,N/02018/04003/RJ,N_02018_04003_RJ,Operation and Maintenance of Baran - Shivpuri section from Km. 1184.322 to Km. 1305.087 of NH-27,1184322,1305082,25.11257667,76.84370393,25.41577128,77.78387896
239,C,Phase 1,Cycle 2,N_04019_01003_MP,N/04019/01003/MP,N_04019_02001_MP,Sleemnabad (KM 397.000) to Jabalpur (Km 465.500) [Rewa - Katni - Jabalpur Pkg IV],465500,548060,23.16293581,79.86469994,22.5653468,79.60347961
240,C,Phase 1,Cycle 2,N_04019_01003_MP,N/04019/01003/MP,N_04019_01001_MP,Jabalpur (Km 465.500) to Lakhnadon (Km 546.425) of NH-7 in Madhya Pradesh,465500,548060,23.16293581,79.86469994,22.5653468,79.60347961
241,C,Phase 1,Cycle 2,N_02008_17001_MP,N/02008/17001/MP,N_02008_17001_MP,Lakhnadon - Seoni MP 2,547400,596000,22.56565837,79.60350516,22.15815066,79.53643049
242,C,Phase 1,Cycle 2,N_02008_19001_MP,N/02008/19001/MP,N_02008_19001_MP,Seoni to MP/MH Border (MP 3) (Seoni - Mohgaon),596750,624480,22.15735727,79.53661724,21.91052313,79.52519317
243,C,Phase 1,Cycle 2,N_02008_20001_MP,N/02008/20001/MP,N_02008_20001_MP,Delinked stretch of Seoni - MP/MH Border (MP 3),624480,653220,21.9122539,79.52478788,21.68798994,79.42451449
244,C,Phase 1,Cycle 2,N_04001_11005_MH,N/04001/11005/MH,N_04001_11001_MH,Nagpur-Wainganga bridge,499750,540580,21.15384378,79.58725493,21.1415117,79.20243695
245,C,Phase 1,Cycle 2,N_04001_09001_MH,N/04001/09001/MH,N_04001_09001_MH,4 of Nagpur - Kondhali Section from km 9.200 - km 50.000 of Old NH-6,10300,49810,21.14819138,78.99187354,21.14575372,78.62674054
246,C,Phase 1,Cycle 2,N_03010_05001_MH,N/03010/05001/MH,N_03010_05001_MH,4 of Saoner - Dhapewada - Kalmeshwar Gondkhiari (Pkg II) from km 4.700 to km 33.575,4700,33570,21.37697696,78.91752025,21.14006849,78.88139184
247,C,Phase 1,Cycle 2,N_04001_07001_MH,N/04001/07001/MH,N_04001_07001_MH,Talegaon - Amravati from km. 100.000 to km. 166.725,100000,166720,21.10547767,78.18551093,20.83793658,77.71799784
248,C,Phase 1,Cycle 2,N_04009_06004_MH,N/04009/06004/MH,N_04009_06004_MH,Balance Works of 4 Amravati - Chikhli (Pkg - III) [Shelad - Nandura from km. 270.00 to km. 315.00],270000,315040,20.67801485,76.81070335,20.81419237,76.47925616
249,C,Phase 1,Cycle 2,N_09031_01001_MH,N/09031/01001/MH,N_09031_01001_MH,Warora - Wani from km. 313.850 to km. 332.160,313850,332160,20.20317158,79.02631947,20.06930656,78.96764974
250,C,Phase 1,Cycle 2,N_04005_07001_MH,N/04005/07001/MH,N_04005_07001_MH,Washim(km 92.200) to Pangare(134.500) of NH-161 in Maharashtra,92200,134620,20.00631582,77.1413686,19.69705002,77.24312489
251,C,Phase 1,Cycle 2,"
N_04023_05001_MH","
N/04023/05001/MH",N_04023_05001_MH,Karodi - Telwadi km 320.104 - km 375.00 of NH 211 (New NH- 52),320640,376310,19.89558496,75.20530932,20.29900913,75.08557863
252,C,Phase 1,Cycle 2,N_04023_04001_MH,N/04023/04001/MH,N_04023_04001_MH,Aurangabad - Karodi km 290.00 - km 320.104 of NH 211 (New NH 52),290200,320450,19.83245174,75.44654981,19.89549654,75.20531171
253,C,Phase 1,Cycle 2,N_04023_02001_MH,N/04023/02001/MH,N_04023_02001_MH,Yedshi (Km.100.000) to Aurangabad (Km.290.200),98717,287737,18.41423499,75.8595164,19.83219609,75.44703192
254,C,Phase 1,Cycle 2,N_04004_12001_MH,N/04004/12001/MH,N_04004_12001_MH,Four Laning of MP/MH Border-Dhule from km. 168.50 to km. 265.00,173000,262000,21.56541515,75.05235417,20.88143289,74.79086027
255,C,Phase 1,Cycle 2,N_04004_07001_MP,N/04004/07001/MP,N_04004_08001_MP,Service Road on Indore-Dewas,577550,610230,22.92542121,76.01038603,22.66060453,75.91236373
256,C,Phase 1,Cycle 2,N_04013_04001_MH,N/04013/04001/MH,N_04013_04001_MH,Construction of Four laning of Ahmednagar Bypass from Km 0/000 toKm 40/600,0,40670,19.18613367,74.67680367,19.08870588,74.8406688
257,C,Phase 1,Cycle 2,N_04013_05002_MH,N/04013/05002/MH,N_04013_05002_MH,Construction of Four laning of Ahmednagar Karmala Tembhurni Section of NH 561-A from Km 0/000 to Km 38/775 (Package-I).,0,38770,19.09246744,74.74724197,18.79666859,74.91904825
258,C,Phase 1,Cycle 2,N_04013_05003_MH,N/04013/05003/MH,N_04013_05003_MH,Construciton of Four laning of Ahmednagar Karmala Tembhurni Section of NH 561-A from Km 38/775 to Km 80/390 (Package-II),38775,80385,18.79658579,74.91918816,18.52532729,75.17477608
259,C,Phase 1,Cycle 2,N_04002_25002_GA,N/04002/25002/GA,N_04002_25002_GA,Operation and Maintenance of NH-17B from Km.0.000 (Verna Junction) to Km.13.100 (Varunapuri Junction) in the State of Goa,0,13310,15.37605718,73.92571262,15.38562449,73.81954134
260,C,Phase 1,Cycle 2,N_06013_01002_MH,N/06013/01002/MH,N_06013_01002_MH,Sinnar- Shirdi section of NH-160 from Km. 0.000 to Km. 50+943,0,181050,19.81910088,74.02697319,19.81437607,74.03373476
261,C,Phase 1,Cycle 2,N_02008_23001_MH,N/02008/23001/MH,N_02008_23001_MH,"4 Lane Stand Alone Ring Road/ Bypasses for Nagpur City, Package - I from Km 0.500 to Km 34.000 (ORR-I) has been completed.",500,34000,21.02353293,79.04494005,21.21233308,78.98833034
262,C,Phase 1,Cycle 2,N_04007_07001_MH,N/04007/07001/MH,N_04007_07001_MH,Khudus - Dharampuri km 77.8 to km 117.0 Pkg III of Mohol Alangi-RCW,77800,117000,17.81590086,74.98571457,17.94445569,74.65848074
263,C,Phase 1,Cycle 2,N_09023_01001_MH,N/09023/01001/MH,N_09023_01001_MH,Patas-Vasunde Phata - Baramati Bypass-RCW,0,41450,18.41731183,74.47256006,18.1259679,74.63994835
264,C,Phase 1,Cycle 2,N_08011_02001_MH,N/08011/02001/MH,N_08011_02001_MH,4-laning of Sangli – Solapur (Pkg-III) Watambare to Mangalwedha section of NH-166 – HAM,276000,321680,17.3644489,75.09013966,17.50378418,75.43049471
265,C,Phase 1,Cycle 2,N_08011_03001_MH,N/08011/03001/MH,N_08011_03001_MH,4-laning of Sangli-Solapur (Pkg-II) Borgaon to Watambare) section of NH-166 – HAM,224000,276050,17.01206954,74.7961857,17.36442687,75.09010889
266,C,Phase 1,Cycle 2,N_08011_01001_MH,N/08011/01001/MH,N_08011_01001_MH,4-laning of Sangli-Solapur (Pkg-IV) Mangalwedha to Solapur section of NH-166 – HAM,321650,377600,17.50381789,75.43053552,17.66849086,75.88768264
267,C,Phase 1,Cycle 2,N_04009_03001_MH,N/04009/03001/MH,N_04009_03001_MH,Tarsod - Fagne section of NH-6,422700,510080,21.00147916,75.62667181,20.88379628,74.88744427
268,C,Phase 1,Cycle 2,N_04004_17002_MH,N/04004/17002/MH,N_04004_17003_MH,Pimpalgaon – Nashik – Gonde (Km 380 – Km 440) section of NH-3,380000,440220,20.21036636,74.035245,19.82607165,73.67405321
269,C,Phase 1,Cycle 2,N_02002_03001_MH,N/02002/03001/MH,N_02002_03001_MH,Six Laning of Pune – Satara section of N from Km 725.000 to 865.350 (Length Km 140.350) in the State of Maharashtra to be executed as BOT (TOLL) on DBFOT pattern under NHDP Phase V,725000,865370,17.6172522193333,74.0216324776666,18.6871026168333,73.7201993808333
270,C,Phase 1,Cycle 2,N_04006_05001_MP,N/04006/05001/MP,N_04006_05001_MP,4 - laning of Indore to Gujrat/MP Border section of NH-47 on BOT,9500,164500,22.69043385,75.7722228,22.78301889,74.43568521
271,C,Phase 1,Cycle 2,N_01001_04002_MP,N/01001/04002/MP,N_01001_04002_MP,Delhi-Vadodara Greenfield Alignment (NH-148N) (Pkg-17) (Ch. 452+420 to Ch. 484+420) [Jodmi village to Bani village of Mandsaur district],452420,484430,24.61617174,75.85726407,24.37103467,75.69835864
272,C,Phase 1,Cycle 2,N_01001_04004_MP,N/01001/04004/MP,N_01001_04004_MP,Delhi-Vadodara Greenfield Alignment (NH-148N) (Pkg-19) (Ch. 517+420 to Ch. 546+920),517420,546930,24.12283958,75.52011883,23.9026272,75.35967631
273,C,Phase 1,Cycle 2,N_04004_07001_MP,N/04004/07001/MP,N_04004_07005_MP,Indore - Dewas,577550,610230,22.92542121,76.01038603,22.66060453,75.91236373
274,C,Phase 1,Cycle 2,N_02005_19002_WB,N/02005/19002/WB,N_01001_12002_MH,"Construction of 8-lane access controlled Expressway from km. 77 to 103.400 (Ganjad to Talasari section of Vadodara Mumbai Expressway) on HAM basis, Pkg-XI.",77000,103400,19.93260724,72.85984274,20.14277196,72.9058579
275,C,Phase 1,Cycle 2,N_01001_12004_MH,N/01001/12004/MH,N_01001_12004_MH,VME Pkg-XIII,0,50710,19.4888177816666,72.8829913115,19.6993346983333,72.8606035225
276,C,Phase 1,Cycle 2,N_02001_16006_MH,N/02001/16006/MH,N_02001_16006_MH,"Achhad (km 381.00, Guj-Maha border) to Dahisar (km 502.00) section of NH-48 (White Topping)",381000,499110,20.22369174,72.88245426,19.27982453,72.89124186
277,C,Phase 1,Cycle 2,N_02001_16005_MH,N/02001/16005/MH,N_02001_16005_MH,10 FOBs & 3VUPs,381700,441340,20.22186862,72.88230596,19.72663809,72.92829717
278,C,Phase 1,Cycle 2,N_02008_24001_MH,N/02008/24001/MH,N_02008_24001_MH,"Ring Road / Bypasses for Nagpur City, Package-2: From km 34.000 to km 62.035",34000,62130,21.21231985,78.98829575,21.15965659,79.20139368
279,C,Phase 1,Cycle 2,N_04001_14001_MH,N/04001/14001/MH,N_04001_14001_MH,Six-Lane Wainganga Bridge - Bhandara (including Bhandara Bypass) Section: From km 485.000 to km 499.800 of NH-53,485010,499790,21.12166093,79.71100881,21.15362598,79.58998907
280,C,Phase 1,Cycle 2,N_02009_06001_MH,N/02009/06001/MH,N_02009_06001_MH,Borkhedi – Jam – Wadner Section under OMT-29,36000,94000,20.84595868,78.96057228,20.44009057,78.74626181
281,C,Phase 1,Cycle 2,N_04023_07002_MH,N/04023/07002/MH,N_04023_07002_MH,Bodhre - Dhule (Ch. 390 to Ch. 457.231),390000,457230,20.3834975838333,75.048763116,20.8749333865,74.7826588616666
282,C,Phase 1,Cycle 3,N_06039_01003_MH,N/06039/01003/MH,N_06039_01003_MH,JNPT Package 2 Gavanphata Interchange from 14.740 to Km 15.894 ( Old SH -54),6073,21213,18.8971949133333,72.997534074,18.981716191,73.0843417531667
283,C,Phase 1,Cycle 3,N_06039_01004_MH,N/06039/01004/MH,N_06039_01004_MH,JNPT Package 3 from Km- 7.422-Km-13.160 and Amra Marg from Km-0.000-Km-5.360,0,5430,19.013230159,73.0287348493333,18.9671662578333,73.0358862331667
284,C,Phase 1,Cycle 3,N_06039_01005_MH,N/06039/01005/MH,N_06039_01005_MH,JNPT Package 4 from km 21.200 to km 27.270 (D To E Section) and From km 0.000 to km 4.492 (D TO G Section),21200,27320,18.9817289098333,73.0842909486666,18.9667013038333,73.137667271
285,C,Phase 1,Cycle 3,N_04001_02001_MH,N/04001/02001/MH,N_04001_02001_MH,4 of Vadape - Gonde (km 539.500 to km 440.00) section of Old NH-3,440000,536000,19.8285400075,73.6749551895,19.3436979573333,73.1208116848333
286,C,Phase 1,Cycle 3,N_04007_11001_MH,N/04007/11001/MH,N_04007_11003_MH,Solapur to Maharashtra - Karnataka Border Section of NH-9 (New NH-65) from Km. 249.00 to 309.000 pkg1,249000,309030,17.6839207951666,75.9300738086666,17.8541848227291,76.4422678242291
287,C,Phase 1,Cycle 3,N_04007_11001_MH,N/04007/11001/MH,N_04007_11002_MH,Solapur to Maharashtra - Karnataka Border Section of NH-9 (New NH-65) from Km. 309.000 To 348.800 pkg-02,249000,309030,17.6839207951666,75.9300738086666,17.8541848227291,76.4422678242291
288,C,Phase 1,Cycle 3,N_04001_09001_MH,N/04001/09001/MH,N_04001_09001_MH,4 of Nagpur - Kondhali Section from km 9.200 - km 50.000 of Old NH-6,10300,50000,21.1482043291667,78.9918911868333,21.1473736908333,78.6249666566667
289,C,Phase 1,Cycle 3,N_04001_07001_MH,N/04001/07001/MH,N_04001_07001_MH,Talegaon - Amravati from km. 100.000 to km. 166.725,100000,165910,21.1054537343333,78.1855569761666,20.8411290748333,77.7233449931666
290,C,Phase 1,Cycle 3,N_04009_06004_MH,N/04009/06004/MH,N_04009_06004_MH,Balance Works of 4 Amravati - Chikhli (Pkg - III) [Shelad - Nandura from km. 270.00 to km. 315.00],270000,315000,20.6780164988333,76.8106936376667,20.8146149893333,76.4789199053333
291,C,Phase 1,Cycle 3,N_04014_08001_MH-RCW,N/04014/08001/MH-RCW,N_04014_08001_MH,Four Laning of Wardha - Butibori of NH-361 (Pkg - IV) from km. 465.50 to km. 524.69,465500,524750,20.6895432785,78.5400191035,20.9109385285,78.9902416098333
292,C,Phase 1,Cycle 3,N_02009_09002_MH,N/02009/09002/MH,N_02009_11001_MH,Kelapur(Km 153.000) to Pimpalkhuti(Km 175.000) of NH-7,153080,175000,20.0013182118333,78.5348392266667,19.8221215646667,78.5753234648333
293,C,Phase 1,Cycle 3,N_09031_01001_MH,N/09031/01001/MH,N_09031_01001_MH,Warora - Wani from km. 313.850 to km. 332.160,313850,332160,20.2031854676667,79.0263434771667,20.0691095076667,78.9676308198333
294,C,Phase 1,Cycle 3,N_09079_02001_MP,N/09079/02001/MP,N_09079_02001_MP,Churhat Bypass of Rewa Sidhi Section,30300,45690,24.470236,81.575073,24.415819,81.689827
295,C,Phase 1,Cycle 3,N_04019_03001_MP,N/04019/03001/MP,N_04019_03001_MP,Maihar (Km 311.000) to Katni (Km 359.500) and Katni (Km 378.500) to Sleemnabad (Km 397.000)[Rewa - Katni - Jabalpur Pkg II],725000,813240,24.191971,80.709808,23.613621,80.236893
296,C,Phase 1,Cycle 3,N_04019_01003_MP,N/04019/01003/MP,N_04019_02001_MP,Sleemnabad (KM 397.000) to Jabalpur (Km 465.500) [Rewa - Katni - Jabalpur Pkg IV],880600,1428550,23.162813,79.864693,22.566509,79.603645
297,C,Phase 1,Cycle 3,N_04019_01003_MP,N/04019/01003/MP,N_04019_01001_MP,Jabalpur (Km 465.500) to Lakhnadon (Km 546.425) of NH-7 in Madhya Pradesh,880600,1428550,23.162813,79.864693,22.566509,79.603645
298,C,Phase 1,Cycle 3,N_04028_02001_MP,N/04028/02001/MP,N_04028_02001_MP,Hiran River to Sindoor River (Km.66.00 - Km.130.00),149575,213985,23.155468,78.793655,23.153866,79.3616865
299,C,Phase 1,Cycle 3,N_04004_01003_MP,N/04004/01003/MP,N_04004_01003_MP,Gwalior bypass,0,40990,26.330782,78.109055,26.128994,78.212311
300,C,Phase 1,Cycle 3,N_04004_01008_MP,N/04004/01008/MP,N_04004_01006_MP,4 Gwalior-Shivpuri section from km 0.000 to km 125.380 of NH - 46 (Old NH-3),0,120390,26.123644,78.214989,25.396629,77.6092
301,C,Phase 1,Cycle 3,N_01001_04006_MP,N/01001/04006/MP,N_01001_04006_MP,Delhi-Vadodara Greenfield Alignment (NH-148N) (Pkg-21) (Ch. 572+220 to Ch. 602+420) [Kamliya village to Kandarwasa village of Ratlam district],572220,602410,23.722637,75.213058,23.506258,75.043083
302,C,Phase 1,Cycle 3,N_01001_04009_MP,N/01001/04009/MP,N_01001_04009_MP,Delhi-Vadodara Greenfield Alignment (NH-148N) (Pkg-24) (Ch. 652+720 to Ch.674+420) [Ranni Village to Miyati Village of Jhabua district],652720,673760,23.173407,74.722672,23.071606,74.553307
303,C,Phase 1,Cycle 3,N_01001_04010_MP,N/01001/04010/MP,N_01001_04010_MP,Delhi-Vadodara Greenfield Alignment (NH-148N) (Pkg-25) (Ch.673.770 to Ch.696.920) [Miyati Village to MP-Gujarat Border],673770,696880,23.071457,74.552948,23.000423,74.342888
304,C,Phase 1,Cycle 3,N_01001_04003_MP,N/01001/04003/MP,N_01001_04003_MP,Delhi-Vadodara Greenfield Alignment (NH-148N) (Pkg-18) (Ch. 484+420 to Ch. 517+420) [Jodmi village to Bani village of Mandsaur district],484420,517410,24.371284,75.698517,24.123314,75.520668
305,C,Phase 1,Cycle 3,N_01001_04005_MP,N/01001/04005/MP,N_01001_04005_MP,Delhi-Vadodara Greenfield Alignment (NH-148N) (Pkg-20) (Ch. 546+920 to Ch. 572+220) [Bardawadi village of Mandsaur district to Kamliya village of Ratlam district],546920,572210,23.902719,75.359787,23.722879,75.213303
306,C,Phase 1,Cycle 3,N_01001_04007_MP,N/01001/04007/MP,N_01001_04007_MP,"Delhi-Vadodara Greenfield Alignment (NH-148N) (Pkg-22) (Ch. 602+420 to Ch. 627+420) [Kandarwasa village to Bawadi village (Near Shivgarh) of Ratlam district]""",602420,627410,23.505808,75.042641,23.330923,74.899536
307,C,Phase 1,Cycle 3,N_01001_04008_MP,N/01001/04008/MP,N_01001_04008_MP,Delhi-Vadodara Greenfield Alignment (NH-148N) (Pkg-23) (Ch. 627+420 to Ch.652+720) [Bawadi village (Near Shivgarh) of Ratlam district to Ranni Village of Jhabua district],627420,652710,23.33069,74.899162,23.173647,74.722954
308,C,Phase 1,Cycle 3,N_01001_04002_MP,N/01001/04002/MP,N_01001_04002_MP,Delhi-Vadodara Greenfield Alignment (NH-148N) (Pkg-17) (Ch. 452+420 to Ch. 484+420) [Jodmi village to Bani village of Mandsaur district],452420,484410,24.616228,75.857292,24.371784,75.698906
309,C,Phase 1,Cycle 3,N_01001_04004_MP,N/01001/04004/MP,N_01001_04004_MP,Delhi-Vadodara Greenfield Alignment (NH-148N) (Pkg-19) (Ch. 517+420 to Ch. 546+920),517420,546910,24.122892,75.520187,23.903135,75.36013
310,C,Phase 2,Cycle 1,N_05042_01001_MP,N/05042/01001/MP,N_05042_01001_MP,4L of Dewas - Ujjain from km. 0.0 to km. 19.76 of Old SH 18 (New 752D) including Ujjain Bypass (Km. 19.76 to km. 26.9) & Dewas Bypass (Km. 0.00 to km. 14.52),-500,26390,22.991056,76.026291,23.107742,75.811714
311,C,Phase 2,Cycle 1,N_04004_03002_MP,N/04004/03002/MP,N_04004_03002_MP,4L of Guna Bypass section from Km. 210.740 to Km 223.130 ( Stage-II ) of NH - 46,210740,223180,24.690212,77.342072,24.615669,77.258934
312,C,Phase 2,Cycle 1,N_04024_02002_MP,N/04024/02002/MP,N_04024_02002_MP,4L of Harda - Betul (Pkg-I) from Km.0 to Km.30.20 [Harda - Temagaon],-522,29998,22.375923,77.071213,22.290842,77.333542
313,C,Phase 2,Cycle 1,N_04024_03001_MP,N/04024/03001/MP,N_05003_07003_MP,4L of Khedakhajuriya to Suhagadi from Km. 41.400 to Km. 89.200 of NH-148NG (New NH 752D) (Pkg-II),74150,121940,23.47175,75.782898,23.898598,75.735939
314,C,Phase 2,Cycle 1,N_05003_07004_MP,N/05003/07004/MP,N_05003_07004_MP,4L of Suhagadi to Bardiya Amra from Km. 89.200 to Km. 135.351 of NH-148NG (Pkg-III),121950,168080,23.898901,75.735909,24.291227,75.640686
315,C,Phase 2,Cycle 1,N_04006_05002_MP,N/04006/05002/MP,N_04006_05002_MP,"Balance work of 4L of Indore-Gujarat/MP Border from km 106.210 to km 115.250 (Start and end point of Bird Sanctuary), km 121.740 to km 127.140 (Machilya Ghat Section) and Forest portion km 149.800 to km 150.850, km 158.250 to km 158.850 of NH-47",106210,158840,22.679554,74.932533,22.80068,74.486298
316,C,Phase 2,Cycle 1,N_04005_02001_MP,N/04005/02001/MP,N_04005_02001_MP,Dhangaon - Borgaon section (km 81.000 to km 139.000) [Indore - Edlabad Pkg IV],81950,138990,22.04763,76.129913,21.596317,76.32193
317,C,Phase 2,Cycle 1,N_04004_05001_MP,N/04004/05001/MP,N_04004_05001_MP,Four Laning of Guna-Biaora section of NH-3 from Km 332.100 to Km 426.100 in the state of Madhya Pradesh under NHDP Phase-IV on BOT (Toll) mode on DBFOT basis,222700,316190,24.615789,77.258484,23.888002,76.886246
318,C,Phase 2,Cycle 1,N_02008_08002_MP,N/02008/08002/MP,N_02008_08002_MP,Gwalior Jhansi Section of NH-75 from km. 16.00 to km. 96.127 [NS1/BOT/MP-UP] in Madhya Pradesh,1189000,1270490,26.120728,78.216957,25.500795,78.54644
319,C,Phase 2,Cycle 1,N_04024_03001_MP,N/04024/03001/MP,N_04024_03001_MP,Harda - Betul (Pkg-III) from Km. 81.00 to Km.121.248 [Chicholi - Betul],74150,121940,23.47175,75.782898,23.898598,75.735939
320,C,Phase 2,Cycle 1,N_08013_01001_MP,N/08013/01001/MP,N_08013_01001_MP,Jhansi - Khajuraho(PKG-I),0,76640,25.465254,78.647751,25.235014,79.290741
321,C,Phase 2,Cycle 1,N_04005_05001_MH,N/04005/05001/MH,N_04005_05001_MH,4L of Akola - Medshi from km. 0.00 to km. 47.70 of NH-161 including bypasses at Patur and Medshi,0,47690,20.693348,76.986855,20.315674,76.960983
322,C,Phase 2,Cycle 1,N_04014_02001_MH,N/04014/02001/MH,N_04014_02001_MH,4L of Ausa-Chakur Section from km 55.835 to Km 114.345 of NH-361,55835,114335,18.234489,76.508232,18.528019,76.891945
323,C,Phase 2,Cycle 1,N_04009_06002_MH,N/04009/06002/MH,N_04009_06002_MH,Balance Works of 4L Amravati - Chikhli (Pkg - I) [Amravati - Kurankhed from km. 166.00 to km. 220.00],165100,219990,20.840023,77.721458,20.700527,77.253349
324,C,Phase 2,Cycle 1,N_04009_06003_MH,N/04009/06003/MH,N_04009_06003_MH,Balance Works of 4L Amravati - Chikhli (Pkg - II) [Kurankhed - Shelad from km. 220.00 to km. 270.00],220000,269990,20.700747,77.252953,20.67802,76.810692
325,C,Phase 2,Cycle 1,N_04009_06005_MH,N/04009/06005/MH,N_04009_06005_MH,Balance Works of 4L Amravati - Chikhli (Pkg - IV) [Nandura - Chikhli from km. 315.00 to km. 360.00],315000,359990,20.815111,76.478523,20.995857,76.157822
326,C,Phase 2,Cycle 1,N_04014_03001_MH,N/04014/03001/MH,N_04014_03001_MH,Chakur Loha Section of NH-361 from km 114.600 to km 187.80,114600,187790,18.528254,76.892258,19.022844,77.209518
327,C,Phase 2,Cycle 1,N_02009_09002_MH,N/02009/09002/MH,N_02009_10001_MH,Deodhari - Kelapur from Km. 123.00 to Km.153.00 (Package no. NS-61 (MH)),123000,152990,20.201094,78.678581,19.995996,78.535439
328,C,Phase 2,Cycle 1,N_04008_01001_MH,N/04008/01001/MH,N_04008_01001_MH,Four Laning of Akkalkot to Solapur (including Akkalkot Bypass of Length 7.35 km.) from km. 99.400 to km. 138.352 of NH-150 E,99634,138344,17.507998,76.228363,17.6733348,75.9227082
329,C,Phase 2,Cycle 1,N_04001_08001_MH,N/04001/08001/MH,N_04001_08001_MH,Four Laning of Kondhali-Talegaon section from km 50.00 to 100.00,688394,737904,21.105478,78.185303,21.146119,78.6265518
330,C,Phase 2,Cycle 1,N_04014_04001_MH,N/04014/04001/MH,N_04014_04001_MH,Loha-Waranga Section of NH-361 from km 187.800 to km 244.369,187800,242920,19.023821,77.21067,19.424173,77.405823
331,C,Phase 2,Cycle 1,N_02009_09002_MH,N/02009/09002/MH,N_02009_09001_MH,Wadner (Km 94.000) to Devdhari(Km 123.000),123000,152990,20.201094,78.678581,19.995996,78.535439
332,C,Phase 2,Cycle 1,N_05029_02001_MP,N/05029/02001/MP,N_05029_02001_MP,Obaidullaganj Km. 2.800 to Km. 8.300 and Km. 20.700 to Itarsi Km. 63.000 of NH-69 in Madhya Pradesh,436847,495427,22.980381,77.600555,22.548624,77.812729
333,B,Phase 1,Cycle 1,N_01001_03007_RJ,N/01001/03007/RJ,,Delhi-Vadodara Greenfield Alignment (NH-148N) (Pkg-09) (Ch. 247.310 - Ch. 292.950),247300,292030,26.3613086341667,76.2505224428333,25.9629178705,76.2468780726667
334,B,Phase 1,Cycle 1,N_01001_03006_RJ,N/01001/03006/RJ,,Delhi-Vadodara Greenfield Alignment (NH-148N) (Pkg-08) (Ch. 214.260 - Ch. 247.31) [Start of RoB near junction with NH-11A to Junction with MDR-1 (Baonli-Jhalai road)],214200,247340,26.6427206188333,76.3006677208333,26.361222549,76.2505004788333
335,B,Phase 1,Cycle 1,N_01001_03005_RJ,N/01001/03005/RJ,,Delhi-Vadodara Greenfield Alignment (NH-148N) (Pkg-07) (Ch.183.000 to Ch. 214.260) (Junction with NH-11 - Start of RoB near junction with NH- 11A),183000,214290,26.9000404281667,76.4228604143333,26.6422848125,76.3003574111667
336,B,Phase 1,Cycle 1,N_01001_03004_RJ,N/01001/03004/RJ,,Delhi-Vadodara Greenfield Alignment (NH-148N) (Pkg-06) (Ch.151+840 to Ch. 183+000) (Keshopura Road - Junction with NH-11),151800,183050,27.084498942,76.6504526923333,26.900027761,76.4228563898333
337,B,Phase 1,Cycle 1,N_02001_03005_RJ,N/02001/03005/RJ,"N_02001_03001_RJ
N_02001_04003_RJ",Balance works of 6 of Jaipur Ring Road from Agra Road (Km. 0.300) to Ajmer Road (46.700) section,300,46810,26.8606095246667,75.676799076,26.8759381781667,75.9269841181667
338,B,Phase 1,Cycle 1,N_04003_10005_RJ,N/04003/10005/RJ,,Sangariya (near Chautala)-Rasisar (near Bikaner) (AJ/SR-Package-4),88000,115100,29.0696060613333,74.1022718531667,28.8411178038333,74.0073245991667
339,B,Phase 1,Cycle 1,N_04003_10006_RJ,N/04003/10006/RJ,,Sangariya (near Chautala)-Rasisar (near Bikaner) (Phase-I) (AJ/SR-Pkg 5),115000,140000,28.841005753,74.0072693331667,28.634362743,73.9078376883333
340,B,Phase 1,Cycle 1,N_04003_10009_RJ,N/04003/10009/RJ,,Sangariya (near Chautala)-Rasisar (near Bikaner) (Phase-I) (AJ/SR- Package-8),25157,225135,28.131930396,76.3366242756667,27.9578519831667,73.5027680051667
341,B,Phase 1,Cycle 1,N_02018_01005_RJ,N/02018/01005/RJ,,"Tolling, Operation, Maintenance & Transfer of Chittorgarh Bypass to Kota section (from km 891+929 to km 1052+429) of NH-27
in the state of Rajasthan.",891900,1052500,24.8430091033333,74.5806854615,25.1497343173333,75.7511351586667
342,B,Phase 1,Cycle 1,N_02001_06001_RJ,N/02001/06001/RJ,,Gulabpura (Km 90.000) to Chittorgarh (Km 214.870) of NH-79 in Rajasthan,90000,214890,25.8548594188333,74.6176190483333,24.8321410355,74.5662459356667
343,B,Phase 1,Cycle 1,N_02001_16007_GJ,N/02001/16007/GJ,N_02001_16003_GJ,Strengthening and major maintenance work from Km. 263.000 to Km. 381.000 of NH-48 (from Surat to Vapi section) ,263000,381000,21.1410400351667,72.9663462221667,20.2291482218333,72.8828469175
344,B,Phase 1,Cycle 1,N_04009_01001_GJ,N/04009/01001/GJ,,Gujarat / Maharashtra Border - Surat - Hazira Port,0,131500,21.1029469328333,72.6272286875,21.1628976968333,73.7302536486667
345,B,Phase 1,Cycle 1,N_02001_13003_GJ,N/02001/13003/GJ,N_02001_13001_GJ,Six laning of Vadodara-Bharuch Section from km 108.700 to km 192.000,108700,192000,22.3616555066667,73.1998140116667,21.7244150555,73.0352851325
346,B,Phase 1,Cycle 1,N_02001_15004_GJ        ,N/02001/15004/GJ        ,N_02001_15002_GJ        ,NH-48 Narmada Section ( bharuch ) 6 Lane BT  Km  192.000 to Km 198.745,192000,198750,21.7256241793333,73.0342026026667,21.6791444998333,73.0698892105
347,B,Phase 1,Cycle 1,N_01001_06001_GJ,N/01001/06001/GJ,,Vadodara Mumbai Expressway (Padra to Vadodara) (Phase IA - Pkg I) [Km 355.00 to Km 378.740],355000,378740,22.2699884393333,73.1047459415,22.4602993845,73.1161945411667
348,B,Phase 1,Cycle 1,N_02001_12001_GJ,N/02001/12001/GJ,,6 Laning of Ahmedabad - Vadodara Section from km 6.400 to km 108.700,6400,110100,22.9724340203333,72.5884450466667,22.3619196513333,73.1989073398333
349,B,Phase 1,Cycle 1,N_01002_01001_GJ,N/01002/01001/GJ,,Four Laning of Ahmedabad- Vadodara Expressway from km.0.000 to km 93.302,0,93020,22.988175112,72.6289086858333,22.3652291561667,73.1913599338333
350,B,Phase 1,Cycle 1,N_04006_03001_GJ,N/04006/03001/GJ,"N_04006_03003_GJ
N_04006_03004_GJ
N_04006_03005_GJ
N_04006_03006_GJ",4 of Ahmedabad-Godhra from km. 04.200 to km. 122.420 of NH-59,4200,122030,23.0261128506667,72.678562514,22.816490674,73.6276231833333
351,B,Phase 1,Cycle 1,N_04006_04001_GJ,N/04006/04001/GJ,,4 of Godhra to Gujarat/M.P. Border Section from Km. 129.000 to Km. 215.900 of NH-47 (Old NH-59),127848,214998,22.7876317458333,73.6727405736667,22.7830017133333,74.4363340533333
352,B,Phase 1,Cycle 1,N_04003_13003_GJ,N/04003/13003/GJ,,Sanchore - Santalpur from km 35.000 - km 67.000 of NH- 754K (AJ-RGBS-Package-2),35000,67040,24.411415898,71.646518762,24.1707031305,71.5092889228333
353,B,Phase 1,Cycle 1,N_02001_09001_RJ,N/02001/09001/RJ,,6 of Udaipur to Shamlaji from Km 287.400 to km 401.200 of Old NH-8,333550,446500,24.4542865686667,73.654309111,23.6804563336667,73.3610389528333
354,B,Phase 1,Cycle 1,N_04037_01001_RJ,N/04037/01001/RJ,,4 of Beawar- Pali- Pindwara Section of NH 14 (km 0.000 to km 244.120),0,244120,26.0618738896667,74.2993434761667,24.7806273193333,73.0300371971667
355,B,Phase 1,Cycle 1,N_05038_01002_RJ,N/05038/01002/RJ,N_05038_01003_RJ,Maintenance of 4 Jaipur-Reengus section of NH-52 (Old NH-11) from Km. 246.300 to Km. 298.075,246300,298250,26.9981432345,75.7705335263333,27.3796646188333,75.5535509188333
356,B,Phase 1,Cycle 1,N_04038_01001_RJ,N/04038/01001/RJ,,Four Laning of Mahua-Jaipur from Km 120.00 to Km 228.00,120000,229100,27.0342305093333,76.9021352056667,26.8933211046667,75.8661874775
357,B,Phase 1,Cycle 1,N_04038_02001_RJ,N/04038/02001/RJ,,4 of Bharatpur-Mahua from km. 63.00 to km. 120.00 of Old NH 11,62200,119600,27.1828467086667,77.4391412636667,27.0340510711667,76.9018035551667
358,B,Phase 1,Cycle 1,N_04038_03001_RJ,N/04038/03001/RJ,,Four Laning of Agra-Bharatpur from km 17.756 to km 62.295 of NH-21,17700,62310,27.1443724601667,77.8344701045,27.1832788081667,77.437097499
359,B,Phase 1,Cycle 1,N_08027_01001_RJ,N/08027/01001/RJ,,4 Laning of Jaipur to Deoli Section of NH-12 (Km 18.700 to km 165.000),18700,167660,26.7717620403333,75.8327840556667,25.7302543516667,75.4133696815
360,B,Phase 1,Cycle 1,N_08027_02002_RJ,N/08027/02002/RJ,N_08027_02004_RJ,Reconstruction & Rehabilitation Bituminous Pavement Works and Incidental Works of Deoli – Kota Section of NH – 12 (New NH – 52) from km 165.00 to Talabgaon Junction (Design km 167.624 to Km 205.724) (Package – 1),167624,205724,25.7303491046667,75.4132271683333,25.460916422,75.5886844033333
361,B,Phase 1,Cycle 1,N_08027_02003_RJ,N/08027/02003/RJ,N_08027_02004_RJ,Reconstruction & Rehabilitation with Cement Concrete Pavement and Incident Works of Deoli – Kota Section of NH – 12 (New NH – 52) from Talabgaon to Junction of NH – 76 (New NH -27) on Kota Bypass (Design Km 205.724 to Km 250.144) in the state of Rajasthan (Package – 2) ,205724,250144,25.461159564,75.5879243985,25.1556640508333,75.76519909
362,B,Phase 1,Cycle 1,"
N_02018_03001_RJ","
N/02018/03001/RJ",,Kota - Baran section of NH-27 from km. 1080.263 to km. 1184.322,1080263,1184313,25.182630408,75.9337738636667,25.1149118716667,76.8458991693333
363,B,Phase 1,Cycle 1,N_02018_02001_RJ        ,N/02018/02001/RJ        ,,Kota bypass on NH-76 Contract Package (RJ-4),1052429,1080249,25.1493508183333,75.750226395,25.1826312235,75.9335678956667
364,B,Phase 1,Cycle 1,N_02001_05001_RJ,N/02001/05001/RJ,,Kishangarh (km 0.000) to Gulabpura (km 90.000) of NH-79A and NH-79 in Rajasthan,0,90000,26.5825865851667,74.9034618603333,25.8544690116667,74.6175997878333
365,B,Phase 1,Cycle 1,N_02001_07001_RJ,N/02001/07001/RJ,,Chittorgarh-Udaipur Section of NH76,214800,308370,24.8335776191667,74.569292998,24.5990416978333,73.7877318416667
366,B,Phase 1,Cycle 1,N_02017_03001_RJ,N/02017/03001/RJ,,Swaroopganj - Pindwara Section from km. 264.00 to km. 248.70 of NH-14 & Pindwara - Udaipur from km. 0.00 to km. 104.724 of NH-76,0,264000,24.7785143101667,73.0294701403333,24.6782999041667,72.9376270693333
367,B,Phase 1,Cycle 1,"N_02017_04002_RJ
N_02017_04003_GJ","N/02017/04002/RJ
N/02017/04003/GJ",N_02017_04001_GJ,Palanpur/ Khemana - Abu Road - Swaroopganj from km. 340.00 to km. 264.00,601000,677010,24.2297633581667,72.454488661,24.6794331611667,72.9378667603333
368,B,Phase 1,Cycle 1,N_02016_01009_GJ,N/02016/01009/GJ,,"Tolling, Operation, Maintenance & Transfer of Palanpur-Radhanpur- Samakhiyali section of NH-27 from Km. 536+000 to Km. 430+100 in the state of Gujarat (TOT Bundle 5A2)",430100,536000,23.7442236473333,71.1395311818333,24.1320795161667,71.9629244998333
369,B,Phase 1,Cycle 1,N_02016_01010_GJ,N/02016/01010/GJ,N_02016_01002_GJ,"Tolling, Operation, Maintenance & Transfer of Palanpur-Radhanpur- Samakhiyali section of NH-27 from Km. 589+600 to Km. 536+000 (TOT Bundle 5A1)",565850,569600,24.2714516401667,72.1806545023333,24.245750138,72.2034747995
370,B,Phase 1,Cycle 1,N_02016_01012_GJ,N/02016/01012/GJ,N_02016_02003_GJ,Improvement of Samakhiyali- Santalpur section of Nh-27 (from Km.339.700 to Km.430.100 and Km 589.600 toKm. 601.000) in the sate of Gujarat,589600,601000,24.1873914678333,72.3873985285,24.2302902433333,72.4548501481667
371,B,Phase 1,Cycle 1,N_04006_01001_GJ,N/04006/01001/GJ,,Samakhiyali to Gandhidham section km 306.0 to km 362.160 of NH-8A,306000,363000,23.30677051,70.5197451741667,23.0361746745,70.1436778421667
372,B,Phase 1,Cycle 1,N_02015_03002_GJ,N/02015/03002/GJ,N_02015_03001_GJ,Garamore - Samakhiyali section from km 254.54 - km 306.00,254500,306040,22.9801353716667,70.8198956386667,23.3068869223333,70.519708699
373,B,Phase 1,Cycle 1,N_02015_02003_GJ,N/02015/02003/GJ,N_02015_02001_GJ,Bamanbore - Garamore from 182.6 km. to 254.54 km. under TOT Bundle - 1,182600,254440,22.4261930523333,71.0828020958333,22.9806018143333,70.8198729075
374,B,Phase 1,Cycle 1,N_08009_01001_GJ,N/08009/01001/GJ,,"Porbandar-Dwarka (Package VIII) from km. 379.100 to km. 496.84
",379100,496840,21.5593187938333,69.6848042835,22.2436323503333,68.9707315983333
375,B,Phase 1,Cycle 1,N_04003_11005_RJ,N/04003/11005/RJ,,Rasisar (near Bikaner)-Deogarh (near Dhandhaniya) (Phase-I) (AJ/RD- Package-4),90000,120000,27.0428536546667,72.9474769076667,26.79527314,72.8260306825
376,B,Phase 1,Cycle 1,N_04003_11007_RJ,N/04003/11007/RJ,,Rasisar (near Bikaner)-Deogarh (near Dhandhaniya) (Phase-I) (AJ/RD- Package-6),148000,177720,26.5630799363333,72.7177923236667,26.3194785383333,72.5973610865
377,B,Phase 1,Cycle 1,N_04003_12002_RJ,N/04003/12002/RJ,,Deogarh (near Dhandhaniya)- Rajasthan/Gujarat Border (Phase-I) (AJ/DRGB-Package-1),-1155,21005,26.3200307485,72.597668835,26.1567676281667,72.474786186
378,B,Phase 1,Cycle 1,N_04003_12003_RJ,N/04003/12003/RJ,,Deogarh (near Dhandhaniya)- Rajasthan/Gujarat Border (Phase-I) (AJ/DRGB-Package-2),21000,48000,26.1568592423333,72.4748531408333,25.9360730066667,72.3947607763333
379,B,Phase 1,Cycle 1,N_03004_03001_RJ,N/03004/03001/RJ,,"Four laning of Gomti Chaurah - Udaipur Section of NH-8 ( From km 177.000 to km 260+100 ) in the state of Rajasthan under NHDP Phase IV on Design,Build , Finance, Operate & Transfer ( Toll ) basis NH-8 ( new NH-58 )",177000,256310,25.282068776,73.7847424051667,24.6566368578333,73.7206075941667
380,B,Phase 1,Cycle 1,N_02001_08001_RJ,N/02001/08001/RJ,,Udaipur Bypass section of NH-48,0,22890,24.6030114838333,73.7808376646667,24.4624108946667,73.6574112035
381,B,Phase 1,Cycle 1,N_06015_01001_RJ,N/06015/01001/RJ,,Rajsamand-Bhilwara,0,87300,25.0285585498333,73.8605017528333,25.3066432443333,74.5624241318333
382,B,Phase 1,Cycle 1,N_06015_01004_RJ,N/06015/01004/RJ,N_06015_01002_RJ,Bhilwara-Ladpura section of NH-758,87200,155300,25.418611406,74.6108628358333,25.1462620088333,75.1158251853333
383,B,Phase 1,Cycle 1,N_04003_12004_RJ,N/04003/12004/RJ,,Deogarh (near Dhandhaniya)-Rajasthan/Gujarat Border (Phase-I) (AJ/DRGB-Package-3),48000,72000,25.9361385778333,72.3948800008333,25.744004015,72.294733364
384,B,Phase 1,Cycle 1,N_04003_12005_RJ,N/04003/12005/RJ,,Deogarh (near Dhandhaniya)-Rajasthan/Gujarat Border (Phase-I) (AJ/DRGB-Package-4),72000,97000,25.744474445,72.2949318928333,25.5458446908333,72.1881522148333
385,B,Phase 1,Cycle 1,N_04003_12006_RJ,N/04003/12006/RJ,,Deogarh (near Dhandhaniya)-Rajasthan/Gujarat Border (Phase-I) (AJ/DRGB-Package-5),97000,125000,25.5458172058333,72.1881420223333,25.3168841673333,72.074882753
386,B,Phase 1,Cycle 1,N_04003_11006_RJ,N/04003/11006/RJ,,Rasisar (near Bikaner)-Deogarh (near Dhandhaniya) (Phase-I) (AJ/RD-Package-5),120000,148000,26.7952732611667,72.826025189,26.5628972438333,72.7177187496667
387,B,Phase 1,Cycle 1,N_08015_03002_RJ,N/08015/03002/RJ,,"2L PS Jodhpur‐Pokaran Section of NH‐125 from km 11+000 to 16+700, km 18+560 to 51+740, km 53+070 to 101+400, km 126+500 to 175+433 (Total length 136+143 km).",11000,175430,26.3204100986667,72.9652168516667,26.9321149663333,71.8739700763333
388,B,Phase 1,Cycle 1,N_08015_01001_RJ,N/08015/01001/RJ,,Bar-Bilara-Jodhpur (Km 0.000 to Km 111.000) of NH-112 in the State of Rajasthan,11,109831,26.07130022,74.113660687,26.3353057326667,73.1397759051667
389,B,Phase 1,Cycle 1,N_08057_01002_RJ,N/08057/01002/RJ,,Operation & Maintenance of 2L PS of Jodhpur-Pachpadra section of NH-25 from km. 95.140 to 114.610 and from km. 116.060 to 180.755,96000,180760,25.9145398113333,72.247347639,26.1974769156667,72.943425429
390,B,Phase 1,Cycle 1,N_08012_01001_RJ,N/08012/01001/RJ,,Bikaner Phalodi Section of NH 11,265540,424710,27.1147967388333,72.3790038653333,28.0230668615,73.2817464098333
391,B,Phase 1,Cycle 1,N_01001_07001_GJ,N/01001/07001/GJ,,Vadodara Mumbai Expressway (Sanpa to Padra) (Phase IA - Pkg II) [Km 323.00 to Km 355.000],323000,355020,22.0045927,73.00628595,22.27001007,73.10474243
392,B,Phase 1,Cycle 1,N_01001_08001_GJ,N/01001/08001/GJ,,Vadodara Mumbai Expressway (Manubar to Sanpa) (Phase IA - Pkg III) [Km 292.000 to Km 323.000],292000,323000,21.73611972,72.93562011,22.00460246,73.00628927
393,B,Phase 1,Cycle 2,N_01001_03005_RJ,N/01001/03005/RJ,,Delhi-Vadodara Greenfield Alignment (NH-148N) (Pkg-07) (Ch.183.000 to Ch. 214.260) (Junction with NH-11 - Start of RoB near junction with NH- 11A),183000,214270,26.9000401831667,76.4228669563333,26.6424859776667,76.3005060601667
394,B,Phase 1,Cycle 2,N_01001_03006_RJ,N/01001/03006/RJ,,Delhi-Vadodara Greenfield Alignment (NH-148N) (Pkg-08) (Ch. 214.260 - Ch. 247.31) [Start of RoB near junction with NH-11A to Junction with MDR-1 (Baonli-Jhalai road)],214260,247340,26.642235823,76.3003358995,26.3611848491666,76.2505013028333
395,B,Phase 1,Cycle 2,N_01001_03007_RJ,N/01001/03007/RJ,,Delhi-Vadodara Greenfield Alignment (NH-148N) (Pkg-09) (Ch. 247.310 - Ch. 292.950),247310,290660,26.3611430041667,76.2504819761667,25.9746656888333,76.2508321916667
396,B,Phase 1,Cycle 2,N_01001_03009_RJ,N/01001/03009/RJ,,Delhi-Vadodara Greenfield Alignment (NH-148N) (Pkg-11) (Ch. 319.400 to Ch. 331.030) [Hardeoganj village near Indergarh to Major Bridge on Mej River],319400,331030,25.7241881983333,76.2459482051667,25.6299206328333,76.2034360725
397,B,Phase 1,Cycle 2,N_01001_03010_RJ,N/01001/03010/RJ,,Delhi-Vadodara Greenfield Alignment (NH-148N) (Pkg-12) (Ch. 331.030 to Ch. 359.170) [Major Bridge on Mej River to Junction with SH-37A],331030,359170,25.6303457423333,76.2033414218333,25.3818233568333,76.1981420923333
398,B,Phase 1,Cycle 2,N_01001_03011_RJ,N/01001/03011/RJ,,Delhi-Vadodara Greenfield Alignment (NH-148N) (Pkg-13) (Ch. 359.170 to Ch. 388.420) [Junction with SH-37A to Junction with NH- 76],359170,388420,25.3817117593333,76.1981328521666,25.145250764,76.0738461455
399,B,Phase 1,Cycle 2,N_01001_03012_RJ,N/01001/03012/RJ,,Delhi-Vadodara Greenfield Alignment (NH-148N) (Pkg-14) (Ch. 388.420 to Ch. 419.000) [Junction with NH- 76 to Junction with NH-12 near village Ummedpura],388420,418300,25.1451566115,76.073793896,24.8966990518333,75.9595060971666
400,B,Phase 1,Cycle 2,N_01001_03014_RJ,N/01001/03014/RJ,,Delhi-Vadodara Greenfield Alignment (NH-148N) (Pkg-16) (Ch. 427.300 to Ch.452.420) [Major bridge over Takli river near Nayagaon Jageer village to Rajasthan/MP Border],427300,452600,24.8182568383333,75.935511569,24.616218717,75.8572241076666
401,B,Phase 1,Cycle 2,N_04003_10002_RJ,N/04003/10002/RJ,,Sangariya (near Chautala)-Rasisar (near Bikaner) (Phase-I) (AJ/SR-Package-1) From Ch. (-) 00.300 to Ch.28.700,-300,28740,29.7758095958333,74.5017667203333,29.5535323171666,74.3458511503333
402,B,Phase 1,Cycle 2,N_04003_10003_RJ,N/04003/10003/RJ,,Sangariya (near Chautala)-Rasisar (near Bikaner) (AJ/SR-Package-2),28700,53030,29.5536795991666,74.3459573305,29.3615309581666,74.2370438406666
403,B,Phase 1,Cycle 2,N_04003_10004_RJ,N/04003/10004/RJ,,Sangariya (near Chautala)-Rasisar (near Bikaner) (AJ/SR-Package-3),53000,88000,29.3614786801666,74.2369895271666,29.0700005756666,74.1024178475
404,B,Phase 1,Cycle 2,N_04003_10007_RJ,N/04003/10007/RJ,,Sangariya (near Chautala)-Rasisar (near Bikaner) (AJ/SR-Package-6),140000,170040,28.6334380353333,73.9073911551666,28.3953001128333,73.7627578868333
405,B,Phase 1,Cycle 2,N_04003_10008_RJ,N/04003/10008/RJ,,Sangariya (near Chautala)-Rasisar (near Bikaner) section of NH-754K (Phase-I) (AJ/SR-Package-7),170000,200010,28.395382174,73.7628023176666,28.1606934118333,73.6138190793333
406,B,Phase 1,Cycle 2,N_04003_10010_RJ,N/04003/10010/RJ,,Sangariya (near Chautala)-Rasisar (near Bikaner) (AJ/SR-Package-9),225000,252530,27.9578467221666,73.5027803135,27.747571084,73.3580635296666
407,B,Phase 1,Cycle 2,N_02001_03005_RJ,N/02001/03005/RJ,"N_02001_03001_RJ
N_02001_04003_RJ",Balance works of 6 of Jaipur Ring Road from Agra Road (Km. 0.300) to Ajmer Road (46.700) section,300,47580,26.8772338291666,75.930662676,26.8618690978333,75.6737318628333
408,B,Phase 1,Cycle 2,N_05038_02001_RJ,N/05038/02001/RJ,,Reengus-Sikar Section of NH-52,298075,342000,27.3796163728333,75.5536195576667,27.576579966,75.1941516821667
409,B,Phase 1,Cycle 2,N_08004_04002_RJ,N/08004/04002/RJ,,Rajasthan Border (Km 0.000) to Salasar (km 154.141) of NH-52 and 58 (old-65) in Rajasthan,0,154140,28.7693593575,75.5181174495,27.7221590048333,74.6774188456667
410,B,Phase 1,Cycle 2,N_08004_05001_RJ,N/08004/05001/RJ,,Salasar (Km 151.141) to Nagaur (Km 270.735) of NH-65 in Rajasthan,46141,165771,27.723263447,74.680917072,27.1985593185,73.7494228856667
411,B,Phase 1,Cycle 2,N_02001_02008_RJ,N/02001/02008/RJ,"N_02001_02006_RJ
N_02001_02007_RJ",Strengthening/ Overlaying on Six lane Gurgaon – Kotputli – Jaipur section of NH-48 (Old NH-8) from Km 107+100 to Km 273+000 in the State of Rajasthan at the Risk and Cost of Concessionaire on Item Rate Mode.,107100,188000,28.034431892,76.5017502395,27.4758539193333,76.0473816008333
412,B,Phase 1,Cycle 2,N_04003_10005_RJ,N/04003/10005/RJ,,Sangariya (near Chautala)-Rasisar (near Bikaner) (AJ/SR-Package-4),88000,115010,29.0697143593333,74.1023185601667,28.8400652616667,74.006811393
413,B,Phase 1,Cycle 2,N_04003_10006_RJ,N/04003/10006/RJ,,Sangariya (near Chautala)-Rasisar (near Bikaner) (Phase-I) (AJ/SR-Pkg 5),115000,140030,28.8410028091667,74.0073265038333,28.6327595708333,73.9071207213333
414,B,Phase 1,Cycle 2,N_04003_10009_RJ,N/04003/10009/RJ,,Sangariya (near Chautala)-Rasisar (near Bikaner) (Phase-I) (AJ/SR- Package-8),200000,225010,28.1602899055,73.6135926366667,27.9575094706667,73.5025629735
415,B,Phase 1,Cycle 2,N_02018_01005_RJ,N/02018/01005/RJ,N_02018_01001_RJ,Chittorgarh - Kota,891929,1052470,24.8426542465,74.5807735791667,25.1494172275,75.75038243
416,B,Phase 1,Cycle 2,N_02001_06001_RJ,N/02001/06001/RJ,,Gulabpura (Km 90.000) to Chittorgarh (Km 214.870) of NH-79 in Rajasthan,90000,214900,25.8549186093333,74.6176497433333,24.8321238576667,74.5662179418333
417,B,Phase 1,Cycle 2,N_02001_08001_RJ,N/02001/08001/RJ,,Six Lane Greenfield Udaipur Bypass [Connection between NH- 76 at Existing Km. 118.500 at Debari to NH-8 Km. 287.400 at Kaya Village] (Pkg-IV),0,23900,24.6029885668333,73.7808491508333,24.4628749163333,73.6530289776667
418,B,Phase 1,Cycle 2,N_06015_01004_RJ,N/06015/01004/RJ,N_06015_01002_RJ,Operation Maintenance of Two Laning with Paved Shoulder of Bhilwara Ladpura section of NH 758 From km 87.250 to Km 155.000 (Total length 67.750 kms) in Rajasthan,87250,155260,25.4186072841667,74.6108735485,25.1460064991667,75.1156537951667
419,B,Phase 1,Cycle 2,N_06015_01001_RJ,N/06015/01001/RJ,,Rajsamand-Bhilwara,0,87080,25.0284979706667,73.8602396586667,25.306817256,74.5624750278333
420,B,Phase 1,Cycle 2,N_03004_03001_RJ,N/03004/03001/RJ,,Gomati Chauraha - Udaipur km 177.00 - km 260.100 of NH-8,177000,256310,25.2819017316667,73.7845204328333,24.6573434425,73.7209566048333
421,B,Phase 1,Cycle 2,N_02001_09001_RJ,N/02001/09001/RJ,,6 of Udaipur to Shamlaji from Km 287.400 to km 401.200 of Old NH-8,333550,446510,24.454358964,73.6543316763333,23.6806430596667,73.3617165138333
422,B,Phase 1,Cycle 2,N_04003_11005_RJ,N/04003/11005/RJ,,Rasisar (near Bikaner)-Deogarh (near Dhandhaniya) (Phase-I) (AJ/RD- Package-4),90000,120040,27.0428371486667,72.9474749795,26.7949068286667,72.8258649436667
423,B,Phase 1,Cycle 2,N_04003_11007_RJ,N/04003/11007/RJ,,Rasisar (near Bikaner)-Deogarh (near Dhandhaniya) (Phase-I) (AJ/RD- Package-6),148000,177720,26.5630799363333,72.7177923236667,26.3194785383333,72.5973610865
424,B,Phase 1,Cycle 2,N_04003_12002_RJ,N/04003/12002/RJ,,Deogarh (near Dhandhaniya)- Rajasthan/Gujarat Border (Phase-I) (AJ/DRGB-Package-1),-1155,21005,26.3200248708333,72.59767556,26.1569026463333,72.4748771628333
425,B,Phase 1,Cycle 2,N_04003_12003_RJ,N/04003/12003/RJ,,Deogarh (near Dhandhaniya)- Rajasthan/Gujarat Border (Phase-I) (AJ/DRGB-Package-2),21000,48010,26.1568183246667,72.4748202805,25.936155441,72.394851044
426,B,Phase 1,Cycle 2,N_04037_01001_RJ,N/04037/01001/RJ,,4 of Beawar- Pali- Pindwara Section of NH 14 (km 0.000 to km 244.120),0,244250,26.0618989241667,74.2993221605,24.781045859,73.0301754661667
427,B,Phase 1,Cycle 2,N_04038_01001_RJ,N/04038/01001/RJ,,Four Laning of Mahua-Jaipur from Km 120.00 to Km 228.00,119950,229120,27.0340981123333,76.9018891935,26.8940453926667,75.8649162563333
428,B,Phase 1,Cycle 2,N_04038_02001_RJ,N/04038/02001/RJ,,4L of Bharatpur-Mahua from km. 63.00 to km. 120.00 of Old NH 11,62295,119635,27.1829551976667,77.4383190458333,27.0339842323333,76.9016554135
429,B,Phase 1,Cycle 2,N_04038_03001_RJ,N/04038/03001/RJ,,Four Laning of Agra-Bharatpur from km 17.756 to km 62.295 of NH-21,17756,62326,27.1443137773333,77.8343816331667,27.1832087146667,77.4373562741667
430,B,Phase 1,Cycle 2,N_08027_02002_RJ,N/08027/02002/RJ,N_08027_02004_RJ,Reconstruction & Rehabilitation Bituminous Pavement Works and Incidental Works of Deoli – Kota Section of NH – 12 (New NH – 52) from km 165.00 to Talabgaon Junction (Design km 167.624 to Km 205.724) (Package – 1),167624,205730,25.7303588158333,75.4132415783333,25.4610322203333,75.5882430706667
431,B,Phase 1,Cycle 2,N_02018_02001_RJ,N/02018/02001/RJ,,Kota bypass on NH-76 Contract Package (RJ-4),1052429,1080249,25.1493563906667,75.7502351036667,25.1826254735,75.9346597911667
432,B,Phase 1,Cycle 2,N_02001_05001_RJ,N/02001/05001/RJ,,Kishangarh (km 0.000) to Gulabpura (km 90.000) of NH-79A and NH-79 in Rajasthan,0,90010,26.5825893148333,74.9034797028333,25.8546411091667,74.617591897
433,B,Phase 1,Cycle 2,N_04006_04001_GJ,N/04006/04001/GJ,,4 of Godhra to Gujarat MP Border Section from Km. 129.000 to Km. 215.900 of NH-47 (Old NH-59),127848,214948,22.787609789,73.6727081103333,22.7831254996667,74.435492146
434,B,Phase 1,Cycle 2,N_04003_12004_RJ,N/04003/12004/RJ,,Deogarh (near Dhandhaniya)-Rajasthan/Gujarat Border (Phase-I) (AJ/DRGB-Package-3),48000,72000,25.9361743343333,72.3948713183333,25.7442413773333,72.2948163715
435,B,Phase 1,Cycle 2,N_04003_12005_RJ,N/04003/12005/RJ,,Deogarh (near Dhandhaniya)-Rajasthan/Gujarat Border (Phase-I) (AJ/DRGB-Package-4),72000,97000,25.7445295721667,72.2950144401667,25.5451930426667,72.188016212
436,B,Phase 1,Cycle 2,N_04003_11006_RJ,N/04003/11006/RJ,,Rasisar (near Bikaner)-Deogarh (near Dhandhaniya) (Phase-I) (AJ/RD-Package-5),120000,148000,26.795402698,72.8260931706667,26.5629009281667,72.717728285
437,B,Phase 1,Cycle 2,N_05038_01002_RJ,N/05038/01002/RJ,N_05038_01003_RJ,Maintenance of 4 Jaipur-Reengus section of NH-52 (Old NH-11) from Km. 246.300 to Km. 298.075,246300,298250,26.9981432345,75.7705335263333,27.3796646188333,75.5535509188333
438,B,Phase 1,Cycle 2,N_01002_01001_GJ,N/01002/01001/GJ,,Four Laning of Ahmedabad- Vadodara Expressway from km.0.000 to km 93.302,0,93300,22.988302028,72.6288959073333,22.3635655201667,73.1939825953333
439,B,Phase 1,Cycle 2,N_04006_03001_GJ,N/04006/03001/GJ,"N_04006_03003_GJ
N_04006_03004_GJ
N_04006_03005_GJ
N_04006_03006_GJ",4 of Ahmedabad-Godhra from km. 04.200 to km. 122.420 of NH-59,4200,122000,23.0261110258333,72.6785124956667,22.8161549618333,73.6291618676667
440,B,Phase 1,Cycle 2,N_02001_12001_GJ,N/02001/12001/GJ,,6 Laning of Ahmedabad - Vadodara Section from km 6.400 to km 108.700,6400,110010,22.9728099796667,72.588637036,22.3616684161667,73.1997720536667
441,B,Phase 1,Cycle 2,N_02015_02003_GJ,N/02015/02003/GJ,N_02015_02001_GJ,Bamanbore - Garamore from 182.6 km. to 254.54 km. under TOT Bundle - 1,182600,254580,22.4261431531666,71.0827506324999,22.9796529226666,70.8199757171666
442,B,Phase 1,Cycle 2,N_02014_01002_GJ,N/02014/01002/GJ,,Porbandar - Bhiladi - Jetpur from km. 01.96 to km. 117.00 under TOT Bundle - 1,1960,117640,21.6423752465,69.6307091251667,21.7868179165,70.6448804921667
443,B,Phase 1,Cycle 2,N_08009_01001_GJ,N/08009/01001/GJ,,Porbandar-Dwarka (Package VIII) from km. 379.100 to km. 496.848,379100,496860,21.5592516931667,69.684883095,22.2434786485,68.9698090408333
444,B,Phase 1,Cycle 2,N_04003_12006_RJ,N/04003/12006/RJ,,Deogarh (near Dhandhaniya)-Rajasthan/Gujarat Border (Phase-I) (AJ/DRGB-Package-5),97000,125000,25.5458559453333,72.1881618778333,25.3163910063333,72.0747411826667
445,B,Phase 1,Cycle 2,N_08015_03002_RJ,N/08015/03002/RJ,,"2L PS Jodhpur‐Pokaran Section of NH‐125 from km 11+000 to 16+700, km 18+560 to 51+740, km 53+070 to 101+400, km 126+500 to 175+433 (Total length 136+143 km).",11000,175430,26.3203814256667,72.9651952215,26.9324965158333,71.8740851851667
446,B,Phase 1,Cycle 2,N_08015_01001_RJ,N/08015/01001/RJ,,Bar-Bilara-Jodhpur (Km 0.000 to Km 111.000) of NH-112 in the State of Rajasthan,11,109831,26.0712953345,74.113697683,26.3351302846667,73.1393890075
447,B,Phase 1,Cycle 2,N_08057_01002_RJ,N/08057/01002/RJ,,Operation & Maintenance of 2L PS of Jodhpur-Pachpadra section of NH-25 from km. 95.140 to 114.610 and from km. 116.060 to 180.755,95140,180750,25.9215282316667,72.2442115971667,26.1974464576667,72.9433977393333
448,B,Phase 1,Cycle 1,N_02016_01010_GJ,N/02016/01010/GJ,N_02016_01002_GJ,Four Lane Elevated Deesa Flyover Section from Km 565+850 to km 569+600 (Length - 3.75 km) of NH - 27 in the state of Gujarat,565850,569600,24.2714516401667,72.1806545023333,24.245750138,72.2034747995
449,B,Phase 1,Cycle 2,N_04003_13002_GJ,N/04003/13002/GJ,,Sanchore - Santalpur from km 4.888 - km 35.000 of NH- 754K (AJ-RGBS-Package-1),4888,35018,24.6644712631667,71.7464572081667,24.4107630211667,71.6463219426667
450,B,Phase 1,Cycle 2,N_04003_13003_GJ,N/04003/13003/GJ,,Sanchore - Santalpur from km 35.000 - km 67.000 of NH- 754K (AJ-RGBS-Package-2),35000,67000,24.4114837115,71.646546815,24.170810228,71.5093430118333
451,B,Phase 1,Cycle 2,"N_02017_04002_RJ
N_02017_04003_GJ","N/02017/04002/RJ
N/02017/04003/GJ",N_02017_04001_GJ,Palanpur/ Khemana - Abu Road - Swaroopganj from km. 340.00 to km. 264.00,601000,677000,24.2294832118333,72.4542809635,24.6783786145,72.937572441
452,B,Phase 1,Cycle 2,N_02016_01010_GJ,N/02016/01010/GJ,N_02016_01002_GJ,Four Lane Elevated Deesa Flyover Section from Km 565+850 to km 569+600 (Length - 3.75 km) of NH - 27 in the state of Gujarat,565850,569600,24.2712581963333,72.1808436141667,24.2455794758333,72.2037045116667
453,B,Phase 1,Cycle 2,N_02016_01010_GJ,N/02016/01010/GJ,N_02016_01002_GJ,"Tolling, Operation, Maintenance & Transfer of Palanpur-Radhanpur- Samakhiyali section of NH-27 from Km. 589+600 to Km. 536+000 (TOT Bundle 5A1)",565850,569600,24.2712581963333,72.1808436141667,24.2455794758333,72.2037045116667
454,B,Phase 1,Cycle 2,N_02016_01009_GJ,N/02016/01009/GJ,,"Tolling, Operation, Maintenance & Transfer of Palanpur-Radhanpur- Samakhiyali section of NH-27 from Km. 536+000 to Km. 430+100 in the state of Gujarat (TOT Bundle 5A2)",430100,536000,23.741564067,71.1363002876667,24.132199164,71.9630624573333
455,B,Phase 1,Cycle 2,N_04009_01001_GJ,N/04009/01001/GJ,,Gujarat / Maharashtra Border - Surat - Hazira Port,0,131500,21.1028928668333,72.6271913815,21.1627460866667,73.7321556905
456,B,Phase 1,Cycle 2,N_02001_15004_GJ,N/02001/15004/GJ,N_02001_15002_GJ        ,Overlay & Routine Maintenance of Narmada Bridge Section of NH-48 from km. 192+000 to 198+745 in the state of Gujarat on item rate (percentage) basis,192000,198740,21.7256664146667,73.034219922,21.6790871871667,73.0698688305
457,B,Phase 1,Cycle 2,N_02016_01012_GJ,N/02016/01012/GJ,N_02016_02003_GJ,"Annual Maintenance, Incident Management and miscellaneous works on Chadotar - Palanpur Section of NH-27 (from Km. 589.600 to Km. 601.000) in the state of Gujarat.",589600,601000,24.187395997,72.387406686,24.230478356,72.4549752871667
458,B,Phase 1,Cycle 2,N_04006_01001_GJ,N/04006/01001/GJ,,Samakhiyali to Gandhidham section km 306.0 to km 362.160 of NH-8A,306000,362610,23.3066588825,70.5203352518333,23.0362493546666,70.1433077761666
459,B,Phase 1,Cycle 2,N_02015_03002_GJ,N/02015/03002/GJ,N_02015_03001_GJ,Garamore - Samakhiyali section from km 254.54 - km 306.00,254537,306017,22.9800061713333,70.8199460073333,23.3064502503333,70.5219920533333
460,B,Phase 1,Cycle 2,N_02001_13003_GJ,N/02001/13003/GJ,N_02001_13001_GJ,Strengthening and major maintenance work from Vadodara to Bharuch (Km.108.700 to Km. 192.000) of NH - 48,108700,192000,22.362590946,73.196626047,21.7254064488333,73.0343975961667
461,B,Phase 1,Cycle 2,N_01001_06001_GJ,N/01001/06001/GJ,,Vadodara Mumbai Expressway (Padra to Vadodara) (Phase IA - Pkg I) [Km 355.00 to Km 378.740],355000,378740,22.2699355928333,73.1047669938333,22.4604939933333,73.1169567583333
462,B,Phase 1,Cycle 2,N_01001_07001_GJ,N/01001/07001/GJ,,Vadodara Mumbai Expressway (Sanpa to Padra) (Phase IA - Pkg II) [Km 323.00 to Km 355.000],323000,355010,22.0045735166667,73.0062844088333,22.2704211373333,73.104673621
463,B,Phase 1,Cycle 2,N_01001_08001_GJ,N/01001/08001/GJ,,Vadodara Mumbai Expressway (Manubar to Sanpa) (Phase IA - Pkg III) [Km 292.000 to Km 323.000],292000,323000,21.7360976823333,72.9356220258333,22.0048114603333,73.0063237035
464,B,Phase 1,Cycle 2,N_02001_16007_GJ,N/02001/16007/GJ,N_02001_16003_GJ,Strengthening and major maintenance work from Km. 263.000 to Km. 381.000 of NH-48 (from Surat to Vapi section) ,263000,381000,21.1411016463333,72.9662874225,20.2274155618333,72.8826998183333
465,B,Phase 1,Cycle 2,N_04003_11002_RJ,N/04003/11002/RJ,,Rasisar (near Bikaner)-Deogarh (near Dhandhaniya) (Phase-I) (AJ/RD-Package-1),1900,30010,27.747488427,73.3580206743333,27.5283800733333,73.2132426205
466,B,Phase 1,Cycle 2,N_04003_11003_RJ,N/04003/11003/RJ,,Rasisar (near Bikaner)-Deogarh (near Dhandhaniya) (Phase-I) (AJ/RD-Package-2)-30km,30000,60000,27.5290897968333,73.2137269396667,27.287149985,73.0766001058333
467,B,Phase 1,Cycle 2,N_04003_11004_RJ,N/04003/11004/RJ,,Rasisar (near Bikaner)-Deogarh (near Dhandhaniya) (Phase-I) (AJ/RD-Package-3)-30km,60000,90000,27.2875121986667,73.0767951855,27.0424286466667,72.9473056301667
468,B,Phase 1,Cycle 2,N_08015_02001_RJ,N/08015/02001/RJ,,Jodhpur Ring Road Package-I [4-laning of Dangiawas (Km. 96.595) to Jajiwal (Km. 283.500),0,74870,26.271608878,73.2559616686667,26.4461854618333,73.102462144
469,B,Phase 1,Cycle 2,N_04003_12009_RJ,N/04003/12009/RJ,,Deogarh (near Dhandhaniya)-Rajasthan/Gujarat Border (Phase-I) (AJ/DRGB-Package-8),180000,207140,24.8715812146667,71.8511153436667,24.6642908888333,71.746369828
470,B,Phase 1,Cycle 2,N_06034_01002_GJ,N/06034/01002/GJ,,Upgradation to 4-lane of Bhimasar Junction of NH-41 to Anjar Bhuj up to Airport Junction from km. 0.000 to km. 65.478 of NH-341 ,0,65470,23.1957133408333,70.2191870903333,23.270693184,69.6757330025
471,B,Phase 1,Cycle 2,N_08081_01002_GJ,N/08081/01002/GJ,,Strengthening of project from Maharashtra border-Sagbara-Dediapada-Netrang section of NH-753B from Km. 117.400 to Km. 175.400 in the state of Gujarat,117400,175400,21.529672501,73.8465998996666,21.6383367266666,73.3677559168333
472,B,Phase 1,Cycle 2,N_01001_03015_RJ,N/01001/03015/RJ,,4L Greenfield spur from Delhi-Vadodara Greenfield Expressway near Bandikui to Jaipur.,0,66710,26.9800906273333,76.5329547238333,26.875963803,75.9272006745
473,B,Phase 1,Cycle 2,N_01001_05005_GJ,N/01001/05005/GJ,,Delhi-Vadodara Greenfield Alignment (NH-148N) (Pkg-29) (Ch.780+920 to Ch.803+420) [Bhamaiya Village to Baletiya Village],328500,351010,22.7934504038333,73.5770199573333,22.6370899326667,73.4397593168333
474,B,Phase 1,Cycle 2,N_01001_03009_RJ,N/01001/03009/RJ,,Delhi-Vadodara Greenfield Alignment (NH-148N) (Pkg-11) (Ch. 319.400 to Ch. 331.030) [Hardeoganj village near Indergarh to Major Bridge on Mej River],319400,331030,25.7241881983333,76.2459482051667,25.6299206328333,76.2034360725
475,B,Phase 1,Cycle 2,N_01001_03010_RJ,N/01001/03010/RJ,,Delhi-Vadodara Greenfield Alignment (NH-148N) (Pkg-12) (Ch. 331.030 to Ch. 359.170) [Major Bridge on Mej River to Junction with SH-37A],331030,359170,25.6303457423333,76.2033414218333,25.3818233568333,76.1981420923333
476,B,Phase 1,Cycle 2,N_01001_03011_RJ,N/01001/03011/RJ,,Delhi-Vadodara Greenfield Alignment (NH-148N) (Pkg-13) (Ch. 359.170 to Ch. 388.420) [Junction with SH-37A to Junction with NH- 76],359170,388420,25.3817117593333,76.1981328521666,25.145250764,76.0738461455
477,B,Phase 1,Cycle 2,N_01001_03012_RJ,N/01001/03012/RJ,,Delhi-Vadodara Greenfield Alignment (NH-148N) (Pkg-14) (Ch. 388.420 to Ch. 419.000) [Junction with NH- 76 to Junction with NH-12 near village Ummedpura],388420,418300,25.1451566115,76.073793896,24.8966990518333,75.9595060971666
478,B,Phase 1,Cycle 2,N_01001_03014_RJ,N/01001/03014/RJ,,Delhi-Vadodara Greenfield Alignment (NH-148N) (Pkg-16) (Ch. 427.300 to Ch.452.420) [Major bridge over Takli river near Nayagaon Jageer village to Rajasthan/MP Border],427300,452600,24.8182568383333,75.935511569,24.616218717,75.8572241076666
479,B,Phase 1,Cycle 2,N_09011_01002_RJ,N/09011/01002/RJ,N_09011_01001_RJ,2L PS of Karauli - Dholpur from km 83.960 to 184.460 of Old NH-11B,84960,185700,26.5142741768333,77.021350457,26.6965773743333,77.8906687573333
480,B,Phase 1,Cycle 2,N_09013_01002_RJ,N/09013/01002/RJ,N_09013_01001_RJ,Uncha Nagla - Dholpur Section of NH-123 (0.000 to 75.008).,-650,75000,26.744288539,77.9018705628333,27.1546850756667,77.5801260636667
481,B,Phase 1,Cycle 2,N_01001_09001_GJ,N/01001/09001/GJ,,Vadodara Mumbai Expressway (Ankleshwar to Manubar) (Phase IA- Pkg IV) [Km 279.000 to Km 292.000],279000,292000,21.6235223538333,72.9383801861666,21.7362114245,72.9356440788333
482,B,Phase 1,Cycle 2,N_01001_11002_GJ,N/01001/11002/GJ,,Vadodara Mumbai Expressway (Ena -Kim) (Phase IB - Pkg VI)[Km 217.500 to Km 254.430],217500,254430,21.1059464261666,73.0410345378333,21.4132809195,72.9649773725
483,B,Phase 1,Cycle 2,N_01001_11003_GJ,N/01001/11003/GJ,,Vadodara Mumbai Expressway (Gandeva to Ena) (Phase IB - Pkg VII)[Km 190.00 to Km 217.500],190150,217520,20.8642176325,73.0742043098333,21.1064471301666,73.0409019803333
484,B,Phase 2,Cycle 1,N_08009_09001_GJ,N/08009/09001/GJ,,4L of Bhavnagar - Talaja (Package-I) from Km. 6.945 to Km. 54.990 of Old NH-8E,54990,100440,21.34436708,72.02112635,21.06667827,71.74397062
485,B,Phase 2,Cycle 1,N_04003_14001_GJ,N/04003/14001/GJ,,4L of Dhrol-Bhadra-Patiya section from 0.000 to km 13.600 and Bhadra Patiya - Pipaliya section from 73.00 to km 24.00 of NH-151A,6000,62500,22.6072061078814,70.3965112818281,22.9296311896363,70.674017609187
486,B,Phase 2,Cycle 1,N_07024_01001_GJ,N/07024/01001/GJ,,4L of Dwarka-Khambaliya-Devariya section from km 203.500 to km 176.500 and from km 171.800 to km 125.000 of NH-151A,0,76240,22.0645972867525,69.1537168337689,22.3312967285949,69.7746629922537
487,B,Phase 2,Cycle 1,N_08009_06001_GJ,N/08009/06001/GJ,,Kagvadar - Una (Package-IV),140470,181440,20.98017891,71.40542044,20.83998345,71.06923056
488,B,Phase 2,Cycle 1,N_06035_01003_GJ,N/06035/01003/GJ,IRSM,Short term improvement and routine maintenance of 4L  Gandhidham (Kandla)- Mundra port section from Km 0.00 to Km. 71.4 of NH-8A (Extn.),300,71390,23.0874594233801,70.1435992951095,22.8835322817648,69.5660364057903
489,B,Phase 2,Cycle 1,N_08063_01003_GJ,N/08063/01003/GJ,,Maintenance works and activities on section from Km 0.000 to Km 123.454 of Jetpur–Somnath section of NH-151 in the State of Gujarat,0,121620,21.75336537,70.59365379,20.89458296,70.40846186
490,B,Phase 2,Cycle 1,N_08009_08002_GJ,N/08009/08002/GJ,N_08009_08001_GJ,4L of Talaja - Mahuva from 54.990 km. to 100.450 km. of Old NH-8E (Package-II),54990,100440,21.34436708,72.02112635,21.06667827,71.74397062
491,B,Phase 2,Cycle 1,N_08009_07002_GJ,N/08009/07002/GJ,N_08009_07001_GJ,4L of Mahuva to Kagvadar from 100.450 Km. to 140.470 Km. of NH-8E (Pkg- III),100450,140460,21.0667635974285,71.7441072507705,20.9800166995204,71.4051334560117
492,B,Phase 2,Cycle 1,N_08009_04001_GJ,N/08009/04001/GJ,,Kodinar - Veraval (Package VI) from km. 221.610 to km. 263.00 of NH-8E & km. 120.900 to km. 121.150 of NH-8D,230000,263170,20.838907295332,70.6712235786525,20.894780676276,70.412033291949
493,B,Phase 2,Cycle 1,N_08009_04002_GJ,N/08009/04002/GJ,,4L Kodinar - Veraval (Package VI) from km. 222.400 to km. 230.00 (Kodinar Bypass) of NH-8E (NH 51 new),222400,229720,20.7942715115696,70.7203182017384,20.8357032091245,70.6732248673382
494,B,Phase 2,Cycle 1,N_04003_13002_GJ,N/04003/13002/GJ,,Sanchore - Santalpur from km 4.888 - km 35.000 of NH- 754K (AJ-RGBS-Package-1),4888,34988,24.6646410627045,71.7465689693581,24.411465303705,71.6465417974428
495,A,Phase 1,Cycle 1,N_08056_01001_HR,N/08056/01001/HR,,Ambala - Saha,0,14870,30.3386622116667,76.8305594538333,30.3005335385,76.9687651283333
496,A,Phase 1,Cycle 1,N_02007_09001_HR,N/02007/09001/HR,,Panipat Elevated Flyover from km. 86.00 to km. 96.00 on NH-44 (old NH- 1),86000,96000,29.3544490451667,76.9793223816667,29.4432645708333,76.9705787895
497,A,Phase 1,Cycle 1,N_06012_01001_PB,N/06012/01001/PB,,Ambala - Chandigarh from km. 5.735 to km. 39.960 of Old NH-22 and km.0.000 to km. 0.870 of Old NH-21,5735,39495,30.3791776875,76.795067589,30.6595312671667,76.8245896005
498,A,Phase 1,Cycle 1,N_08061_01001_PB,N/08061/01001/PB,,"Chandigarh (km.0.000) to Kharar
(km10.185) of NH-21 and NH-95 in Punjab",0,10240,30.7431257956667,76.7221069305,30.761591482,76.6310674438333
499,A,Phase 1,Cycle 1,N_06037_02006_HR,N/06037/02006/HR,N_06037_01001_HR,Four Laning of Yamunanagar - Panchkula Section of Old NH 73 (Pkg - 3) from km. 160.357 to km. 179.248,160357,176427,30.6009797875,76.9511483186667,30.6996937178333,76.871463052
500,A,Phase 1,Cycle 1,N_08078_01001_PB,N/08078/01001/PB,,"Kharar Km. 10.185 (Design Chainage) to Samrala Chowk, Ludhiana Km 86.199 (Design Chainage) In the State Of Punjab",10185,86215,30.7547150901667,76.6298679928333,30.9107594228333,75.879708275
501,A,Phase 1,Cycle 1,N_08021_01001_PB,N/08021/01001/PB,,Kharar(km15.765) to Kurali(kn29.90) oh NH-205 in Punjab,16200,29960,30.76067153,76.6317649703333,30.8534068381693,76.5642325244622
502,A,Phase 1,Cycle 1,N_08021_02001_PB,N/08021/02001/PB,,Kiratpur - Kurali from km. 28.60 to km. 73.20,28600,73270,30.8531559581667,76.5642150168333,31.1856320125,76.5884272185
503,A,Phase 1,Cycle 1,N_06037_02007_HR,N/06037/02007/HR,N_08056_02002_HR,Routine Maintenance and Incident Management of Yamunanagar Panchkula Highway Section of NH-344 (Old NH-73) from km. 70.830 to km. 157.192 (Package-I and Package-II),70830,87000,30.0702635366667,77.350197909,30.1305310646667,77.2172274171667
504,A,Phase 1,Cycle 1,N_06037_03001_HR,N/06037/03001/HR,,Saha - Shahbad from Km. 14.840 to Km. 31.760,14840,31770,30.3003279836667,76.968763377,30.1913226421667,76.8596460485
505,A,Phase 1,Cycle 1,N_08071_01001_HR,N/08071/01001/HR,,"Zirakpur -Parwanoo from km.39.96 to km. 67.65 including Pinjore - Kalka Parwanoo Bypass in the State of PB, HR, HP",39960,67690,30.6607358355,76.8300699305,30.8360242145,76.981392223
506,A,Phase 1,Cycle 1,N_02007_07001_PB,N/02007/07001/PB,,Laddowal Bypass (Km. 0.000) to (Km. 17.041) Linking with NH-95 with NH- 1 Via Laddowal Seed Farm of NH-95 in Punjab,0,17040,30.8953403068333,75.799376935,30.9839614566667,75.7915144696667
507,A,Phase 1,Cycle 1,N_03002_01004_HR,N/03002/01004/HR,,6 Access Controlled Highway from Jn. with Sector 62/65 dividing road on Faridabad - Ballabhgarh Bypass to Jn. with KMP Expressway with NH- 148NA from km. 33.00 to km. 59.063,33400,59000,28.3051699253333,77.3393967005,28.1647068641667,77.1579445968333
508,A,Phase 1,Cycle 1,N_02001_01009_DL,N/02001/01009/DL,N_02001_01001_DL,"Access Controlled Highway of Delhi- Gurgaon section of NH-48 from km 
14.30 to km 42.00 (Access Controlled Highway of Delhi- Gurgaon section of NH-48 from km11.00 to 14.30 and Underpasses - x5)",0,1040,28.5062656133333,77.0946269201667,28.508334523,77.0951663891667
509,A,Phase 1,Cycle 1,N_01007_01001_DL,N/01007/01001/DL,N_01007_01001_DL-RCW,DEVELOPMENT OF DELHI – MEERUT EXPRESSWAY (PACKAGE – I) FROM CH: 0+000 TO CH: 8+716 (LENGTH: 8.716 KM) IN THE STATE OF DELHI/UTTAR PRADESH,0,8710,28.5984742581667,77.2558400678333,28.6324653209783,77.334457002413
510,A,Phase 1,Cycle 1,N_01007_02001_DL,N/01007/02001/DL,N_01007_02001_DL-RCW,DEVELOPMENT OF DELHI – MEERUT EXPRESSWAY (PACKAGE – II) FROM CH: 8+716 TO CH: 28+000 (LENGTH: 19.284 KM) IN THE STATE OF DELHI/UTTAR PRADESH- Delhi Meerut Expressway Km.27.740 of NH-24 - Km.51.975,8700,27990,28.6324627325,77.3341749771667,28.6802373141667,77.5040584463333
511,A,Phase 1,Cycle 1,N_01005_01009_HR,N/01005/01009/HR,,"Monetization of Public Funded operational National Highway Projects under Tolling, Operation, Maintenance and Transfer (ToT) – Bundle-7",1000,136000,28.9167423718333,77.1151875131667,28.098019886,77.325822452
512,A,Phase 1,Cycle 1,N_04032_02006_HR,N/04032/02006/HR,N_04032_02004_HR,4 of Rohtak - Hisar section from km. 87.00 to km. 170.00 on NH-10 including connecting link from km. 87.000 (NH-10) to km. 348.000 (NH- 71),1000,182660,28.9179337266667,76.4634078266667,29.179940296,75.7087592443333
513,A,Phase 1,Cycle 1,N_05006_01002_HR,N/05006/01002/HR,,Narnaul Bypass & Ateli Mandi to Narnaul section of NH-11 km 43.445 to km 56.900,-50,3360,27.9976049618333,76.102346638,28.0020133006667,76.1361551033333
514,A,Phase 1,Cycle 1,N_05006_01001_HR,N/05006/01001/HR,,Paniyala Mor (NH-48 Jn) to Narnaul Sec. of NH-148B & Narnaul to Pacheri Kalan Sec. of NH-11 (Pkg-I),0,31290,27.7832264545,76.2316368991667,27.9987285936667,76.1203136286667
515,A,Phase 1,Cycle 1,N_03003_02001_HR,N/03003/02001/HR,,6 of Gurgaon Sohna Pkg-II from existing Km.11.682 to existing km.24.40,11682,24532,28.3654803556667,77.059366843,28.2517848035,77.0695051938333
516,A,Phase 1,Cycle 1,N_04032_01007_HR,N/04032/01007/HR,N_04032_01001_HR,Delhi/ Haryana Border to Rohtak section including Bahadurgarh and Rohtak by-passes from km. 29.70 to km. 87.00,29650,93160,28.6889564183333,76.953945958,28.920484479,76.4598744268333
517,A,Phase 1,Cycle 1,N_08058_02001_HR,N/08058/02001/HR,,Four Laning of Rohna/ Hassangarh section from Km.44.800 to km.80.250 (Package-2),44800,80280,28.8457215323333,76.8632193186667,28.6232634295,76.6652685018333
518,A,Phase 1,Cycle 1,N_05021_02006_HR,N/05021/02006/HR,N_05021_02001_HR,Rohtak - Bawal section NH-71 from km.363.300 (Design km.363.300) to km.450.800 (design km.445.883),363300,447020,28.8384958408333,76.6009636145,28.1663031816667,76.6937670048333
519,A,Phase 1,Cycle 1,N_05021_01004_HR,N/05021/01004/HR,N_05021_01001_HR,Rohtak-Panipat Section of NH-71A from Km. 0.00 to Km. 80.858,0,80850,28.8461182996667,76.6757644076667,29.3307402258333,76.9852560741667
520,A,Phase 1,Cycle 1,N_08058_01001_HR,N/08058/01001/HR,,UP/HR Border - Sonepat - Jhajjar,0,40220,28.9864041983333,77.1972307256667,28.8449671483333,76.8614954733333
521,A,Phase 1,Cycle 1,N_08004_02004_HR,N/08004/02004/HR,N_08004_02001_HR,Ambala (Km 50.860) to Pehowa (Km 95.383) of NH-65 in Haryana (Package-2),46000,95470,30.055348235,76.6466193453333,29.7332241345,76.4093346691666
522,A,Phase 1,Cycle 1,N_03009_01002_HR,N/03009/01002/HR,,"Ismailabad - Narnaul (Pkg- 01) (Ch. 0+000 to Ch. 23+000) [Ismailabad to Junction with Karnal-Pehowa road
(SH-9) near Dhand]",0,23000,30.0574881215,76.650183142,29.8497748521667,76.6380123716667
523,A,Phase 1,Cycle 1,N_03009_01003_HR,N/03009/01003/HR,,Ismailabad - Narnaul (Pkg- 02) (Ch. 23+000 to 56+000) [Junction with Karnal-Pehowa road (SH-9) near Dhand village to Junction with Kaithal- Safidon (SH-11) road near Rajound],23000,56000,29.8504204371667,76.6384123936667,29.5645513813333,76.540188944
524,A,Phase 1,Cycle 1,N_03009_01004_HR,N/03009/01004/HR,,Ismailabad - Narnaul (Pkg- 03) (Ch. 56+000 to 80+000) [Junction with Kaithal-Safidon road (SH-11) near Rajound to Junction with Jind-Safidon road (SH-14) near Kheri village],56000,80000,29.567332801,76.541577747,29.3560162491667,76.4801294446667
525,A,Phase 1,Cycle 1,N_03009_01005_HR,N/03009/01005/HR,,Ismailabad - Narnaul (Pkg- 04) (Ch. 80+000 to 108+000) [Junction with Jind-Safidon road (SH-14) near Kheri village to Junction with NH-352 (Jind- Gohana section) near Julana],80000,108060,29.3579218786667,76.4802348638333,29.1077302458333,76.4357640056667
526,A,Phase 1,Cycle 1,N_03009_01006_HR,N/03009/01006/HR,,"Ismailabad - Narnaul (Pkg- 05) (Ch. 108+000 to 131+000) [Junction with NH-352 (Jind-Gohana) near Julana to
Junction with NH-9 (Rohtak-Jind section) near Kharkara]",108000,131000,29.110065614,76.4378470661667,28.913112961,76.3705252666667
527,A,Phase 1,Cycle 1,N_03009_01007_HR,N/03009/01007/HR,,"Ismailabad - Narnaul (Pkg- 06) (Ch. 131+000 to 165+000) [Junction with NH-9 (Rohtak-Jind section) near Kharkara to Junction with NH-334B
(Charkhi Dadri-Jhajjar section) near Charkhi Dadri]",140660,141000,28.8301154456667,76.3488993185,28.8270319645,76.3490088901667
528,A,Phase 1,Cycle 1,N_03009_01008_HR,N/03009/01008/HR,,"Ismailabad - Narnaul (Pkg- 07) (Ch. 165+0 to 200+0) [Junction with NH- 334B (Charkhi Dadri-Jhajjar section) near Charkhi Dadri to Junction with Rewari-Kanina road (SH-24) near
Kanina]",165000,200000,28.6169088121667,76.3062006123333,28.3127942396667,76.2253284816667
529,A,Phase 1,Cycle 1,N_03009_01009_HR,N/03009/01009/HR,,"Ismailabad - Narnaul (Pkg- 08) (Ch. 200+000 to 227+020) [Junction with Rewari-Kanina road (SH-24) near
Kanina to Narnaul]",200000,227020,28.3125220853333,76.2252679176667,28.0870757903333,76.1459282516667
530,A,Phase 1,Cycle 1,N_08004_03001_HR,N/08004/03001/HR,,Kaithal to Rajasthan border from Design Ch. Km. 0.50 to Km. 165.759,-500,165820,29.7332162958333,76.409319329,28.7682764655,75.5173073115
531,A,Phase 1,Cycle 1,N_03008_04005_HR,N/03008/04005/HR,N_03008_04001_HR,Punjab/ Haryana border Jind section from km 238.695 to km 307.000 of NH 71,19,292719,29.3497372541666,76.293498095,29.3503226606666,76.2932617626666
532,A,Phase 1,Cycle 1,N_05006_01004_HR,N/05006/01004/HR,,Construction of Proposed Rewari Bypass(Design Length 14.4 km) NH-11 as a Feeder Route in the state of Haryana on Hybrid Annuity,-920,14420,28.1865667931667,76.6658486015,28.1941729648333,76.5652983361667
533,A,Phase 1,Cycle 1,N_08074_03002_HR,N/08074/03002/HR,,"Construction/Improvement of Dharuhera-Bhiwadi link road (NH 919, Old NH 71B) to 4-Lane with Paved shoulder along with Both side Service Road, starting from NH-48 (km 67.820) upto km 22.400 of NH-919 (4.3 km length) on EPC Mode under NH(O) in the State of Haryana.",-333,68510,28.2110831318333,76.8367181155,28.2355679221667,76.8078419261667
534,A,Phase 1,Cycle 1,N_01001_01001_HR,N/01001/01001/HR,,Delhi - Vadodara Expessway (Pkg 01) Starting at Sohna - Gurugram Road (NH-248A) Near Alipur Village and Ends at CH: 18+461 Before KMP Expressway (CH. 0+000 TO CH. 18+461),0,18500,28.2999370013333,77.0670872108333,28.1692295985,77.1492439321667
535,A,Phase 1,Cycle 1,N_01001_02002_HR,N/01001/02002/HR,,Delhi - Vadodara Expessway (Pkg 02) Sarting before KMP Expressway and End at CH: 47+000 Near Khanpur Ghati (KM 18+500 to 47+000),18500,47010,28.1692906641667,77.1492191788333,27.924785922,77.0779454636667
536,A,Phase 1,Cycle 1,N_01001_02003_HR,N/01001/02003/HR,,Delhi - Vadodara Expessway (Pkg 03) Starting From Ch: 47+000 near Khanpur Ghati and ends at Haryana- Rajasthan Border (KM 47+000 to 78+800),47000,78860,27.9247906745,77.0779486106667,27.6587639146667,76.9649617626667
537,A,Phase 1,Cycle 1,N_01001_03002_RJ,N/01001/03002/RJ,,"Delhi-Vadodara Greenfield Alignment (NH-148N) (Pkg-04) (Ch. 78+800 to
Ch. 115+700) [HR/Raj Border to Jn. with SH-44]",78800,115700,27.6586667436667,76.964921752,27.3665607755,76.7947008211667
538,A,Phase 1,Cycle 1,N_01001_03003_RJ,N/01001/03003/RJ,,Delhi-Vadodara Greenfield Alignment (NH-148N) (Pkg-05) (Ch.115+700 to Ch. 151+840) [Jn. at SH-44 to Jn. Keshopura road],115700,151840,27.370158909,76.79620354,27.0807994063333,76.6490843531667
539,A,Phase 1,Cycle 1,N_03003_01001_HR,N/03003/01001/HR,,Six laning & Strengthening of NH-248A From Existing Km 2+740 (Rajiv Chowk) to Km 11+682 in Gurugram under NHDP- IV on hybrid annuity Mode in the state of Haryana,340,9310,28.4425421411667,77.0340692888333,28.3654943283333,77.059341691
540,A,Phase 1,Cycle 1,N_02006_06001_JK,N/02006/06001/JK,,"Rehabilatation, Strengthening and Four Laning of Chenani to Nashri Section of NH-1A from km 89.00 to 130.00 (New Alignment) including 9 km long (2 lane) escape Tunnel in the stste of Jammu-Kashmir",150930,161730,33.1319387901667,75.2964905726667,33.0375786063333,75.2781575376667
541,A,Phase 1,Cycle 1,N_02006_03001_JK,N/02006/03001/JK,,Banihal (Km 189.350) to Quazigund (KM 220.700),189350,205550,33.4404506745,75.1908685606667,33.5750968985,75.1841131106667
542,A,Phase 1,Cycle 1,N_08073_01001_PB,N/08073/01001/PB,,"4 of Pathankot-Amritsar from km 6.082
to km 108.502",0,103000,32.2711045605,75.5904376975,31.6503499973333,74.924130609
543,A,Phase 1,Cycle 1,N_09002_01001_PB,N/09002/01001/PB,,Amritsar - Wagah Border section of NH-1 from km 456.100 - km 492.030,456100,490900,31.6568235321667,74.920057327,31.6058246511667,74.5848773613333
544,A,Phase 1,Cycle 1,N_09001_01014_PB,N/09001/01014/PB,N_09001_01001_PB,Four Laning of Jalandhar-Amritsar of NH 1 from 407.1 to km 456.1,387100,407110,31.4017470085,75.5264510313333,31.4907565178333,75.3526777663333
545,A,Phase 1,Cycle 1,N_09002_01001_PB,N/09002/01001/PB,N_04003_01001_PB,Improvement of Amritsar Bypass by construction of additional structures and service road on NH-1 (km 448.510 - km 473.068),456100,490900,31.6568235321667,74.920057327,31.6058246511667,74.5848773613333
546,A,Phase 1,Cycle 1,N_09001_01014_PB,N/09001/01014/PB,N_09001_01002_PB,"Six Laning of Jalandhar - Amritsar Section of NH-1 from Km.387.100 to
Km.407.100 (Bidhipur Dhilwan)",387100,407110,31.4017470085,75.5264510313333,31.4907565178333,75.3526777663333
547,A,Phase 1,Cycle 1,N_06008_01001_PB,N/06008/01001/PB,,Bhatinda - Malout from km. 0.00 to km. 38.642,0,38700,30.2353230723333,74.8873684735,30.2042073038333,74.4896161543333
548,A,Phase 1,Cycle 1,N_04003_04002_PB,N/04003/04002/PB,N_04003_03001_PB,O&M of 4 PS of Harike-Zira-Faridkot section from existing Km 166.925 to 221.380 of NH-15 (New NH-54),168400,225320,31.122639495,74.9560209946667,30.6917087128333,74.7938169975
549,A,Phase 1,Cycle 1,N_05012_02021_PB,N/05012/02021/PB,N_05012_02005_PB,Improvement and Routine maintenance of 4 Sangrur Bypass to Patiala Bypass from km 69.280 to km 110.720 of NH-64 (New NH-07),233445,275195,30.2468373295,75.8967889205,30.304645473,76.3168193885
550,A,Phase 1,Cycle 1,N_08061_02001_PB,N/08061/02001/PB,,"4 of Phagwara -Rupnagar from km.
0.00 to km. 80.82 of NH-344A",0,80850,31.2469233526667,75.7378243455,30.9830899021667,76.4924133143333
551,A,Phase 1,Cycle 1,N_05031_01005_PB,N/05031/01005/PB,N_05031_01002_PB,4 PS of Lambra – Shahkot section from existing Km. 12.000 to Km. 44.600 (Design Ch. From Km. 12.120 to Km. 45.500) including construction of Nakodar and Shahkot bypasses of NH- 71 (New NH-703),12100,45500,31.2291601573333,75.5172202301667,31.0591759426667,75.3254674993333
552,A,Phase 1,Cycle 1,N_04003_04002_PB,N/04003/04002/PB,N_04003_04001_PB,Faridkot-Kotkapura-Bathinda section of NH-15 (New NH.No 54) from existing Km 221.380 to Km 287.615,168400,225320,31.122639495,74.9560209946667,30.6917087128333,74.7938169975
553,A,Phase 1,Cycle 1,N_02007_04001_PB,N/02007/04001/PB,,Jalandhar-Pathankot (Punjab/J&K Border) (from Km. 4.23 to Km. 117.75/4.00 & km.4.00 to km. 16.35) of NH-44,4200,117770,31.3547543775,75.590730747,32.2783639016667,75.5925942285
554,A,Phase 1,Cycle 1,N_03008_02002_PB,N/03008/02002/PB,,4 PS Tallewal-Barnala section from existing km. 114 to km 136.07 of NH- 71 (New NH No. 703) including Barnala Bypass from existing km. 136.070 of NH-71 to existing km. 149.00 of NH-64,114000,146230,30.5518821588333,75.3799179063333,30.3358338943333,75.5336632176667
555,A,Phase 1,Cycle 1,N_05035_02001_PB,N/05035/02001/PB,,Talwandi - Ferozepur,170380,194120,30.8472013055,74.910409989,30.9050785291667,74.6750802545
556,A,Phase 1,Cycle 1,N_08056_04001_UK,N/08056/04001/UK,,Chutmalpur Ganeshpur section and Roorkee Chutmalpur Gagalheri section,19550,184885,30.1363435373333,77.8631749908333,29.8115749123333,77.8787611825
557,A,Phase 1,Cycle 2,N_06037_03001_HR,N/06037/03001/HR,,Saha - Shahbad from Km. 14.840 to Km. 31.760,14840,30970,30.3003155423333,76.96872127,30.194376037,76.8670273825
558,A,Phase 1,Cycle 2,N_06037_02007_HR,N/06037/02007/HR,N_08056_02002_HR,Four Laning of UP/Haryana Border-Yamunanagar-Saha-Barwala-Panchkula Section of NH-73 (New NH-344) from Km. 70.830 to Km. 124.000 in the State of Haryana (Package-1),70830,124080,30.070262611,77.3501641651667,30.3192144355,76.9778414278333
559,A,Phase 1,Cycle 2,N_06037_02006_HR,N/06037/02006/HR,N_06037_01001_HR,Four Laning of UP/Haryana Border-Yamunanagar-Saha-Barwala-Panchkula Section of NH-73 (New NH-344) from Km. 124.000 to Km. 176.400 in the State of Haryana (Package-2),124000,176480,30.3192686953333,76.9778393141666,30.6996765933333,76.871970659
560,A,Phase 1,Cycle 2,N_06012_01001_PB,N/06012/01001/PB,,Ambala - Chandigarh from km. 5.735 to km. 39.960 of Old NH-22 and km.0.000 to km. 0.870 of Old NH-21,0,39995,30.6586988668333,76.8205874106667,30.6604961893333,76.8292572385
561,A,Phase 1,Cycle 2,N_08061_01001_PB,N/08061/01001/PB,,"Chandigarh (km.0.000) to Kharar
(km10.185) of NH-21 and NH-95 in Punjab",0,10190,30.7431019156666,76.722367218,30.7608768881666,76.6316134438333
562,A,Phase 1,Cycle 2,N_08078_01001_PB,N/08078/01001/PB,,"Kharar Km. 10.185 (Design Chainage) to Samrala Chowk, Ludhiana Km
86.199 (Design Chainage) In the State Of Punjab",10185,86205,30.7545829231667,76.629560295,30.9105434606667,75.8797991405
563,A,Phase 1,Cycle 2,N_08021_01001_PB,N/08021/01001/PB,,Kharar(km15.765) to Kurali(kn29.90) oh NH-205 in Punjab,16200,29900,30.7606482196667,76.6317496086667,30.8528412373333,76.5641500481667
564,A,Phase 1,Cycle 2,N_08021_02001_PB,N/08021/02001/PB,,Kiratpur - Kurali from km. 28.60 to km. 73.20,28600,73200,30.853146777,76.5641848396667,31.1853056716667,76.587448056
565,A,Phase 1,Cycle 2,N_05012_02021_PB,N/05012/02021/PB,N_05012_02005_PB,Improvement and Routine maintenance of 4 Sangrur Bypass to Patiala Bypass from km 69.280 to km 110.720 of NH-64 (New NH-07),233445,274885,30.2468898156667,75.8968869881667,30.3034140695,76.3129121685
566,A,Phase 1,Cycle 2,N_02001_01009_DL,N/02001/01009/DL,N_02001_01001_DL,"Access Controlled Highway of Delhi- Gurgaon section of NH-48 from km 14.30 to km 42.00 (Access Controlled Highway of Delhi- Gurgaon section of NH-48 from km11.00 to 14.30 and Underpasses - x5)"" with ""Jalandhar-Pathankot (Punjab/J&K Border) (from Km. 4.23 to Km. 117.75/4.00 & km.4.00 to km. 16.35) of NH-44""",0,650,28.4437085088333,77.0370827675,28.4478626415,77.0374757023333
567,A,Phase 1,Cycle 2,N_01005_01009_HR,N/01005/01009/HR,,"Monetization of Public Funded operational National Highway Projects under Tolling, Operation, Maintenance and Transfer (ToT) – Bundle-7",1000,136000,28.9167373608333,77.1151882278333,28.0979735378333,77.329789746
568,A,Phase 1,Cycle 2,N_03002_01004_HR,N/03002/01004/HR,,6 Access Controlled Highway from Jn. with Sector 62/65 dividing road on Faridabad - Ballabhgarh Bypass to Jn. with KMP Expressway with NH- 148NA from km. 33.00 to km. 59.063,33000,59060,28.3062929253333,77.3423166636666,28.1641073163333,77.1572444508333
569,A,Phase 1,Cycle 2,N_01007_01001_DL,N/01007/01001/DL,N_01007_01001_DL-RCW,DEVELOPMENT OF DELHI – MEERUT EXPRESSWAY (PACKAGE – I) FROM CH: 0+000 TO CH: 8+716 (LENGTH: 8.716 KM) IN THE STATE OF DELHI/UTTAR PRADESH,0,8710,28.5984814123333,77.2558814171666,28.63248225,77.3342842371666
570,A,Phase 1,Cycle 2,N_01007_02001_DL,N/01007/02001/DL,N_01007_02001_DL-RCW,DEVELOPMENT OF DELHI – MEERUT EXPRESSWAY (PACKAGE – II) FROM CH: 8+716 TO CH: 28+000 (LENGTH: 19.284 KM) IN THE STATE OF DELHI/UTTAR PRADESH- Delhi Meerut Expressway Km.27.740 of NH-24 - Km.51.975,8716,27996,28.6324602825,77.3343765983333,28.6800964875,77.5038597205
571,A,Phase 1,Cycle 2,N_02005_02013_DL,N/02005/02013/DL,,Four Laning of Ashram to Badarpur Section of NH-44 Starting from CH 0+000 to CH 7+200 (Length:7+200 Km) in the state of Delhi,0,7200,28.5150323146666,77.2968587586666,28.5704888806666,77.259730371
572,A,Phase 1,Cycle 2,N_02005_02001_UP,N/02005/02001/UP,,Delhi-Agra NH-2 (New NH-44),20500,200000,28.4732536868333,77.3057898221666,27.207112716,78.0291385146666
573,A,Phase 1,Cycle 2,N_01007_03001_DL,N/01007/03001/DL,,Package-III- Delhi-Meerut Expressway- 6-laning of NH-24 from existing Km. 27.740 to existing Km. 49.346 (Dasna to Hapur),28000,50920,28.6803862131666,77.5037559163333,28.7153520926666,77.7310410135
574,A,Phase 1,Cycle 2,N_03008_04005_HR,N/03008/04005/HR,N_03008_04001_HR,Punjab/ Haryana border Jind section from km 238.695 to km 307.000 of NH 71,0,292715,29.3490503655,76.29408174,29.3498471703333,76.2934548783333
575,A,Phase 1,Cycle 2,N_08004_02004_HR,N/08004/02004/HR,N_08004_02001_HR,"Ambala (Km 50.860) to Pehowa (Km
95.383) of NH-65 in Haryana (Package-2)",50860,95380,30.0236054103333,76.613076245,29.7338982085,76.4110081103333
576,A,Phase 1,Cycle 2,N_03009_01007_HR,N/03009/01007/HR,,"Ismailabad - Narnaul (Pkg- 06) (Ch. 131+000 to 165+000) [Junction with NH-9 (Rohtak-Jind section) near Kharkara to Junction with NH-334B
(Charkhi Dadri-Jhajjar section) near Charkhi Dadri]",131000,165000,28.9149924588333,76.3709523338333,28.6171642655,76.3062063676667
577,A,Phase 1,Cycle 2,N_03009_01008_HR,N/03009/01008/HR,,"Ismailabad - Narnaul (Pkg- 07) (Ch. 165+0 to 200+0) [Junction with NH- 334B (Charkhi Dadri-Jhajjar section) near Charkhi Dadri to Junction with Rewari-Kanina road (SH-24) near
Kanina]",165000,200000,28.6168695235,76.3061436878333,28.313157951,76.2253946403333
578,A,Phase 1,Cycle 2,N_03009_01009_HR,N/03009/01009/HR,,"Ismailabad - Narnaul (Pkg- 08) (Ch. 200+000 to 227+020) [Junction with Rewari-Kanina road (SH-24) near
Kanina to Narnaul]",200000,227100,28.3124185125,76.225293917,28.0868479553333,76.1456606106667
579,A,Phase 1,Cycle 2,N_01004_01006_HR,N/01004/01006/HR,,Delhi Amritsar Katra Package 5,120250,157930,29.7147291578333,76.2652736911667,30.0085902508333,76.0880357536667
580,A,Phase 1,Cycle 2,N_05021_02006_HR,N/05021/02006/HR,N_05021_02001_HR,Rohtak - Bawal section NH-71 from km.363.300 (Design km.363.300) to km.450.800 (design km.445.883),363300,447020,28.8384934798333,76.6009494765,28.1663732745,76.6936234561667
581,A,Phase 1,Cycle 2,N_08058_01001_HR,N/08058/01001/HR,,UP/HR Border - Sonepat - Jhajjar,0,40800,28.9864065236667,77.197325981,28.8437707125,76.8586146
582,A,Phase 1,Cycle 2,N_08058_02001_HR,N/08058/02001/HR,,Four Laning of Rohna/ Hassangarh section from Km.44.800 to km.80.250 (Package-2),44800,80250,28.8460098856667,76.8638887603333,28.6227543601667,76.6652170683333
583,A,Phase 1,Cycle 2,N_03003_02001_HR,N/03003/02001/HR,,6 of Gurgaon Sohna Pkg-II from existing Km.11.682 to existing km.24.40,9282,22132,28.3655220488333,77.0593802688333,28.2516982796666,77.0695405851666
584,A,Phase 1,Cycle 2,N_04032_01007_HR,N/04032/01007/HR,N_04032_01001_HR,Delhi/ Haryana Border to Rohtak section including Bahadurgarh and Rohtak by-passes from km. 29.70 to km. 87.00,29650,93410,28.6883127941666,76.9609574311666,28.920398996,76.4600257461666
585,A,Phase 1,Cycle 2,N_04032_02006_HR,N/04032/02006/HR,N_04032_02004_HR,4 of Rohtak - Hisar section from km. 87.00 to km. 170.00 on NH-10 including connecting link from km. 87.000 (NH-10) to km. 348.000 (NH- 71),0,182500,28.9179116335,76.4633688255,29.1786544686667,75.710681189
586,A,Phase 1,Cycle 2,N_05021_01004_HR,N/05021/01004/HR,N_05021_01001_HR,"Rohtak-Panipat Section of NH-71A from Km. 0.00 to Km. 80.858""",0,80940,28.8461230251667,76.6757357411667,29.3308384573333,76.9855715948333
587,A,Phase 1,Cycle 2,N_02007_09001_HR,N/02007/09001/HR,,Panipat Elevated Flyover from km. 86.00 to km. 96.00 on NH-44 (old NH- 1),86000,96000,29.353412017,76.9796043366667,29.4419596535,76.9705589311667
588,A,Phase 1,Cycle 2,N_08004_03001_HR,N/08004/03001/HR,,Kaithal to Rajasthan border from Design Ch. Km. 0.50 to Km. 165.759,-500,166280,29.7331805368333,76.4092518488333,28.7697314306667,75.518397275
589,A,Phase 1,Cycle 2,N_05006_01004_HR,N/05006/01004/HR,,Construction of Proposed Rewari Bypass(Design Length 14.4 km) NH-11 as a Feeder Route in the state of Haryana on Hybrid Annuity,0,14740,28.181159307,76.6689142156666,28.1945082601666,76.5681780951666
590,A,Phase 1,Cycle 2,N_03003_01001_HR,N/03003/01001/HR,,Six laning & Strengthening of NH-248A From Existing Km 2+740 (Rajiv Chowk) to Km 11+682 in Gurugram under NHDP- IV on hybrid annuity Mode in the state of Haryana,340,9300,28.4424837711666,77.034120219,28.3655067565,77.0593881485
591,A,Phase 1,Cycle 2,N_08074_03002_HR,N/08074/03002/HR,,"Construction/Improvement of Dharuhera-Bhiwadi link road (NH 919, Old NH 71B) to 4-Lane with Paved shoulder along with Both side Service Road, starting from NH-48 (km 67.820) upto km 22.400 of NH-919 (4.3 km length) on EPC Mode under NH(O) in the State of Haryana.",-600,68510,28.2110849835,76.8365810043333,28.2356627713333,76.8079150561667
592,A,Phase 1,Cycle 2,N_01001_02003_HR,N/01001/02003/HR,,Delhi - Vadodara Expessway (Pkg 03) Starting From Ch: 47+000 near Khanpur Ghati and ends at Haryana- Rajasthan Border (KM 47+000 to 78+800),47000,78800,27.9247856155,77.0779584083333,27.6591327258333,76.9651073586667
593,A,Phase 1,Cycle 2,N_01001_02002_HR,N/01001/02002/HR,,Delhi - Vadodara Expessway (Pkg 02) Sarting before KMP Expressway and End at CH: 47+000 Near Khanpur Ghati (KM 18+500 to 47+000),18500,48000,28.1692752166666,77.1492331426666,27.9167055351666,77.0737517001666
594,A,Phase 1,Cycle 2,N_01001_01001_HR,N/01001/01001/HR,,Delhi - Vadodara Expessway (Pkg 01) Starting at Sohna - Gurugram Road (NH-248A) Near Alipur Village and Ends at CH: 18+461 Before KMP Expressway (CH. 0+000 TO CH. 18+461),0,18480,28.3007827485,77.0667729905,28.1676727856667,77.1496575093333
595,A,Phase 1,Cycle 2,N_05006_01003_HR,N/05006/01003/HR,,Up-gradation of Four lane of Rewari-Ateli Mandi section of NH-11 km. 11.780 to Rewari to Ex. Km 43.445 near Ateli Mandi (designed length 30.45 km) as Feeder Route in the state of Haryana on Hybrid Annuity Mode (Pkg-III),0,30530,28.194524697,76.5687602125,28.1159838023333,76.2823492056666
596,A,Phase 1,Cycle 2,N_01001_03003_RJ,N/01001/03003/RJ,,Delhi-Vadodara Greenfield Alignment (NH-148N) (Pkg-05) (Ch.115+700 to Ch. 151+840) [Jn. at SH-44 to Jn. Keshopura road],115700,151840,27.3701835071666,76.7962378748333,27.0844223265,76.650442422
597,A,Phase 1,Cycle 2,N_01001_03002_RJ,N/01001/03002/RJ,,"Delhi-Vadodara Greenfield Alignment (NH-148N) (Pkg-04) (Ch. 78+800 to
Ch. 115+700) [HR/Raj Border to Jn. with SH-44]",78800,115880,27.6587185261667,76.9649494516667,27.3691003533333,76.7957851898333
598,A,Phase 1,Cycle 2,N_04003_09001_HR,N/04003/09001/HR,,6-Laning of Mandi Dabwali (Haryana/Punjab Boarder) Chautala Road section from Proposed Mandi Dabwali Bypass (Design Ch. 27.400) to Chautala (Design Ch Km 62.200) of NH-54 under Bharatmala Pariyojna (Design length 34.800) in the state of Haryana,27480,62220,29.9669489211667,74.7520918173333,29.7760511975,74.502004875
599,A,Phase 1,Cycle 2,N_04032_04002_HR,N/04032/04002/HR,,Operation & Maintenance of four laning of Hisar to Dabwali Section of NH-10 (New NH-9) from km 170.000 to km 314.660 (Length -144.660 km) in the State of Haryana on PBMC mode,170000,314670,29.1801697063333,75.7085049005,29.965005629,74.7108794745
600,A,Phase 1,Cycle 2,N_08071_02001_HP,N/08071/02001/HP,,Parwanoo - Solan,67000,106200,30.8362699023333,76.9774966686666,30.9186016528333,77.0944447301666
601,A,Phase 1,Cycle 2,N_08021_06001_HP,N/08021/06001/HP,,"
Takoli ( 242.000) to Kullu (272.000)",236285,265165,31.7518499011666,77.2070278296666,31.9726213213333,77.12393062
602,A,Phase 1,Cycle 2,N_02006_07001_JK,N/02006/07001/JK,,"4 of Jammu - Udhampur from km.
15.00 to km. 67.00 [Jammu Bypass - Udhampur] (Pkg No. NHDP-
II/BOT/VI/J&K)",16000,52370,32.7621822978333,74.9081744308333,32.8877207393333,75.0578023053333
603,A,Phase 1,Cycle 2,N_02006_06001_JK,N/02006/06001/JK,,"Rehabilatation, Strengthening and Four Laning of Chenani to Nashri Section of NH-1A from km 89.00 to 130.00 (New Alignment) including 9 km long (2 lane) escape Tunnel in the stste of Jammu-Kashmir",150930,161730,33.1318706223333,75.2964835478333,33.038079584,75.2782006835
604,A,Phase 1,Cycle 2,N_03008_02002_PB,N/03008/02002/PB,,4 PS Tallewal-Barnala section from existing km. 114 to km 136.07 of NH- 71 (New NH No. 703) including Barnala Bypass from existing km. 136.070 of NH-71 to existing km. 149.00 of NH-64,116600,146250,30.5297180471666,75.3884243461666,30.335832462,75.5330548741666
605,A,Phase 1,Cycle 2,N_06008_01001_PB,N/06008/01001/PB,,Bhatinda - Malout from km. 0.00 to km. 38.642,0,38770,30.2353239956667,74.8873935955,30.2041092333333,74.4892821323333
606,A,Phase 1,Cycle 2,N_04003_04002_PB,N/04003/04002/PB,N_04003_04001_PB,Faridkot-Kotkapura-Bathinda section of NH-15 (New NH.No 54) from existing Km 221.380 to Km 287.615,221380,287610,30.7118458715,74.8300837601667,30.2390904196667,74.933563461
607,A,Phase 1,Cycle 2,N_04003_04002_PB,N/04003/04002/PB,N_04003_03001_PB,O&M of 4 PS of Harike-Zira-Faridkot section from existing Km 166.925 to 221.380 of NH-15 (New NH-54),221380,287610,30.7118458715,74.8300837601667,30.2390904196667,74.933563461
608,A,Phase 1,Cycle 2,N_05035_02001_PB,N/05035/02001/PB,,Talwandi - Ferozepur,170380,194050,30.8472239698333,74.9102416146666,30.904908499,74.6753976126666
609,A,Phase 1,Cycle 2,N_05031_01005_PB,N/05031/01005/PB,N_05031_01002_PB,4 PS of Lambra – Shahkot section from existing Km. 12.000 to Km. 44.600 (Design Ch. From Km. 12.120 to Km. 45.500) including construction of Nakodar and Shahkot bypasses of NH- 71 (New NH-703),12120,45800,31.2296284805,75.517457636,31.0579725475,75.3248901838333
610,A,Phase 1,Cycle 2,N_08073_01001_PB,N/08073/01001/PB,,"4 of Pathankot-Amritsar from km 6.082
to km 108.502",0,103160,32.2710940276666,75.5904385949999,31.652305086,74.9249174178333
611,A,Phase 1,Cycle 2,N_09001_01014_PB,N/09001/01014/PB,N_09001_01001_PB,Four Laning of Jalandhar-Amritsar of NH 1 from 407.1 to km 456.1,407100,456100,31.4905502886666,75.3531347348333,31.6566738576666,74.9201459778333
612,A,Phase 1,Cycle 2,N_09002_01001_PB,N/09002/01001/PB,N_04003_01001_PB,Improvement of Amritsar Bypass by construction of additional structures and service road on NH-1 (km 448.510 - km 473.068),456100,490860,31.6565130141666,74.9202525248333,31.605832643,74.5849927856666
613,A,Phase 1,Cycle 2,N_09002_01001_PB,N/09002/01001/PB,,Amritsar - Wagah Border section of NH-1 from km 456.100 - km 492.030,456100,490860,31.6565130141666,74.9202525248333,31.605832643,74.5849927856666
614,A,Phase 1,Cycle 2,N_02007_04001_PB,N/02007/04001/PB,,Jalandhar-Pathankot (Punjab/J&K Border) (from Km. 4.23 to Km. 117.75/4.00 & km.4.00 to km. 16.35) of NH-44,4200,117750,31.3546437171667,75.5907086515,32.2791972138333,75.5928757616667
615,A,Phase 1,Cycle 2,N_08061_02001_PB,N/08061/02001/PB,,"4 of Phagwara -Rupnagar from km.
0.00 to km. 80.82 of NH-344A",0,80980,31.246987805,75.7378982013333,30.9832357433333,76.492006163
616,A,Phase 1,Cycle 2,N_02007_07001_PB,N/02007/07001/PB,,Laddowal Bypass (Km. 0.000) to (Km. 17.041) Linking with NH-95 with NH- 1 Via Laddowal Seed Farm of NH-95 in Punjab,0,17050,30.8953869243333,75.7993907886666,30.9840819001666,75.7915409808333
617,A,Phase 1,Cycle 2,N_08056_04001_UK,N/08056/04001/UK,,Chutmalpur Ganeshpur section and Roorkee Chutmalpur Gagalheri section,19550,184910,30.1362757713333,77.863100728,29.8116349811666,77.8785069663333
618,A,Phase 1,Cycle 2,N_06045_01001_HR,N/06045/01001/HR,,"Four Laning of Bhiwani-Hansi Road Section of NH-148B (Design Chainage Km. 0.000 to Km. 40.800, Length 40.800 Km.) Under Bharatmala Pariyojana in the State of Haryana on Hybrid Annuity Mode",150,40202,28.7999291346667,76.1890568508333,29.0811689321667,76.0079898038333
619,A,Phase 1,Cycle 2,N_03008_06002_HR,N/03008/06002/HR,,4-Laning of Jind-Gohana (Greenfield Pkg-I) section from Km. 0+000 to Km. 40+601 (length 40.601 Km.) of NH-352A in the states of Haryana under Bharatmala Pariyojana under NH (O) to be implemented on HAM,0,40660,29.3226654788333,76.3592259633333,29.1545652255,76.7218268295
620,A,Phase 1,Cycle 2,N_03008_06003_HR,N/03008/06003/HR,,4-Laning of Gohana-Sonipat (Pkg-2) Section from km 40.601 to km 78.837 (Length = 38.236km) of NH-352A in the state of Haryana under Bharatmala Pariyojana under NH (O) to be implemented on Hybrid Annuity Model (HAM),40601,78850,29.1220421243333,76.7336445051667,29.0397951308333,77.0697949021667
621,A,Phase 1,Cycle 2,N_06033_01001_HR,N/06033/01001/HR,,4-laning of Rohtak-Jind section from km.307+000 to km.347+800 of NH-71 and connecting link from Km.347.800 of NH-71 to km.9+400 of NH-71A (Balance work) on EPC mode under Bharatmala {Left out in NHDP) in the State of Haryana,307000,355600,29.2592208103333,76.3366971265,28.9379660043333,76.6076992755
622,A,Phase 1,Cycle 2,N_01004_01002_HR,N/01004/01002/HR,,Construction of four-lane Greenfield Delhi-Amritsar-Katra Expressway from Jassur Kheri on KMP Expressway to junction with Rohtak-Panipat road NH-709 near Rukhi Paani village (km. 0+000 to km. 34+000) on Hybrid Annuity Mode under Bharatmala Pariyojana in the State of Haryana,0,34130,28.7953878371667,76.8812200405,29.0469932445,76.6906002065
623,A,Phase 1,Cycle 2,N_01004_01003_HR,N/01004/01003/HR,,Construction of four-lane Greenfield Delhi-Amritsar-Katra Expressway junction with Rohtak-Panipat road (NH-709) near Rukhi Paani village to junction with Jind-Panipat road (NH-352A) near Gangana village (km. 34+000 to km. 60+800) on Hybrid Annuity Mode (HAM) under Bharatmala Pariyojana in the State of Haryana,34000,60800,29.046707014,76.6907924266667,29.2527343013333,76.5687404933333
624,A,Phase 1,Cycle 2,N_02007_10001_HR,N/02007/10001/HR,,8-laning of NH-44(Old NH-01) from Mukarba Chowk (Km 15.500) to Panipat (Km 86.000) on BOT (Toll) Basis in the state of Delhi & Haryana,15500,86000,28.7386496085,77.1543005501667,29.3519442365,76.9799734023333
625,A,Phase 1,Cycle 2,N_03008_02004_PB,N/03008/02004/PB,,Development to four lanes with paved shoulders of Moga-Tallewal section of NH-71 (New NH-703) from km 77.20 to km 114.00 in the state of Punjab on EPC mode,77200,116710,30.8280135298333,75.2136250798333,30.5293378391666,75.3886343965
626,A,Phase 1,Cycle 2,N_02007_08001_PB,N/02007/08001/PB,,4L Elevated section from Samrala Chowk (km 0.000) to Ludhiana Municipal Limit (Km. 12.951) of NH-95 in Punjab,1130,12650,30.9010040011667,75.8745822761667,30.8820989878333,75.7763219491667
627,A,Phase 1,Cycle 2,N_01004_01004_HR,N/01004/01004/HR,,Delhi-Amritsar-Katra Expressway (Phase-I Pkg-III) from Junction with Jind-Panipat road (NH-352A) near Gangana village to Junction with Jind-Karnal road (NH-709A) near Alewa village (Km 60+800 to Km 91+400),60800,91400,29.253085706,76.5685145985,29.4892669275,76.4129076675
628,A,Phase 1,Cycle 2,N_01004_01005_HR,N/01004/01005/HR,,Delhi-Amritsar-Katra Expressway (Phase-I Pkg-IV) from Junction with Jind-Karnal road (NH-709A) near Alewa village to Junction with Ambala-Kaithal-Hissar road (NH-152) near Kharak Pandwa village (Km 91+400 to Km 120+250),91400,120250,29.4898320105,76.4123801886667,29.7142356516667,76.2656547568333
629,A,Phase 1,Cycle 2,N_02007_06046_PB,N/02007/06046/PB,N_02007_06040_PB,Six/Four Laning of Ludhiana to Jalandhar section of NH-44 (Km. 352+000 to km. 387+100) in the state of Punjab.,352000,387100,31.2002369125,75.7732325598333,31.4011919953333,75.5268687623333
630,A,Phase 1,Cycle 2,N_02007_06050_PB,N/02007/06050/PB,N_02007_06046_PB,"Six/Four Laning of Khana to Ludhiana Section of NH-44 (From Chainage 272+000 To Chainage 352+000, Length: 80+000) in the state of Punjab",272000,352010,30.7036147821667,76.2239123183333,31.2001857781667,75.7732295105
631,A,Phase 1,Cycle 2,N_04040_04006_UK,N/04040/04006/UK,,6L with access control provision Saharanpur bypass to Ganeshpur section from 13.89 Km to 41.820 Km of Delhi- Dehradun Economic Corridor (package-2),13890,41820,29.9746547971667,77.6745065898333,30.1358665061667,77.8626208076667
632,A,Phase 1,Cycle 2,N_02005_02001_UP,N/02005/02001/UP,,Six Laning of Delhi - Agra Section of NH-44 From Km. 20.500 to Km. 200.200 (Length: 179.700),20500,200000,28.4732536868333,77.3057898221666,27.207112716,78.0291385146666
633,A,Phase 3,Cycle 1,N_04040_04006_UK,N/04040/04006/UK,,Six Laning along with Full Access Control Provisions in Stretches from Saharanpur Bypass to Ganeshpur Section of Delhi Dehradun Economic Corridor in the States of Uttar Pradesh and Uttarakhand on EPC Mode under Bharatmala Pariyojana Phase - 1 (Package-2),13890,41850,29.97458818,77.6744899713333,30.1363807943333,77.8631260315
634,A,Phase 3,Cycle 1,N_03003_02001_HR,N/03003/02001/HR,,6 of Gurgaon Sohna Pkg-II from existing Km.11.682 to existing km.24.40,9282,22132,28.3655392856666,77.0593629228333,28.251666722,77.0695398566666
635,A,Phase 3,Cycle 1,N_05006_01003_HR,N/05006/01003/HR,,Up-gradation of Four lane of Rewari-Ateli Mandi section of NH-11 km. 11.780 to Rewari to Ex. Km 43.445 near Ateli Mandi (designed length 30.45 km) as Feeder Route in the state of Haryana on Hybrid Annuity Mode (Pkg-III),0,30570,28.1945158335,76.5689245269999,28.1163724173333,76.2833018706666
636,D,Phase 2,Cycle 1,N_01003_01001_KA,N/01003/01001/KA,,"4L from Km 0.00 to Km 26.400 (along with 0.7 km approach towards NH-207 with interchange on NH-4 at start point) of Bangalore to Malur section of Bangalore-Chennai Expressway(NE-7)(Phase-I, Package-I)",-700,26390,13.0903026608653,77.8220782126927,13.0354341269873,78.0242263677938
637,D,Phase 2,Cycle 1,N_04027_02001_KA,N/04027/02001/KA,,AP/KNT border-Mulbagal,216912,239290,13.1939472944028,78.5502118960211,13.1579075808165,78.3709764194007
638,D,Phase 2,Cycle 1,N_04002_03001_KA,N/04002/03001/KA,,Kundapur (Km.283.300) to Surathkal (Km358.686) and Nantoor (Km.1.900) to Talapady (Km.17.200),1900,358190,12.8839703288071,74.8638262404233,13.0139899003436,74.7928858999041
639,D,Phase 2,Cycle 1,N_02004_30001_TN,N/02004/30001/TN,,6 laning of Balance Work of Chennai - Tada from km. 21.40 to km. 54.40,21400,54390,13.2149853148792,80.1699346378407,13.49346783299,80.0989310660632
640,D,Phase 2,Cycle 1,N_08070_01002_TN,N/08070/01002/TN,,"Balance works of four lane from km 43.950 (Thiruvallur Bypass) to km 61.470 (Veppampattu Bypass) passing through Thannerkulam, Thozur and Sevapet Bypass (17.520 kms) of Tirupathi- Tiruttani- Chennai section of NH 205",43950,61460,13.1428969517239,79.8848380188743,13.1255536163324,80.0172593400621
641,D,Phase 2,Cycle 1,N_02011_02001_TN,N/02011/02001/TN,,Thumbipadi-Namakkal from km. 180.00 to km. 248.625 (Package No. NS-2/BOT/TN-02),180000,248610,11.8139156918455,78.0623528998922,11.2630796462298,78.1655261154255
642,D,Phase 2,Cycle 1,N_08049_02001_TN,N/08049/02001/TN,,Kallagam (km.38.700) to Meensurutti (Km.98.433) of NH-227 in Tamil Nadu,229700,289420,11.0312495160563,79.0049292680169,11.2058528836405,79.4668453401085
643,D,Phase 2,Cycle 1,N_08049_03002_TN,N/08049/03002/TN,,Meensurutti (Km.98.433) to Chidambaram (Km.129.965) of NH-227,93500,173490,10.0423525724284,78.7581204865636,9.38988986821327,78.8526145810295
644,D,Phase 2,Cycle 1,N_08047_02001_TN,N/08047/02001/TN,,Karaikudi - Ramanathapuram section from Km.94/000 to Km.174/000 including 500 m on SH 35,93500,173490,10.0423525724284,78.7581204865636,9.38988986821327,78.8526145810295
645,D,Phase 2,Cycle 1,N_04022_05001_TN,N/04022/05001/TN,,4L of Padalur - Trichy section from km. 285.00 to km. 325.00 of NH - 45 (Pkg VI-C),287731,326141,11.082625886346,78.823682407557,10.7852654877692,78.6919382689886
646,D,Phase 2,Cycle 1,N_05007_02001_TN,N/05007/02001/TN,,Trichy (135.800) to Karur (218.000) section of NH-67 - Trichy Bypass,154400,217960,10.8790200803183,78.584831854066,10.9291940744132,78.0544252949244
647,D,Phase 2,Cycle 1,N_01003_08002_TN,N/01003/08002/TN, N_01003_08002_TN, N_01003_08002_TN,2025-12-22 00:00:00,2025-12-22 00:00:00,Link,Link,No,13800.0
648,D,Phase 2,Cycle 1,N_08019_02002_TN,N/08019/02002/TN,,Four Laning of Puducherry (Km 29+000) to Poondiyankuppam (Km 67+000) section of NH-32 (Old NH-45A),29000,67140,11.9029267589039,79.7108036813281,11.6334691980937,79.7329652543713
649,D,Phase 2,Cycle 2,N_08019_02002_TN,N/08019/02002/TN,,Four Laning of Puducherry (Km 29+000) to Poondiyankuppam (Km 67+000) section of NH-32 (Old NH-45A),29000,66990,11.9028007978475,79.7111466367711,11.6335377690755,79.7329953977486
650,D,Phase 2,Cycle 1,N_04029_08001_KA,N/04029/08001/KA,,B.C. Road - Padil (Suratkal-Nantur)(New Mangalore Port),0,375290,12.8839540819226,74.863934704106,12.8840407548045,74.8637691131263
651,D,Phase 2,Cycle 1,N_04002_23002_TN,N/04002/23002/TN,,Operation and Maintenance of 4L of Nagercoil – Kavalkinaru section from Km.0+000 to Km. 16.276 ,0,16180,8.19625651614681,77.4429333549219,8.26173839696064,77.5667410334793
652,D,Phase 2,Cycle 1,N_06016_01001_KA,N/06016/01001/KA,, Entire NH (Two Laning with paved shoulder from Km.0.000 to Km.45.878 of Aurad – Bidar section of NH-161A under Bharatmala Pariyojna in the state of Karnataka on EPC mode),0,45570,18.3127755383685,77.4298682863833,17.9301644297417,77.5171285035965
653,D,Phase 1,Cycle 2,N_02010_04005_AP,N/02010/04005/AP,,Routine Maintenance including Incident Management for Operation and Maintenance of Hyderabad – Bangalore section-3 from Km 377.000 to Km 462.164 of NH-44 (Total length 85.164 Km) in the state of Andhra Pradesh,377000,462160,14.486169272333,77.630761440833,13.8120372655,77.7512775695
654,D,Phase 1,Cycle 2,N_02010_04006_AP,N/02010/04006/AP,,Periodical Renewal of balance section of the project stretch including renewal of service road/slip road from Km 294.000 to Km 377.000 on Hyderabad - Bangalore section - 2 of NH 44,294000,377070,15.175569349333,77.685486319,14.486096799667,77.630739012
655,D,Phase 1,Cycle 2,N_02010_04007_AP,N/02010/04007/AP,,Routine Maintenance including Incident Management for Operation and Maintenance of Hyderabad – Bangalore section-1 from Km 211.000 to Km 294.000 of NH-44 (Total length 83 Km) in the state of Andhra Pradesh,211000,294000,15.805533328167,78.034347982833,15.175943102167,77.6856996195
656,D,Phase 1,Cycle 2,N_02004_13002_AP,N/02004/13002/AP,,"Icchapuram - Narsannapeta (km
 484.000 to km 580.700) under TOT Bundle - 1",476600,580700,19.093753488667,84.679923295167,18.429348795,84.059165184833
657,D,Phase 1,Cycle 2,N_04008_05001_AP,N/04008/05001/AP,,Four Laning of Kadapa (167.750) to Kurnool (356.502) of NH-40 (Old NH-18),167750,356500,14.508550955667,78.7921585735,15.761614131,78.020171880167
658,D,Phase 1,Cycle 2,N_02004_14001_AP,N/02004/14001/AP,,6 L of Narasannapeta - Ranastalam,580671,629951,18.429082585,84.058831438833,18.219168740667,83.702699638667
659,D,Phase 1,Cycle 2,N_02004_17001_AP,N/02004/17001/AP,,O&M of Anandapuram - Visakhapatnam - Anakapalle,682980,741250,17.8950278805,83.378101598667,17.689012391667,83.0304222795
660,D,Phase 1,Cycle 2,N_02004_18003_AP,N/02004/18003/AP,,Ankapalli - Annavaram (Tuni) from km. 741.255 to km. 830.525 under TOT Bundle - 1,741255,830520,17.682705447333,83.0276332485,17.269776728833,82.400109763167
661,D,Phase 1,Cycle 2,N_2004_21002_AP,N/2004/21002/AP,N_02004_21002_AP,"Siddhantham - Gundugolanu from km. 950.542 to km. 1022.494
 under TOT Bundle - 1",950542,1022485,16.685541377333,81.8075128135,16.786625115333,81.226642583167
662,D,Phase 1,Cycle 1,N_09052_01004_AP,N/09052/01004/AP,N_09052_01001_AP,Rehabilitation & Upgradation of existing NH-565 from Km 425+400 to Km 509+400 (Penchalakona to Yerpedu Section) to two lane with paved shoulders in the State of Andhra Pradesh under NHDP-IV EPC basis,425400,509300,14.342296569333,79.443657869167,13.707315024167,79.596618008667
663,D,Phase 1,Cycle 2,N_02004_24001_AP,N/02004/24001/AP,,Six laning of Vijayawada bypass from Chinna Avutupalli Gollapudi of NH-16 (Pkg-III),1200,30000,16.555318276333,80.819105919333,16.548547156833,80.565818970667
664,D,Phase 1,Cycle 2,N_09053_01002_AP,N/09053/01002/AP,,4 of Vijayawada to Machilipatnam from Km. 0.000 to Km. 63.800 of Old NH-09 (New NH-65),0,64610,16.497780881333,80.654181621833,16.189911135,81.122961876833
665,D,Phase 1,Cycle 2,N_09095_01009_AP,N/09095/01009/AP,," Short-Term Maintenance contract (One year) and Routine Maintenance Including Incident Management of Chunchuluru to Nellore Section from km 652.200 to 738.520(Designed length 86.320 km) on NH-67
652+200 TO 738+520",652200,738520,14.651377368167,79.2783517335,14.478444342833,79.990333034833
666,D,Phase 1,Cycle 2,N_09051_03002_AP,N/09051/03002/AP,N_09051_03001_AP,Davulapalli to Markapuram section of NH-565,154900,198720,16.140931228167,79.333020639333,15.7955788525,79.257084539167
667,D,Phase 1,Cycle 2,N_02004_28007_AP,N/02004/28007/AP,,"Badvel to chunchuluru section from Km. 628.555 to Km. 652.200 (2L, length 23.645 Km) of NH-67.",1366547,1382830,14.507067274833,79.994954904833,14.396791892833,79.952771413833
668,D,Phase 1,Cycle 2,N_02004_28007_AP,N/02004/28007/AP,N_02004_28008_AP,Operation & Maintenance of Nellore Bypass from Km.1366.547 to Km.1383.713 (Excluding from Km.1379.340 to Km.1380.957 & from Km.1382.690 to Km.1383.713) (14.526 Km) section of NH-16 in the state of Andhra Pradesh,1366547,1382830,14.507067274833,79.994954904833,14.396791892833,79.952771413833
669,D,Phase 1,Cycle 2,N_02004_29002_AP,N/02004/29002/AP,,4 of Tada - Nellore from Km. 52.800 to 163.600 (110.52 km.),54383,165180,13.493183238333,80.098969033,14.394380418,79.943529605833
670,D,Phase 1,Cycle 2,N_04027_06001_AP ,N/04027/06001/AP ,N_04027_06001_AP,Six-Laning of NH-71 from Renigunta (Design Km 0.000 / Existing Km 124.600 of NH-71) to Naidupeta (Design Km 57.046 / Existing Km 183+400 of NH-71) under Bharatmala Pariyojana on Hybrid Annuity Mode,0,57040,13.615835167167,79.507006027167,13.902840662833,79.909294927333
671,D,Phase 1,Cycle 2,N_04027_04001_AP,N/04027/04001/AP,,Chittor (Design Km 0.000- Existing Km 158.000 of NH-4) to Mallavaram (Design Km 61.128- Existing Km 41.800 of NH-140),0,60520,13.197807652667,79.065315976,13.593169866167,79.346622358167
672,D,Phase 1,Cycle 2,N_08006_06001_AP,N/08006/06001/AP,,4 of Kathipudi to start of Kakinada bypass from Km 0.000 to Km 27.500 of NH-214 (New NH-216),0,27550,17.242790945,82.342965305333,17.042193709167,82.250356053
673,D,Phase 1,Cycle 2,N_02004_20003_AP,N/02004/20003/AP,,Diwancheruvu - Siddhantham from km. 901.500 to km. 950.542 under TOT Bundle - 1,901500,950550,17.048314357333,81.851475100167,16.6853428295,81.8072759605
674,D,Phase 1,Cycle 2,N_09051_03002_AP,N/09051/03002/AP,N_09051_01002_AP,Markapuram to Vaggampalli section of NH-565,154900,198720,16.140931228167,79.333020639333,15.7955788525,79.257084539167
675,D,Phase 1,Cycle 2,N_09051_01003_AP,N/09051/01003/AP,,Rehabilitation and upgradation of Vaggampalli to Dornala T-Junction Section of NH-565 from km.294.0 to 361.327 (Two lane with paved shoulder),293266,359486,15.1550453495,79.438828148167,14.691543965833,79.185227992
676,D,Phase 1,Cycle 2,N_02004_28001_AP,N/02004/28001/AP,,Chilakaluripet (1182.802) to Nellore (1366.547) of NH16 in Andhra Pradesh,1182802,1366540,16.027980510833,80.128179879167,14.507283461,79.994871656667
677,D,Phase 1,Cycle 2,N_02004_26002_AP,N/02004/26002/AP,,"Six Laning Of Chilkaluripet Vijaywada Section from km
 355.00 to km 434.15",355000,437988,16.0279431895,80.128059156833,16.500179208333,80.6367706195
678,D,Phase 1,Cycle 2,N_08006_02001_AP,N/08006/02001/AP,,Two laning with Paved Shoulders of Giddalur - Vinukonda Section NH-544D on HAM,0,322793,15.809030801,79.263083722167,16.0170824635,79.703686356667
679,D,Phase 1,Cycle 2,N_02004_27002_AP,N/02004/27002/AP,,Chilakaluripet Bypass project,0,16380,16.045881123833,80.139325605667,16.156327193333,80.2103303765
680,D,Phase 1,Cycle 1,N_02004_29002_AP,N/02004/29002/AP,,4 of Tada - Nellore from Km. 52.800 to 163.600 (110.52 km.),54383,165180,13.493179171667,80.098995129833,14.394231460333,79.943399849833
681,D,Phase 1,Cycle 2,N_04018_05004_AP,N/04018/05004/AP,,Development of six lane Korlam- Kantakpalle section of NH-130CD (Pkg-III),421100,444800,18.162076557333,83.262635939333,17.964440689333,83.202909276667
682,D,Phase 1,Cycle 2,N_04018_05005_AP,N/04018/05005/AP,,Development of Six Lane Kantakapalle – Sabbavaram Section of NH-130CD Road from Km 445.100 to Km 464.662 under Raipur – Visakhapatnam Economic Corridor in the state of Andhra Pradesh under Bharatmala Pariyojana on Hybrid Annuity Mode (Pkg-4),447370,464500,17.947193108333,83.18653457,17.8053854495,83.143507020833
683,D,Phase 1,Cycle 2,N_04018_05003_AP,N/04018/05003/AP,,Development of Six Lane Jakkuva – Korlam Section of NH-130CD Road from km 396.800 to km 421.100 under Raipur – Visakhapatnam Economic Corridor in the state of Andhra Pradesh under Bharatmala Pariyojana on Hybrid Annuity Mode (Pkg 2),396800,421100,18.37701861,83.263701186667,18.162057126,83.262644184333
684,D,Phase 1,Cycle 2,N_02004_19003_AP,N/02004/19003/AP,,"Annavaram - Diwancheruvu (km
 830.525 to km 901.500) under TOT Bundle - 1",830525,901495,17.269736790167,82.400353607333,17.048389582333,81.851742776167
685,D,Phase 1,Cycle 2,N_04010_03001_CG,N/04010/03001/CG,,"Sargaon (91.026) to Bilaspur (126.525) of NH-200 (New 130)
 in Chhattisgarh",91026,126516,21.896336553167,81.9731632135,22.0218691235,82.225081253167
686,D,Phase 1,Cycle 2,N_09081_01001_CG,N/09081/01001/CG,,"Bilaspur-Pathrapalli from km.
 0.00 to km. 53.30",0,53300,21.991159155167,82.067566102,22.2973403725,82.310695279
687,D,Phase 1,Cycle 2,N_04001_19001_CG,N/04001/19001/CG,,Raipur - Aurang from km. 239.00 to km. 281.00,238535,281000,21.198083255833,81.945781887667,21.256046007333,81.573995837167
688,D,Phase 1,Cycle 2,N_04001_18001_CG,N/04001/18001/CG,,Durg Bypass,308600,326600,21.200853261167,81.3223447135,21.151295017667,81.2062636295
689,D,Phase 1,Cycle 2,N_04001_17001_CG,N/04001/17001/CG,,"End of Durg Bypass - MH/CG
 Border from km. 322.40 to km. 405.00",322400,405000,21.151287674167,81.2062594195,21.074527247,80.44765755
690,D,Phase 1,Cycle 2,N_02010_05001_KA,N/02010/05001/KA,,AP/ Karnataka Border - Devanhalli,462174,534830,13.8118298055,77.751342957,13.207645160167,77.668988605667
691,D,Phase 1,Cycle 2,N_02003_04001_KA,N/02003/04001/KA,,Silk Board Junction (Bangalore) to TN Border (Hosur),9500,18700,12.9092810535,77.6275937245,12.841335798167,77.675927143667
692,D,Phase 1,Cycle 2,N_08007_02901_KA,N/08007/02901/KA,N_08007_02001_KA,4 laning of Bijapur-Hungund Section of NH-13 from km 102.00 to km 202.00,225800,323050,16.8024519775,75.734756882167,16.029482156,76.075358150333
693,D,Phase 1,Cycle 2,N_02002_16001_KA,N/02002/16001/KA,,Chitradurga - Davanagere including Chitradurga bypass of NH-48 (Old NH-4),2146838,2219538,14.4328012275,75.918820659667,14.170304414667,76.471894572167
694,D,Phase 1,Cycle 2,N_02002_12001_KA,N/02002/12001/KA,,"Six laning of Belgaum - Dharwad section of NH-4 from km 433.00
 to km 515.00",433000,515000,15.490926983167,74.9697572485,15.958019670667,74.5144500135
695,D,Phase 1,Cycle 2,N_04007_12003_KA,N/04007/12003/KA,,"MH/KNT Border to Sangareddy Section from km. 433.00 to km.
 515.00 of NH-65",352188,497168,17.828809186,76.791165749333,17.589626310833,78.079633633667
696,D,Phase 1,Cycle 2,N_08007_03001_KA,N/08007/03001/KA,,4/6 Laning of Hungund - Hospet from km. 323.00 to km. 420.00 of Old NH-13 (NH-50),323021,421000,16.029469704,76.075359648667,15.237439357,76.359992171667
697,D,Phase 1,Cycle 2,N_04036_04001_KA,N/04036/04001/KA,,Four laning of Hubli-Hospet Section of NH-63 from Km.128.850 to Km.272.571 under NHDP-IVB,128850,272610,15.312462953333,75.096236601,15.326524727833,76.296802165167
698,D,Phase 1,Cycle 2,N_02013_13002_KL,N/02013/13002/KL,N_02013_13003_KL,NH Connectivity to ICTT Vallarpadam,0,17120,10.064431854833,76.3264326115,9.984426499,76.247084274167
699,D,Phase 1,Cycle 2,N_02013_08001_KL,N/02013/08001/KL,,"4 of Walayar to Vadakkanchery from Km 182.250 to Km 240 (Section NS2/BOT/KL-02) of NH
 544",182207,236130,10.852835630667,76.843140087167,10.5952353875,76.483147048667
700,D,Phase 1,Cycle 2,N_02013_11001_KL,N/02013/11001/KL,,"4/6 L Thrissur (km 270) to Angamali (km 316.700) i/c Maintenance of Angamali (km 316.700) to Edapally (km 342)
 Section NS-2/BOT/KL/01",270000,341200,10.514896423667,76.258636572833,10.025906543833,76.308802865833
701,D,Phase 1,Cycle 2,N_04002_20005_KL,N/04002/20005/KL,,Operation and Maintenance of Four laning of Thiruvanthapuram Bypass from Kazhakkoottam to Mukkola section of NH-66 in the State of Kerala on PBMC.,1800,26790,8.550845223167,76.877002796,8.379873155833,77.013472582167
702,D,Phase 1,Cycle 2,N_04002_20002_KL,N/04002/20002/KL,,4L of Kazhakuttam Junction - Technopark Junction from km. 547.080 to km. 549.801,1800,26790,8.550845223167,76.877002796,8.379873155833,77.013472582167
703,D,Phase 1,Cycle 2,N_04022_01002_TN,N/04022/01002/TN,,"6 of Chennai Bypass Phase - II connecting NH-4 and NH-5 and widening of Chennai Phase -I
 connecting NH-45 and NH - 4 (From Km 0/00 to Km.32.600)",0,32700,12.913193369167,80.101399047333,13.151255338,80.211194184333
704,D,Phase 1,Cycle 2,N_08042_01002_TN,N/08042/01002/TN,N_08042_01001_TN,Pollachi to Coimbatore Section from km. 123.55 to km. 150.40 of Dindigul - Bangalore Road,123550,150580,10.696124401833,77.0121154045,10.9274642345,76.981538239167
705,D,Phase 1,Cycle 2,N_06024_03001_TN,N/06024/03001/TN,,"4 of Natham - Thuvarankurichi
 from km. 36.69 to km. 61.115 of NH-785E",36690,61110,10.239300287,78.219028615333,10.3704977405,78.381936742833
706,D,Phase 1,Cycle 2,N_02012_03003_TN,N/02012/03003/TN,,"Madurai to Kanyakumari from Km 000.000 to Km 52.300
 Section of NH 7 under TOT
 Bundle-3 TN-1",0,52300,9.989016675333,78.026651861667,9.584975673,77.942595755667
707,D,Phase 1,Cycle 2,N_02012_03004_TN,N/02012/03004/TN,,"Madurai to Kanyakumari from Km 52.300 to Km 116.500
 Section of NH 7 under TOT Bundle-3 TN-2",52000,116550,9.5875533305,77.942037308167,9.0543446455,77.7961736225
708,D,Phase 1,Cycle 2,N_02012_03005_TN,N/02012/03005/TN,,"Madurai to Kanyakumari from Km 116.500 to Km 180.00
 Section of NH 7 under TOT Bundle-3 TN-3",116500,180000,9.055517429,77.796581502667,8.576007764667,77.679971334833
709,D,Phase 1,Cycle 2,N_02012_03006_TN,N/02012/03006/TN,,"Madurai to Kanyakumari from Km 180.00 to Km 243.470
 Section of NH 7 under TOT
 Bundle-3 TN-4",180000,243360,8.5753027115,77.6796275475,8.082114773833,77.5403823025
710,D,Phase 1,Cycle 2,N_04022_04001_TN,N/04022/04001/TN,,"Four Laning of Ulundupet- Padalur from km. 192.25 to km.
 285.00 of Old NH-45 (Pkg VI-B)",193813,287700,11.713148752,79.331001961833,11.082705682167,78.8237392755
711,D,Phase 1,Cycle 2,N_08049_01001_TN,N/08049/01001/TN,,"Trichirapalli (Km 0.000) to
 Kallagam (Km. 38.700) of NH- 227 in Tamil Nadu",191000,229700,10.898846039167,78.724380268,11.031062759833,79.004765949
712,D,Phase 1,Cycle 2,N_04022_03001_TN,N/04022/03001/TN,,Tindivanam - Ulundurpet from km 121.00 to km 192.25,121000,193900,12.240882155167,79.663775612667,11.712920777833,79.330330494
713,D,Phase 1,Cycle 2,N_02011_07001_TN,N/02011/07001/TN,,Dindigul to Samayanallur section of NH-44,368147,421190,10.395910092,77.960684102167,9.989757510833,78.026321972167
714,D,Phase 1,Cycle 2,N_06024_02001_TN,N/06024/02001/TN,,Four Laning of Chettikulam to Natham section of NH-785,7300,36750,9.9983958425,78.149269162833,10.2394046145,78.2191280835
715,D,Phase 1,Cycle 2,N_06024_01001_TN,N/06024/01001/TN,,4L of Madurai to Chettikulam from km.0.00 to km 7.30 of NH-785,0,7300,9.9367873365,78.135465208,9.997991203833,78.1491283325
716,D,Phase 1,Cycle 2,N_04005_12001_TS,N/04005/12001/TS,,Sangareddy - Nanded (Pkg. II) Ramsanpalle to Mangloor,39980,86790,17.8912930755,78.001350440167,18.230136791333,77.857789261333
717,D,Phase 1,Cycle 2,N_02009_14001_TS,N/02009/14001/TS,,AP/Mah Border-Islam Nagar (AP 6),175000,229600,19.821643995,78.575581987,19.399982114333,78.4469855095
718,D,Phase 1,Cycle 2,N_02009_15001_TS,N/02009/15001/TS,,Islam Nagar-Kadthal (AP 7),229600,282030,19.399999020667,78.446949286667,19.059619795167,78.3546299345
719,D,Phase 1,Cycle 2,N_02009_16001_TS,N/02009/16001/TS,,"Four-laning of Kadtal to Armur from km.278.0 to km.308.0 of
 Old NH-7",282617,313587,19.054485862667,78.352962340667,18.806313625167,78.315060519833
720,D,Phase 1,Cycle 2,N_02009_17001_TS,N/02009/17001/TS,,Armur - Adloor Yellareddy (Nagpur-Hyderabad),313500,373760,18.806482430667,78.315136937167,18.370104940667,78.30029492
721,D,Phase 1,Cycle 2,N_02009_18001_TS,N/02009/18001/TS,,"Km 367.000 (Adloor Yellareddy) to Km 447.000 and Improvement, Operation & Maintenance of Km
 447.000 to Km 464.000 (Gundla Pochanpalli) on Nagpur - Hyderabad section of NH-44 AP-
 2",373763,459520,18.369876533,78.300344037833,17.706787004167,78.476279211833
722,D,Phase 1,Cycle 2,N_02010_02001_TS,N/02010/02001/TS,,Jadcherla-Kothakotta Bypass,80306,136040,16.779387332667,78.136612716833,16.3577379735,77.946111624
723,D,Phase 1,Cycle 2,N_06003_01001_TS,N/06003/01001/TS,,Hyderabad-Yadagiri,278100,313850,17.54387224,78.94782592,17.43111985,78.65304223
724,D,Phase 1,Cycle 2,N_06003_02005_TS,N/06003/02005/TS,"N_06003_02001_TS

N_06003_02005_TS","Yadagiri (km 54.000) to Warangal (km 150.000) of NH-
 163 in Telengana",54000,153050,17.543791031167,78.947621001333,18.0350603925,79.636750024167
725,D,Phase 1,Cycle 2,N_04005_13002_TS,N/04005/13002/TS,,Four laning of Kandi to Ramsanpalle section of NH-161 (Design 0 Km-39.98 Km),0,39980,17.577707592667,78.128214146833,17.891202667833,78.001417640167
726,D,Phase 1,Cycle 2,N_04005_11001_TS,N/04005/11001/TS,,Four laning of Mangaloor to TS/MH Border of NH-161 (Design 86.788Km-135.751Km),86788,135748,18.230150625333,77.857780732833,18.532606907167,77.593461566167
727,D,Phase 1,Cycle 2,N_05011_01001_TS,N/05011/01001/TS,,Four laning of Suryapet to Khammam section of NH-365 BB (Design 0.42Km-59.046 Km),750,58350,17.162819801833,79.558526386,17.234520745667,80.058171908
728,D,Phase 1,Cycle 2,N_08002_04001_TS,N/08002/04001/TS,,Four laning of Mancherial to Repallewada section of NH-363 (Design 0Km -42Km),0,42000,18.852747429833,79.516770208333,19.180258105667,79.428229731
729,D,Phase 1,Cycle 2,N_08002_03002_TS,N/08002/03002/TS,,Four laning of Repallewada to TS/ MH border of NH- 363 (DesignKm 42Km-94.602)),42000,94650,19.1806200635,79.428243972333,19.5732667405,79.345015207333
730,D,Phase 1,Cycle 2,N_09058_01001_TS,N/09058/01001/TS,,Four laning of Kodad to Khammam section of NH-365A under NH(O) (Design Length= 31.80Km),10,31640,16.9853945505,79.992878593167,17.208386163333,80.111604439833
731,D,Phase 1,Cycle 2,N_05034_02002_TS,N/05034/02002/TS,,Kalyan to Nirmal section of NH-61 (From Km.615 –Km 668.6),615000,668600,19.095121483667,77.849274188667,19.0873297755,78.346919697667
732,D,Phase 1,Cycle 2,N_09055_01004_TS,N/09055/01004/TS,,Hyderabad-Dindi section of NH-765 (From Km.23 – Km 108.8),23000,108820,17.166213970833,78.476166958667,16.548331534167,78.686098029667
733,D,Phase 1,Cycle 2,N_09054_01905_TS,N/09054/01905/TS,N_09054_01005_TS,Operation and Maintenance of 2 Lane with Paved shoulder from Km.71.200-Km.121.000 on AP-Telangana border to Rudrampur section of NH-30 (NH-221) on Performance based Maintenance Contracts (PBMC) mode,71200,121800,17.128302369667,80.618531822667,17.507228535667,80.650001981167
734,D,Phase 1,Cycle 2,N_04007_14006_TS,N/04007/14006/TS,,Short term Improvement and Routine Maintenance of 4/6 laning of Hyderabad - Vijayawada section of NH-65 from Km.40.000 to 100.000 in the State of Telangana.,40010,99990,17.284440784167,78.778221348167,17.160003273333,79.303163731167
735,D,Phase 1,Cycle 2,N_04007_14005_TS,N/04007/14005/TS, N_04007_14005_TS,Short term Improvement and Routine Maintenance of 4/6 laning of Hyderabad - Vijayawada section of NH-65 from Km.100.000 to 160.000 in the State of Telangana.,40010,99990,17.284440784167,78.778221348167,17.160003273333,79.303163731167
736,D,Phase 1,Cycle 2,N_04007_14007_AP,N/04007/14007/AP,,Short term Improvement and Routine Maintenance of 4/6 laning of Hyderabad - Vijayawada section of NH-65 from Km.160.000 to 221.500 in the State of Telangana & Andhra Pradesh.,40010,99990,17.284440784167,78.778221348167,17.160003273333,79.303163731167
737,D,Phase 1,Cycle 2,N_08002_06008_TS,N/08002/06008/TS,,Operation and Maintenance of 2/4 Lane with paved shoulders of stretch from (i) Km 154/000 to 187/000 of Mangalwarpet to Mallampalli section,No,72600,187300,17.3481093,79.797412382,18.113321412833
738,D,Phase 1,Cycle 1,N_02004_28007_AP,N/02004/28007/AP,N_02004_28005_AP,Operation & Maintenance of Nellore Bypass from Km.1366.547 to Km.1383.713 (Excluding from Km.1379.340 to Km.1380.957 & from Km.1382.690 to Km.1383.713) (14.526 Km) section of NH-16 in the state of Andhra Pradesh,628555,652265,14.744906007333,79.087821700333,14.651369128333,79.278557966333
739,D,Phase 1,Cycle 1,N_02004_28007_AP,N/02004/28007/AP,,"Badvel to chunculuru section from Km. 628.555 to Km. 652.200 (2L, length 23.645 Km) of NH-67.",628555,652265,14.744906007333,79.087821700333,14.651369128333,79.278557966333
740,D,Phase 1,Cycle 2,N_04007_16001_AP,N/04007/16001/AP,,Nandigama Bypass and Kanchikacherla bypass,227000,269895,16.750023730167,80.29930462,16.523143325167,80.596660458833
741,D,Phase 1,Cycle 2,N_04007_15001_AP,N/04007/15001/AP,,4 of Nandigama - Vijayawada,227000,269895,16.750023730167,80.29930462,16.523143325167,80.596660458833
742,D,Phase 1,Cycle 2,N_02004_23002_AP,N/02004/23002/AP,,6 of Kalaparru to Chinna Avutupalli including 6 lane Hanuman Junction bypass,0,1076480,16.629625082833,80.946243817167,16.553061919667,80.828360158167
743,D,Phase 1,Cycle 2,N_03006_01001_AP,N/03006/01001/AP,,"4 of Gundugolanu Devarapalli Kovvuru from km 15.320 to Km
 85.204 of NH-16",15320,85200,16.778796772833,81.221941716,17.026600785167,81.717608629
744,D,Phase 1,Cycle 1,N_02010_04007_AP,N/02010/04007/AP, N_02010_04006_AP, N_02010_04005_AP,Link,No,210400,462160,15.810180483167,78.030947529833
745,D,Phase 1,Cycle 2,N_02004_23001_AP,N/02004/23001/AP,,6L of Gundugolanu (Design km 1023.280) to Kalaparru (Design km 1050.680) of NH-5 (New NH-16),1023496,1050880,16.778825332,81.222042106833,16.675371451,81.0211014285
746,D,Phase 1,Cycle 2,N_02004_15001_AP,N/02004/15001/AP,,Ranasthalam (Km.634.000) to Anandapuram (Km.681.000) of NH-16 in the State of Andhra Pradesh,634000,681000,18.185068693833,83.679893310167,17.900355788333,83.3935630035
747,D,Phase 1,Cycle 2,N_03006_02001_AP,N/03006/02001/AP,,Six laning of Anandapuram-Pendurthi-Anakapalli Section of NH-16 on HAM,681000,731780,17.900416067167,83.3937561785,17.680612704333,83.026632726
748,D,Phase 1,Cycle 2,N_07083_01001_AP,N/07083/01001/AP,,4L Road from existing East break water upto Convent Junction from Phase 1 of the project start from Km. 0.312 [End of Vishakhapatnam Port Trust (VPT)] to Km. 3.800 [VCTPL Exit Gate],312,3792,17.7114175265,83.293519857167,17.6946084865,83.296002939833
749,D,Phase 1,Cycle 1,N_09051_03002_AP,N/09051/03002/AP,N_09051_01002_AP,Markapuram to Vaggampalli section of NH-565,154900,198470,16.1378082195,79.334057528833,15.794834490167,79.257435555833
750,D,Phase 1,Cycle 1,N_09051_03002_AP,N/09051/03002/AP,N_09051_03001_AP,Davulapalli to Markapuram section of NH-565,154900,198470,16.1378082195,79.334057528833,15.794834490167,79.257435555833
751,D,Phase 1,Cycle 1,N_02004_26002_AP,N/02004/26002/AP,N_02004_26001_AP,"Six Laning Of Chilkaluripet Vijaywada Section from km
 355.00 to km 434.15",355000,437900,16.027879297,80.128013083833,16.5004042405,80.636337092833
752,D,Phase 1,Cycle 1,N_02004_24001_AP,N/02004/24001/AP,,Six laning of Vijayawada bypass from Chinna Avutupalli Gollapudi of NH-16 (Pkg-III),610,29960,16.553537807,80.824432933667,16.548775624333,80.566008636833
753,D,Phase 1,Cycle 1,N_03006_01001_AP,N/03006/01001/AP,,"4 of Gundugolanu Devarapalli Kovvuru from km 15.320 to Km
 85.204 of NH-16",19000,85200,16.806780679667,81.235586578833,17.026449412167,81.717239936833
754,D,Phase 1,Cycle 1,N_02004_23001_AP,N/02004/23001/AP,,Six-laning of existing 4-lane road from Gundugolanu to Kalaparru Section of NH-16 on EPC mode (Pkg-I),1023496,1050876,16.778902718333,81.2221398615,16.675342641667,81.021152951
755,D,Phase 1,Cycle 1,N_03006_02001_AP,N/03006/02001/AP,,Six laning of Anandapuram-Pendurthi-Anakapalli Section of NH-16 on HAM,681000,731780,17.900462583,83.393962594,17.6811124355,83.026876844667
756,D,Phase 1,Cycle 1,N_02004_17001_AP,N/02004/17001/AP,N_02004_32001_AP,O&M of Anandapuram - Visakhapatnam - Anakapalle,682980,741250,17.895476723,83.378127872,17.688588078333,83.027961433667
757,D,Phase 1,Cycle 1,N_02004_15001_AP,N/02004/15001/AP,,Ranasthalam (Km.634.000) to Anandapuram (Km.681.000) of NH-16 in the State of Andhra Pradesh,634000,681000,18.185101295833,83.679899429,17.900599692333,83.394330379333
758,D,Phase 1,Cycle 1,N_02004_14001_AP,N/02004/14001/AP,,6 L of Narasannapeta - Ranastalam,580700,634000,18.4290566325,84.058726948167,18.1886796575,83.681996353167
759,D,Phase 1,Cycle 1,N_02004_28001_AP,N/02004/28001/AP,,Chilakaluripet (1182.802) to Nellore (1366.547) of NH16 in Andhra Pradesh,1182802,1365100,16.028028000667,80.128223451833,14.5178429725,79.9881655085
760,D,Phase 1,Cycle 1,N_04027_03004_AP,N/04027/03004/AP,N_04027_03001_AP,Nalagampalli to Allkuppam (AP/KA Border) from Km. 172. 000 to Km 219.687,370630,418310,13.1940120585,78.550069844,13.203842406,78.9463972535
761,D,Phase 1,Cycle 1,N_02004_19003_AP,N/02004/19003/AP,,"Annavaram - Diwancheruvu (km
 830.525 to km 901.500) under TOT Bundle - 1",830525,901495,17.269782665667,82.399885139833,17.048269846,81.851411103833
762,D,Phase 1,Cycle 1,N_02004_20003_AP,N/02004/20003/AP,,Diwancheruvu - Siddhantham from km. 901.500 to km. 950.542 under TOT Bundle - 1,901500,950540,17.048285259667,81.851379089833,16.685426518333,81.8073620645
763,D,Phase 1,Cycle 1,N_02004_18003_AP,N/02004/18003/AP,,Ankapalli - Annavaram (Tuni) from km. 741.255 to km. 830.525 under TOT Bundle - 1,741255,830550,17.683068423167,83.027813903833,17.269850680167,82.399509928333
764,D,Phase 1,Cycle 1,N_02004_13002_AP,N/02004/13002/AP,N_02004_13001_AP,"4 of Ichapuram to Narasannapeta from Km. 470.415 to Km.
 581.700 (Capacity Augmentation) of NH-16 (Old NH-5)",476600,580700,19.093765632167,84.679923465,18.429199795667,84.058976442833
765,D,Phase 1,Cycle 1,N_02004_13002_AP,N/02004/13002/AP,,Icchapuram - Narsannapeta (km 484.000 to km 580.700) under TOT Bundle - 1,476600,580700,19.093765632167,84.679923465,18.429199795667,84.058976442833
766,D,Phase 1,Cycle 1,N_09054_01002_AP,N/09054/01002/AP,,Rehabilitation and Upgradation of NH-221 from Km 0.00 to Km. 32.735 Ibrahimpatnam - Chandragudem to two lanes with paved shoulder,32735,70185,16.824721456333,80.627335951167,17.1274714425,80.617753313
767,D,Phase 1,Cycle 1,N_09054_01002_AP,N/09054/01002/AP,,Rehabilitation and Upgradation of NH-221 from Chandragudem - AP/TN Border to two lanes with paved shoulder,32735,70185,16.824721456333,80.627335951167,17.1274714425,80.617753313
768,D,Phase 1,Cycle 1,N_02012_03003_TN,N/02012/03003/TN,,"Madurai to Kanyakumari from Km 000.000 to Km 52.300
 Section of NH 7 under TOT
 Bundle-3",0,52300,9.988981740167,78.026644955167,9.584769322,77.942622919167
769,D,Phase 1,Cycle 1,N_02012_03005_TN,N/02012/03005/TN,,"Madurai to Kanyakumari from Km 116.500 to Km 180.00
 Section of NH 7 under TOT Bundle-3",116500,180000,9.055558683167,77.796563593,8.5753969925,77.679685405167
770,D,Phase 1,Cycle 1,N_02012_03006_TN,N/02012/03006/TN,,"Madurai to Kanyakumari from Km 180.00 to Km 243.470
 Section of NH 7 under TOT
 Bundle-3",180000,243360,8.575307250833,77.679625398167,8.082226785,77.540415027833
771,D,Phase 1,Cycle 1,N_02013_04001_TN,N/02013/04001/TN,,"Chengapalli (km 102.035) to Neelambur (Km144.680) and Madukkarai (Km 170.880) to
 Walayar (K183.010) (Package No. NS-2/BOT/TN-08)",102035,183010,11.198976105,77.4096831725,10.8527867945,76.843108108833
772,D,Phase 1,Cycle 1,N_04022_02006_TN,N/04022/02006/TN,N_04022_02001_TN,Four Laning of Tambaram - Tindivaram section of Old NH 45 from Km 28.000 to Km 121.000,28000,121000,12.911692412667,80.101403968667,12.241062475667,79.663917497
773,D,Phase 1,Cycle 1,N_04022_03001_TN,N/04022/03001/TN,,Tindivanam - Ulundurpet from km 121.00 to km 192.25,121000,193900,12.240872626833,79.663788897,11.713097796,79.3308572725
774,D,Phase 1,Cycle 1,N_04022_06001_TN,N/04022/06001/TN,N_04022_06002_TN,"O&M of 4 Trichy Bypass from Tovarankurichi - Madurai ( km.
 0.00 to km. 124.840) of Old NH- 45B",317,124840,10.785091898667,78.691349637167,9.9264230765,78.169381481667
775,D,Phase 1,Cycle 1,N_06024_03001_TN,N/06024/03001/TN,,"4 of Natham - Thuvarankurichi
 from km. 36.69 to km. 61.115 of NH-785E",36690,61110,10.239281515333,78.219009523833,10.3705195525,78.381980803667
776,D,Phase 1,Cycle 1,N_08042_01002_TN,N/08042/01002/TN,Old: N_08042_01001_TN,   New: N_08042_01002_TN,No,,,,,
777,D,Phase 1,Cycle 1,N_08042_03001_TN,N/08042/03001/TN,,"Oddanchatram Bypass from Km
 23.100 to Km 33.200 of NH-209 in Tamil Nadu",23200,33200,10.479324152,77.776994349167,10.472511871,77.713038612167
778,D,Phase 1,Cycle 1,N_08049_01001_TN,N/08049/01001/TN,,"Trichirapalli (TRICHY ) (Km 0.000) to
 Kallagam (Km. 38.700) of NH- 227 in Tamil Nadu",0,38720,10.89881033,78.724733673667,11.031246594,79.004986595167
779,D,Phase 1,Cycle 1,N_02009_14001_TS,N/02009/14001/TS,,AP/Mah Border-Islam Nagar (AP 6),175000,229600,19.8216120625,78.575585390167,19.400016525833,78.446985912333
780,D,Phase 1,Cycle 1,N_02009_15001_TS,N/02009/15001/TS,,Islam Nagar-Kadthal (AP 7),229600,282630,19.399926464667,78.446966150333,19.054562124667,78.353097329167
781,D,Phase 1,Cycle 1,N_02009_16001_TS,N/02009/16001/TS,,"Four-laning of Kadtal to Armur from km.278.0 to km.308.0 of
 Old NH-7",282617,313517,19.0545200455,78.3530884935,18.806510930667,78.315157851167
782,D,Phase 1,Cycle 1,N_02009_17001_TS,N/02009/17001/TS,,Armur - Adloor Yellareddy (Nagpur-Hyderabad),313507,373777,18.806351908333,78.315082943333,18.3697582195,78.300391032833
783,D,Phase 1,Cycle 1,N_02009_18001_TS,N/02009/18001/TS,,"Km 367.000 (Adloor Yellareddy) to Km 447.000 and Improvement, Operation & Maintenance of Km
 447.000 to Km 464.000 (Gundla Pochanpalli) on Nagpur - Hyderabad section of NH-44 AP-
 2",373762,476312,18.3697638565,78.3003676255,17.563180925333,78.4932910895
784,D,Phase 1,Cycle 1,N_02010_03001_TS,N/02010/03001/TS,,Kothakota bypass–Kurnool,135400,211010,16.362415991333,77.942730984167,15.805843701667,78.034258653167
785,D,Phase 1,Cycle 1,N_06003_02005_TS,N/06003/02005/TS,N_06003_02001_TS,"Yadagiri (km 54.000) to Warangal (km 150.000) of NH-
 163 in Telengana",54000,153100,17.543795273167,78.9476444745,18.035221899833,79.637268665333
786,D,Phase 1,Cycle 1,N_02002_12001_KA,N/02002/12001/KA,,"Six laning of Belgaum - Dharwad section of NH-4 from km 433.00
 to km 515.00",433000,515000,15.490868625333,74.969789278667,15.9585342075,74.5143303145
787,D,Phase 1,Cycle 1,N_02003_04001_KA,N/02003/04001/KA,,Silk Board Junction (Bangalore) to TN Border (Hosur),8765,33125,12.91449617,77.62436633,12.775046256833,77.780175661833
788,D,Phase 1,Cycle 1,N_04007_12003_KA,N/04007/12003/KA,,"MH/KNT Border to Sangareddy Section from km. 433.00 to km.
 515.00 of NH-65",352188,497168,17.828814742167,76.791154638667,17.589384095,78.080085203667
789,D,Phase 1,Cycle 1,N_02013_08001_KL,N/02013/08001/KL,,"4 of Walayar to Vadakkanchery from Km 182.250 to Km 240 (Section NS2/BOT/KL-02) of NH
 544",182207,236130,10.852837356833,76.843129654667,10.5952991755,76.4832052035
790,D,Phase 1,Cycle 1,N_02013_11001_KL,N/02013/11001/KL,,"4/6 L Thrissur (km 270) to Angamali (km 316.700) i/c Maintenance of Angamali (km 316.700) to Edapally (km 342)
 Section NS-2/BOT/KL/01",270000,341350,10.514842317833,76.258620450667,10.0245263995,76.308259521833
791,D,Phase 1,Cycle 1,N_04001_17001_CG,N/04001/17001/CG,,"End of Durg Bypass - MH/CG
 Border from km. 322.40 to km. 405.00",322400,405000,21.1510857435,81.2060075375,21.0744369945,80.447788835333
792,D,Phase 1,Cycle 1,N_04001_18001_CG,N/04001/18001/CG,,Durg Bypass,308600,326600,21.201153697333,81.3238401215,21.152188505333,81.207148815333
793,D,Phase 1,Cycle 1,N_04001_19001_CG,N/04001/19001/CG,,Raipur - Aurang from km. 239.00 to km. 281.00,238535,280995,21.198094968667,81.945706086333,21.255529148667,81.574326388
794,D,Phase 1,Cycle 1,N_04001_21001_CG,N/04001/21001/CG,,4 of Odisha/Chhattisgarh border- Aurang Section from Km.88.000 to Km. 239.000 of NH-6,88000,238400,21.307386690833,83.263374293,21.198108935333,81.945326613167
